gene	disease_1	disease_2	disease_3	disease_4	disease_5	disease_6	disease_7	disease_8	disease_9	disease_10	disease_11	disease_12	disease_13	disease_14	disease_15
1	MIM138670														
10	MIM243400	MIM612182													
100	MIM102700	MIM608958													
1000	MIM114020														
10000	MIM611223														
100008586	MIM300730														
100009675	MIM611107														
10001	MIM602984														
10002	MIM268100	MIM604485	MIM611131												
10003	MIM611636														
100033413	MIM176270	MIM605436													
100034700	MIM104000														
100034701	MIM274000														
100034703	MIM610753														
100034704	MIM610805														
100034705	MIM610840														
100036519	MIM611085														
100037264	MIM300591														
100037265	MIM609822														
100037266	MIM610114														
100038246	MIM612734														
100038247	MIM610883														
100038248	MIM610898														
100038747	MIM117360														
10004	MIM602640														
100048905	MIM609918														
100048906	MIM609919														
100048912	MIM613149														
100049159	MIM611945														
100049160	MIM611515														
100049541	MIM184450														
100049542	MIM246560														
100049543	MIM609261														
100049544	MIM610422														
100049707	MIM612335														
10005	MIM608123														
10006	MIM603050														
10007	MIM601798														
10008	MIM604433	MIM613119													
10009	MIM300329														
1001	MIM114021	MIM225280	MIM601553												
10010	MIM603893														
100101420	MIM611090														
100101423	MIM611094														
100101424	MIM611095														
100101425	MIM611096														
100101426	MIM611097														
100101629	MIM300638														
10011	MIM603819														
100124414	MIM611010														
100124415	MIM611031														
100124696	MIM227050														
100124700	MIM611400														
100125288	MIM611639														
100126095	MIM611302														
100126270	MIM300805														
100126296	MIM614914														
100126314	MIM611619														
100126336	MIM613613														
100126337	MIM300876														
100126355	MIM614735														
100126593	MIM611247														
100126594	MIM611364														
100126595	MIM611376														
100126791	MIM611662														
100126794	MIM612130														
100128327	MIM614137														
100128553	MIM608910														
100128927	MIM613915														
100129842	MIM603984														
100129885	MIM609067														
10013	MIM300272														
100131137	MIM612213														
100131801	MIM614770														
100132074	MIM611457														
100132285	MIM604953														
100132399	MIM300728														
100132406	MIM614000														
100132417	MIM601503														
100133941	MIM126200	MIM600074													
100134444	MIM613236	MIM613239													
100134934	MIM613130														
100137049	MIM606088														
10014	MIM605315														
100144434	MIM611631														
100144748	MIM612105														
10015	MIM608074														
100151644	MIM612096														
100151683	MIM210710	MIM601428													
100151684	MIM601429														
10016	MIM601057														
10017	MIM606910														
10018	MIM603827														
100187710	MIM612231														
100187711	MIM612232														
100187716	MIM611620														
100187717	MIM611897														
100187724	MIM611913														
100187749	MIM105563														
100187761	MIM110350														
100187828	MIM146350														
100187907	MIM190445														
100188011	MIM263000														
100188278	MIM610158														
100188314	MIM610838														
100188317	MIM610908														
100188321	MIM611014														
100188328	MIM611147														
100188340	MIM100300														
100188397	MIM144150														
100188695	MIM609128														
100188748	MIM610926														
100188754	MIM611154														
100188765	MIM300580														
100188767	MIM300652														
100188768	MIM300703														
100188769	MIM300704														
100188771	MIM300710														
100188772	MIM300711														
100188773	MIM300712														
100188774	MIM300719														
100188775	MIM308905														
100188776	MIM425500														
100188782	MIM608036														
100188784	MIM109200														
100188785	MIM145701														
100188787	MIM153600														
100188788	MIM609425														
100188789	MIM609558														
100188790	MIM609570														
100188791	MIM609630														
100188792	MIM609633														
100188793	MIM609656														
100188794	MIM609657														
100188795	MIM609790														
100188796	MIM609800														
100188797	MIM609876														
100188798	MIM609903														
100188800	MIM609954														
100188801	MIM609958														
100188802	MIM610064														
100188803	MIM610065														
100188804	MIM610066														
100188805	MIM185100														
100188806	MIM610239														
100188807	MIM610261														
100188808	MIM610262														
100188809	MIM610321														
100188810	MIM610402														
100188811	MIM610430														
100188812	MIM610438														
100188813	MIM610439														
100188814	MIM610543														
100188815	MIM610649														
100188816	MIM610676														
100188817	MIM610760														
100188818	MIM610761														
100188819	MIM610762														
100188820	MIM610836														
100188821	MIM610839														
100188822	MIM610873														
100188823	MIM610906														
100188825	MIM610948														
100188826	MIM610997														
100188827	MIM611003														
100188828	MIM611004														
100188829	MIM611046														
100188830	MIM611073														
100188831	MIM611091														
100188832	MIM209850														
100188834	MIM611100														
100188835	MIM611109														
100188836	MIM611139														
100188837	MIM611152														
100188838	MIM611155														
100188839	MIM611242														
100188840	MIM611403														
100188841	MIM611469														
100188842	MIM611494														
100188843	MIM611535														
100188844	MIM611536														
100188845	MIM611543														
100188846	MIM611598														
100188847	MIM611621														
100188848	MIM611630														
100188849	MIM611634														
100188850	MIM611644														
100188851	MIM611706														
100188852	MIM611724														
100188853	MIM611738														
100188854	MIM611739														
100188855	MIM611863														
100188856	MIM611867														
100188857	MIM611891														
100188858	MIM611892														
100188859	MIM611907														
100188860	MIM611920														
100188861	MIM611934														
100188862	MIM611936														
100188863	MIM131200														
100188864	MIM235000														
100188865	MIM611944														
100188867	MIM611958														
100188868	MIM611959														
100188869	MIM612001														
100188870	MIM612006														
100188871	MIM612007														
100188872	MIM612008														
100188873	MIM612009														
100188874	MIM612010														
100188875	MIM612011														
100188876	MIM612017														
100188877	MIM612030														
100188880	MIM612089														
100188881	MIM612099														
100188882	MIM612110														
100188883	MIM612113														
100188884	MIM612114														
100188885	MIM612161														
100188886	MIM612162														
100188887	MIM612230														
100188891	MIM194630														
100188952	MIM612241														
10019	MIM133100	MIM187950	MIM254450	MIM605093											
100190785	MIM612238														
100190786	MIM612274														
100190787	MIM612279														
100190788	MIM612288														
100190789	MIM612306														
100190790	MIM612311														
100190791	MIM612312														
100190926	MIM612278														
100190928	MIM612254														
100190929	MIM612255														
100190930	MIM612259														
100190931	MIM612262														
100190932	MIM612263														
100190933	MIM612271														
100190982	MIM612293														
100190983	MIM612313														
100190984	MIM612337														
100190985	MIM612239														
100192306	MIM251255														
100192307	MIM612343														
100192308	MIM612345														
100192311	MIM612083														
100192312	MIM612354														
100196909	MIM171720														
100196910	MIM175850														
100196911	MIM612353														
100196912	MIM612357														
100196913	MIM612361														
100196914	MIM612367														
100196915	MIM612368														
100196916	MIM612369														
100196917	MIM612372														
100196918	MIM612378														
100196919	MIM612388														
1002	MIM603006														
10020	MIM269921	MIM600737	MIM603824	MIM605820											
10021	MIM163800	MIM605206	MIM613123												
100216344	MIM612406														
100216483	MIM601808														
100216484	MIM612417														
100217370	MIM612474														
100217371	MIM612475														
100217387	MIM612421														
10022	MIM606413														
10023	MIM602503														
100233147	MIM612448														
100233157	MIM612459														
100233158	MIM612460														
100233159	MIM612469														
100233226	MIM608557														
100233227	MIM612514														
10024	MIM603872														
100240702	MIM611637														
100240730	MIM609757														
100240731	MIM611102														
100240732	MIM612380														
100240733	MIM612381														
100240736	MIM606528														
100240737	MIM607872														
100240738	MIM608363														
100240739	MIM609334														
100240740	MIM612513														
100240747	MIM146390														
100240748	MIM158170														
10025	MIM604062														
10026	MIM605087														
100270639	MIM612525														
100270641	MIM612554														
100270642	MIM612557														
100270643	MIM612558														
100270644	MIM612559														
100270794	MIM612221														
100270795	MIM612223														
100270796	MIM612226														
100270797	MIM612228														
100270798	MIM612566														
100270799	MIM612567														
100270800	MIM612576														
100270801	MIM612578														
100270802	MIM612579														
100270803	MIM612582														
100271686	MIM300578														
100271687	MIM612571														
100271688	MIM612586														
100271689	MIM612587														
100271690	MIM612589														
100271691	MIM612591														
100271692	MIM612592														
100271693	MIM612593														
100271694	MIM612594														
100271695	MIM612595														
100271696	MIM612596														
100271697	MIM612622														
100271698	MIM612629														
100271718	MIM300756														
100271719	MIM612599														
100271837	MIM612632														
100271838	MIM612639														
100271849	MIM600661														
100271867	MIM612573														
100271868	MIM612574														
100271869	MIM612575														
100271873	MIM604893														
100271921	MIM612626														
100271922	MIM612627														
100271923	MIM612637														
100271924	MIM612642														
100272224	MIM612670														
100272225	MIM612671														
100286836	MIM612401														
100287084	MIM194546														
100287171	MIM613632														
100287932	MIM605034														
100288805	MIM610813														
100294715	MIM612691														
100294716	MIM612717														
100294717	MIM612727														
100294718	MIM612728														
100294719	MIM612729														
1003	MIM601120														
100301522	MIM612005														
100301523	MIM612224														
100301525	MIM612715														
100301526	MIM612737														
100301527	MIM612759														
100301572	MIM261800														
100302058	MIM300660														
100302059	MIM612796														
100302138	MIM614155														
100302172	MIM614488														
100302292	MIM612970														
100302509	MIM300778														
100302510	MIM300779														
100302511	MIM610247														
100302512	MIM611185														
100302513	MIM612789														
100302514	MIM612851														
100302515	MIM612858														
100302516	MIM612862														
100302517	MIM612884														
100302518	MIM612885														
100302519	MIM612886														
100302559	MIM612795														
100302560	MIM612841														
100302561	MIM612853														
100302562	MIM612882														
100302563	MIM612883														
100302591	MIM610808														
100302680	MIM300475														
100302681	MIM608098														
100302682	MIM612881														
100302683	MIM612892														
100302684	MIM612893														
100302685	MIM612894														
100302686	MIM612929														
100302716	MIM135400														
100302718	MIM612957														
100302719	MIM612967														
100302720	MIM612968														
100302721	MIM612976														
100303715	MIM613006														
100303716	MIM613007														
100303717	MIM613008														
100303755	MIM614771														
100306937	MIM613015														
100306938	MIM613016														
100306939	MIM613017														
100306940	MIM613024														
100306978	MIM613026														
100306979	MIM613055														
100307118	MIM605462														
100307119	MIM613058														
100307120	MIM613059														
100307121	MIM613061														
100307122	MIM613062														
100307123	MIM613063														
100310754	MIM300801														
100310755	MIM613064														
100310785	MIM613065														
100310786	MIM613067														
100312950	MIM117210														
100312951	MIM161550														
100312952	MIM176780														
100312954	MIM275000														
100312955	MIM613088														
100313948	MIM613106														
100316847	MIM613033														
100316868	MIM614060														
100322878	MIM613145														
100322879	MIM613162														
100329167	MIM100070														
100329168	MIM606460														
100329169	MIM612590														
100329170	MIM613025														
100359393	MIM613371														
100359399	MIM613392														
100359400	MIM613685														
100359401	MIM608367														
100359402	MIM613364														
100359403	MIM613164														
100359406	MIM255500														
100359407	MIM610320														
10036	MIM601246														
100379198	MIM117100														
100379199	MIM139450														
100379200	MIM300809														
100379201	MIM611390														
100379202	MIM613174														
100379203	MIM613215														
100379215	MIM610141														
100379216	MIM613219														
100379217	MIM613233														
100379218	MIM613238														
100379571	MIM614263														
10038	MIM607725														
100380873	MIM613267														
100380874	MIM613269														
100380875	MIM613271														
100380876	MIM613282														
100381204	MIM609319														
100381205	MIM609320														
100381206	MIM613284														
100381207	MIM613290														
100381210	MIM114200														
100381211	MIM602483														
100381270	MIM613512														
10039	MIM607726														
1004	MIM603007														
10040	MIM604701														
100415893	MIM300815														
100415894	MIM613030														
100415895	MIM613031														
100415896	MIM613207														
100415903	MIM613339														
100415904	MIM613340														
100415941	MIM613355														
100415942	MIM606407														
100415943	MIM609670														
10042	MIM604702														
100422882	MIM614722														
100422910	MIM613405	MIM613418													
10043	MIM604700														
10044	MIM604722														
10045	MIM604721														
10046	MIM300120	MIM300758													
100462676	MIM613328														
100462721	MIM603783														
100462722	MIM610294														
100462723	MIM610295														
100462724	MIM610361														
100462725	MIM613387														
10047	MIM608683														
10048	MIM603854														
10049	MIM603511	MIM611332													
100499165	MIM612108														
100499166	MIM613407														
100499167	MIM613412														
100499168	MIM613460														
100499169	MIM613462														
100499260	MIM300194														
100499532	MIM107320														
1005	MIM605806														
10050	MIM604216														
100502567	MIM613406														
100502568	MIM613440														
100502569	MIM613459														
100505381	MIM613318														
100505389	MIM300679														
100505390	MIM609782														
100505391	MIM612863														
100505392	MIM613457														
100505393	MIM613458														
100505394	MIM613576														
100506627	MIM612321														
100506658	MIM251290	MIM602876	MIM606854												
100506742	MIM608633														
100507044	MIM613995														
100507436	MIM600169														
100507679	MIM613917														
10051	MIM605575														
10052	MIM608655														
100526741	MIM600383														
100526742	MIM613604														
100526743	MIM613618														
100526790	MIM613636														
100526791	MIM613638														
100526823	MIM613637														
100528023	MIM132100														
100528024	MIM194072														
100528025	MIM613498														
100528026	MIM613509														
100528027	MIM613658														
100529099	MIM613681														
100529118	MIM300830														
100529119	MIM613523														
100529141	MIM151625														
100529146	MIM609029														
100529147	MIM613680														
100529148	MIM613689														
100529149	MIM613700														
100529151	MIM191390														
100529221	MIM613544														
100529222	MIM613548														
100529223	MIM613549														
100529224	MIM613606														
100529225	MIM158600														
100529226	MIM613533														
100529227	MIM613547														
100529228	MIM613603														
100529229	MIM613608														
100529230	MIM613530														
100529231	MIM613545														
100529242	MIM612530														
100529243	MIM613564														
10053	MIM607309														
100532738	MIM613735														
100534624	MIM300824														
10054	MIM613295														
10055	MIM613294														
10056	MIM609690														
10057	MIM605251														
10058	MIM111600	MIM605452													
10059	MIM603850	MIM614388													
1006	MIM603008														
10060	MIM212110	MIM239850	MIM601439	MIM608569	MIM614050										
10061	MIM612510														
100616436	MIM614627														
10062	MIM602423														
10063	MIM604813														
100653365	MIM300843														
100653366	MIM613806														
100653367	MIM613857														
100653368	MIM613909														
100653369	MIM613930														
100653370	MIM613969														
100653371	MIM614021														
100653372	MIM300833														
100653373	MIM606242														
100653374	MIM613776														
100653375	MIM613836														
100653376	MIM613916														
100653377	MIM108420														
100653378	MIM278850														
100653379	MIM300845														
100653380	MIM613729														
100653381	MIM613828														
100653382	MIM613884														
100653383	MIM613938														
100653384	MIM613944														
100653385	MIM613792														
100653390	MIM614129														
100653393	MIM613144														
10066	MIM606912														
10067	MIM606913														
10068	MIM604113														
100682260	MIM614187														
100682325	MIM614149														
100682326	MIM614166														
100682395	MIM614210														
100689013	MIM614207														
100689014	MIM614208														
100689211	MIM146450														
100689212	MIM614221														
100689213	MIM137950														
100689214	MIM300856														
100689215	MIM614220														
100689216	MIM614223														
100689490	MIM614227														
100689491	MIM614230														
1007	MIM609974														
10071	MIM604609														
10072	MIM606818														
10073	MIM607902														
100736250	MIM614237														
100736251	MIM614238														
100739996	MIM300858														
10075	MIM300697	MIM300706													
100750238	MIM614280														
100750246	MIM614528														
100750247	MIM614529														
100750328	MIM614252														
100750329	MIM614290														
100750330	MIM133190														
10076	MIM602454														
10077	MIM603853														
10078	MIM603852														
10079	MIM609126														
1008	MIM604555														
10081	MIM608138														
10082	MIM258315	MIM604404													
100820631	MIM252270														
100820632	MIM614294														
100820633	MIM156200														
100820757	MIM614317														
100820758	MIM300864														
100820759	MIM309120														
100820760	MIM614318														
100820761	MIM300861														
100820762	MIM300863														
100820763	MIM614319														
100820764	MIM614322														
100820829	MIM614071														
10083	MIM276900	MIM276904	MIM602092	MIM605242											
10084	MIM300463	MIM309500													
10085	MIM606018														
100852393	MIM614333														
100852394	MIM614341														
100852395	MIM614343														
100852396	MIM614347														
100852397	MIM614340														
100852398	MIM614344														
100852399	MIM614329														
100852400	MIM614339														
100852401	MIM614342														
100852402	MIM614345														
100852403	MIM614346														
100852404	MIM613675														
100859927	MIM614375														
100859928	MIM613444														
10086	MIM604109														
100861438	MIM614409														
100861439	MIM614422														
100861440	MIM614414														
100861504	MIM614635														
100861529	MIM144110														
100861563	MIM614481														
100862681	MIM614494														
100862706	MIM302380														
10087	MIM604677														
100874527	MIM614541														
100874532	MIM606656														
100874533	MIM300869														
100884129	MIM614526														
100884130	MIM614527														
100885773	MIM614588														
100885774	MIM614590														
100885786	MIM608156														
100885787	MIM600257														
100885788	MIM166750														
100885801	MIM614622														
100885802	MIM614623														
100885803	MIM614628														
100886964	MIM614821														
100887743	MIM303110														
100887751	MIM614646														
100887752	MIM614645														
100887753	MIM614644														
100887822	MIM614629														
100887823	MIM614617														
10089	MIM603940														
1009	MIM600023														
10090	MIM610752														
100909384	MIM614671														
100909385	MIM614668														
100909386	MIM614655														
100909387	MIM614676														
100913186	MIM300054														
100917	MIM604547														
100918	MIM605841														
10092	MIM604227														
10093	MIM604226														
10094	MIM604225														
10095	MIM604223														
10096	MIM604222														
10097	MIM604221														
10098	MIM613136														
10099	MIM613134														
100996934	MIM614746														
100996935	MIM614747														
100996949	MIM607411														
101	MIM602267														
1010	MIM600562														
10100	MIM613133														
10101	MIM610779														
10102	MIM604723	MIM610505													
101027378	MIM611456														
10103	MIM613170														
10105	MIM604486														
101055624	MIM614826														
101056702	MIM614836														
101059903	MIM600361														
10106	MIM608711														
101060869	MIM614846														
10107	MIM605701														
10108	MIM176270	MIM603857													
10109	MIM604224														
10110	MIM607589														
10111	MIM604040	MIM613078													
10112	MIM605664														
10113	MIM606395														
10114	MIM604424														
10116	MIM613539														
10117	MIM104500	MIM204650	MIM606585												
10118	MIM300211														
1012	MIM601364														
10120	MIM605144														
10121	MIM605143														
10123	MIM604787														
10124	MIM604786														
10125	MIM603962														
10126	MIM610565														
10127	MIM604191														
10128	MIM220111	MIM607544													
10129	MIM614818														
1013	MIM114019	MIM612580													
10130	MIM611099														
10131	MIM606219														
10133	MIM137760	MIM602432	MIM606657	MIM613435											
10134	MIM300398														
10135	MIM608764														
10137	MIM607179														
10138	MIM607534														
10139	MIM604699														
1014	MIM603118														
10140	MIM605523														
10142	MIM604001	MIM611820													
10143	MIM613588														
10144	MIM613299														
10146	MIM608431														
10147	MIM607993														
10148	MIM605816														
10149	MIM300572														
1015	MIM603017														
10150	MIM607327														
10152	MIM606442														
10153	MIM612828														
10154	MIM604259														
10155	MIM601742														
10156	MIM607943														
10157	MIM238700	MIM268700	MIM605113												
10158	MIM607178														
10159	MIM300423	MIM300556													
1016	MIM603019														
10160	MIM602654														
10161	MIM609239														
10162	MIM611950														
10163	MIM605875														
10165	MIM603471	MIM603859	MIM605814												
10166	MIM238970	MIM603861													
10167	MIM603855														
10169	MIM605054														
1017	MIM116953														
10170	MIM612131														
10171	MIM611405														
10172	MIM606956														
10174	MIM610795														
10175	MIM611287														
10178	MIM300588														
10179	MIM612413														
1018	MIM123828														
10180	MIM606886														
10181	MIM606884														
10184	MIM609718														
10186	MIM606710														
10188	MIM606994														
10189	MIM604171														
1019	MIM123829	MIM609048													
10190	MIM612564														
10194	MIM607842	MIM614427													
10195	MIM601110	MIM608750													
10196	MIM603190														
10197	MIM605129														
10198	MIM605501														
10199	MIM605503														
102	MIM602192														
1020	MIM123831														
10200	MIM605500														
10201	MIM608294														
10203	MIM114190														
10204	MIM605813														
10205	MIM604873														
10206	MIM605661														
10207	MIM603199														
1021	MIM603368														
10210	MIM609507	MIM609923													
10211	MIM606998														
10213	MIM607173														
10214	MIM300325														
10215	MIM606386														
10216	MIM208250	MIM604283													
10217	MIM608592														
10219	MIM604874														
1022	MIM601955														
10220	MIM603936														
10221	MIM609461														
10223	MIM602171														
10224	MIM606697														
10225	MIM211750	MIM605039	MIM606037												
10226	MIM602702														
10227	MIM610977														
10228	MIM603944														
10229	MIM601683														
10231	MIM604876														
10232	MIM601051														
10235	MIM605577														
10236	MIM607201														
10237	MIM610790														
10238	MIM605973														
10239	MIM602416														
1024	MIM603184														
10240	MIM611992														
10241	MIM604587														
10242	MIM605214														
10243	MIM149400	MIM252150	MIM603930												
10244	MIM605962														
10245	MIM300249														
10246	MIM611049														
10247	MIM602487														
10248	MIM606113														
10249	MIM607424														
1025	MIM603251														
10250	MIM605975														
10251	MIM300531														
10252	MIM602465														
10253	MIM602466														
10254	MIM606244														
10256	MIM603272														
10257	MIM605250														
1026	MIM116899														
10260	MIM600382														
10261	MIM606222														
10262	MIM154400	MIM605593													
10265	MIM606195	MIM611174													
10266	MIM605154														
10267	MIM605153														
10268	MIM605155														
10269	MIM275210	MIM606480	MIM608612												
1027	MIM600778	MIM610755													
10270	MIM604692														
10272	MIM605343														
10273	MIM607207														
10274	MIM604358														
10276	MIM606450														
10277	MIM613565														
10278	MIM609906														
10279	MIM607169														
1028	MIM130650	MIM600856	MIM614732												
10280	MIM601978	MIM614373													
10281	MIM604829														
10282	MIM605456														
10284	MIM602949														
10285	MIM603519														
10286	MIM605783														
10287	MIM605071														
10288	MIM604815														
1029	MIM151623	MIM155601	MIM155755	MIM600160	MIM606719										
10291	MIM605595														
10293	MIM605958														
10294	MIM611322														
10295	MIM614901														
10296	MIM606801														
10297	MIM612034														
10298	MIM605451														
10299	MIM613297														
103	MIM127400	MIM146920													
1030	MIM600431														
10300	MIM602703														
10301	MIM605765														
10302	MIM605979														
10305	MIM156232														
10306	MIM116600														
10307	MIM602711														
10308	MIM604752														
10309	MIM607752														
1031	MIM603369														
10311	MIM605298														
10312	MIM259700	MIM604592													
10313	MIM604249														
10314	MIM604155														
10316	MIM604153														
10317	MIM604066														
10318	MIM607714														
10319	MIM604349	MIM614115													
1032	MIM600927														
10320	MIM603023														
10324	MIM607701														
10325	MIM300725														
10326	MIM603889														
10327	MIM103830														
10328	MIM604886														
10329	MIM605862														
1033	MIM123832														
10330	MIM605861														
10331	MIM605863														
10332	MIM605872														
10333	MIM605403														
10335	MIM604673														
10342	MIM602498	MIM604484	MIM612237												
10343	MIM604670														
10344	MIM604697														
10345	MIM603283	MIM604772													
10346	MIM606559														
10347	MIM605414														
10349	MIM612508														
10350	MIM612507														
10351	MIM612505														
10352	MIM604733														
1036	MIM603943														
10360	MIM606456														
10361	MIM608073														
10362	MIM605535														
10363	MIM605534														
10365	MIM602016														
10367	MIM605084														
10368	MIM606403														
10369	MIM602911	MIM614256													
10370	MIM602937	MIM614431	MIM614433												
10371	MIM603961	MIM614897													
10376	MIM602530														
10379	MIM147574														
1038	MIM302650														
10380	MIM604053														
10381	MIM600638	MIM602661	MIM606854	MIM614039											
10382	MIM602662														
10383	MIM602660														
10384	MIM613595														
10385	MIM613591														
10386	MIM603663														
10388	MIM604105														
10389	MIM300208														
1039	MIM117340														
10391	MIM605002														
103910	MIM609211														
10392	MIM605980														
10393	MIM613745														
10394	MIM606814														
10395	MIM604258														
10396	MIM609542														
10397	MIM601455	MIM605262													
10398	MIM609905														
10399	MIM176981														
104	MIM601218														
1040	MIM603548														
10400	MIM602391														
10401	MIM605987														
10402	MIM607156														
10403	MIM607272														
10407	MIM606560														
10408	MIM605374														
10409	MIM605940														
1041	MIM146520	MIM270300	MIM602593												
10410	MIM605579														
10411	MIM606057														
10412	MIM612497														
10413	MIM606608														
10417	MIM605918														
10418	MIM604989														
10419	MIM604045														
10420	MIM604746														
10421	MIM604470														
10422	MIM608129														
10423	MIM605893														
10424	MIM607735														
10425	MIM605615														
10427	MIM607184														
10428	MIM608108														
1043	MIM114280														
10430	MIM613585														
10432	MIM612409														
10434	MIM605599														
10435	MIM606132														
10436	MIM211180	MIM611531													
10437	MIM604664														
10438	MIM606997														
10439	MIM605366														
1044	MIM600746														
10440	MIM605057														
10445	MIM609504														
10446	MIM605492														
10447	MIM608618														
10449	MIM604770														
1045	MIM600297														
10450	MIM602435														
10451	MIM605541														
10452	MIM608061														
10454	MIM602615														
10455	MIM608024														
10456	MIM605998	MIM610738													
10457	MIM604368														
10458	MIM605475														
10459	MIM604094														
1046	MIM300025														
10460	MIM109800	MIM605303													
10461	MIM604705	MIM613862													
10462	MIM605999														
10463	MIM604604														
10464	MIM607532														
10465	MIM606095														
10466	MIM606821	MIM613612													
10468	MIM136470														
10469	MIM605058														
1047	MIM601858														
10471	MIM605660														
10472	MIM608433														
10474	MIM602945														
10477	MIM604151														
10478	MIM606795														
10479	MIM105830	MIM300231	MIM300243												
1048	MIM114890														
10480	MIM609641														
10481	MIM604607														
10482	MIM602647														
10483	MIM224100	MIM610512													
10484	MIM607812	MIM610511													
10488	MIM606443														
10490	MIM603207														
10491	MIM605497	MIM610682													
10493	MIM604631														
10494	MIM602255														
10495	MIM300282														
10497	MIM605836														
10498	MIM603934														
10499	MIM601993														
105	MIM602065														
1050	MIM116897	MIM601626													
10500	MIM609294														
10501	MIM608873														
10505	MIM603706														
10507	MIM601866														
1051	MIM189965														
10512	MIM602645														
10513	MIM605324														
10514	MIM604885														
10516	MIM123700	MIM604580	MIM608895	MIM614434											
10517	MIM611679														
10518	MIM605564	MIM609439	MIM614869												
10519	MIM602293														
1052	MIM116898														
10520	MIM601856														
10521	MIM608469														
10522	MIM602635														
10524	MIM601409														
10525	MIM601746														
10526	MIM605600														
10527	MIM605586														
10528	MIM614153	MIM614154													
10529	MIM605491														
1053	MIM245480	MIM600749													
10533	MIM608760														
10534	MIM606044														
10535	MIM606034	MIM610333													
10536	MIM610342														
10537	MIM606050														
10538	MIM612476														
10539	MIM612754														
1054	MIM138972														
10540	MIM607376														
10542	MIM608521														
10544	MIM600646														
10547	MIM603935														
10549	MIM606506														
1055	MIM115470														
10550	MIM605709														
10551	MIM606358														
10552	MIM604220														
10553	MIM605628														
10554	MIM603099														
10555	MIM603100	MIM608594													
10556	MIM606115														
10557	MIM606116														
10558	MIM162400	MIM605712													
10559	MIM603585	MIM605634													
1056	MIM114840	MIM609812													
10560	MIM249270	MIM603941													
10561	MIM610468														
10562	MIM614061														
10563	MIM605149														
10564	MIM605371	MIM608097													
10565	MIM604141														
10566	MIM604689														
10567	MIM604925														
10568	MIM265100	MIM604217	MIM610441												
10569	MIM605974														
10570	MIM608407														
10572	MIM605567														
10573	MIM604853														
10574	MIM605140														
10575	MIM605142														
10576	MIM605139														
10577	MIM601015	MIM607625													
10578	MIM188855														
10579	MIM605302														
1058	MIM117139														
10580	MIM605264														
10581	MIM605578														
10584	MIM607620														
10585	MIM236670	MIM607423	MIM609308	MIM613155											
10586	MIM604357														
10587	MIM606448														
10588	MIM604197														
10589	MIM602289														
1059	MIM117140														
10590	MIM609202														
10592	MIM605576														
10594	MIM600059	MIM607300													
10595	MIM604034														
10598	MIM608466														
10599	MIM237450	MIM604843													
1060	MIM117141														
10600	MIM604735														
10602	MIM606133														
10603	MIM605300														
10605	MIM605184														
10606	MIM172439														
10607	MIM605915														
10610	MIM610137														
10611	MIM605904														
10612	MIM605493														
10613	MIM611604														
10614	MIM607328														
10616	MIM610924														
10617	MIM606247														
10618	MIM603062														
1062	MIM117143														
10620	MIM612457														
10625	MIM609209														
10626	MIM609505														
10628	MIM606599														
10629	MIM602946														
1063	MIM600236														
10630	MIM608863														
10631	MIM608777														
10633	MIM602220														
10634	MIM602128														
10635	MIM603070														
10636	MIM602513														
10637	MIM603037														
10640	MIM604469														
10641	MIM607072														
10642	MIM608288														
10643	MIM608259														
10644	MIM125853	MIM608289													
10651	MIM608555														
10652	MIM606209														
10653	MIM270420	MIM605124													
10654	MIM607622														
10655	MIM604935														
10656	MIM610421														
10657	MIM602489														
10658	MIM601074														
10659	MIM602538														
1066	MIM114835														
10660	MIM604255														
10661	MIM111150	MIM600599	MIM613566	MIM613673											
10663	MIM605163														
10664	MIM604167														
10666	MIM605397														
10667	MIM611592														
10668	MIM606138														
10669	MIM606137														
10670	MIM612194														
10671	MIM612963														
10672	MIM604406														
10673	MIM603969														
10674	MIM126800														
10675	MIM606775														
10677	MIM613397														
10678	MIM605581														
1068	MIM603187														
10681	MIM604447														
10682	MIM300205	MIM302960													
10683	MIM277300	MIM602768													
10686	MIM248250	MIM603959													
10687	MIM603970														
1069	MIM300006														
10690	MIM606865														
10691	MIM604409														
10692	MIM605224														
10693	MIM610730														
10695	MIM610774														
10699	MIM605236	MIM614595													
107	MIM103072														
1070	MIM602907														
1071	MIM118470	MIM143470													
10713	MIM611594														
10714	MIM611415														
10715	MIM606919														
10716	MIM604616														
10717	MIM607245	MIM614066													
10718	MIM605533														
1072	MIM601442														
10720	MIM603064														
10721	MIM604419														
10723	MIM604879														
10724	MIM604039														
10725	MIM604708														
10726	MIM610325														
10728	MIM607061														
1073	MIM601443	MIM610687													
10730	MIM607472														
10732	MIM604745														
10733	MIM605031														
10734	MIM608489														
10735	MIM300826														
10736	MIM604994														
10737	MIM605971														
10738	MIM605970														
10739	MIM605969														
10740	MIM605972														
10741	MIM602908														
10742	MIM300217														
10743	MIM182290	MIM607642													
10744	MIM604231														
10745	MIM604950														
10746	MIM609487														
10747	MIM605102	MIM613791													
10748	MIM604274														
10749	MIM603060														
1075	MIM170650	MIM245000	MIM245010	MIM602365											
10750	MIM604330														
10752	MIM607416														
10753	MIM606401														
10755	MIM605072														
10758	MIM607043	MIM614070													
10761	MIM300296														
10762	MIM604646														
10763	MIM600915														
10765	MIM605393														
10766	MIM607396														
10767	MIM612450														
10768	MIM607826														
10769	MIM607023														
10771	MIM608668														
10772	MIM605221														
10773	MIM605976														
10774	MIM194380														
10775	MIM606114														
10776	MIM605487														
10777	MIM605488														
10778	MIM604754														
10780	MIM604750														
10781	MIM604751														
10782	MIM605467														
10783	MIM604884														
10785	MIM605924														
10786	MIM232240	MIM611034	MIM612671												
10787	MIM604891														
10788	MIM605401														
10791	MIM607029														
10793	MIM604756														
10794	MIM604755														
10795	MIM604753														
10797	MIM604887														
10798	MIM608496														
10799	MIM606117														
108	MIM103071														
1080	MIM167800	MIM211400	MIM219700	MIM277180	MIM602421										
10800	MIM300201														
10801	MIM162100	MIM604061													
10802	MIM607183														
10803	MIM604738														
10804	MIM129500	MIM220290	MIM304400	MIM604418	MIM612643	MIM612645									
10806	MIM209900	MIM613524	MIM613615												
10808	MIM610703														
1081	MIM118850														
10810	MIM605068														
10811	MIM611255														
10813	MIM300508														
10814	MIM605033														
10815	MIM605032														
10816	MIM613941														
10817	MIM607744														
10818	MIM607743														
1082	MIM118860														
10824	MIM300347														
10825	MIM604617														
1083	MIM300082														
1084	MIM609142														
10840	MIM600249														
10841	MIM229100	MIM606806													
10842	MIM143890	MIM604088													
10846	MIM610652														
10847	MIM136140	MIM611421													
10848	MIM607463														
10849	MIM107325														
10850	MIM604833														
10855	MIM604724														
10856	MIM604788														
10857	MIM300435														
10858	MIM604087														
10859	MIM604811														
10861	MIM610130														
10863	MIM606188														
10864	MIM604995														
10865	MIM611583														
10866	MIM604676														
10867	MIM613137														
10869	MIM614471														
10870	MIM604089														
10871	MIM606786														
10873	MIM604626														
10874	MIM605103														
10875	MIM605351														
10876	MIM611580														
10877	MIM605337														
10878	MIM235400	MIM603075	MIM605336												
10879	MIM611593														
10880	MIM604304														
10881	MIM604303														
10882	MIM611586														
10884	MIM611991														
10885	MIM604737														
10886	MIM607449														
10887	MIM607122														
10888	MIM605569														
10890	MIM612672														
10891	MIM604517														
10892	MIM604860														
10893	MIM604871														
10894	MIM605702														
10895	MIM611591														
10896	MIM604301														
10897	MIM611484														
10898	MIM603052														
10899	MIM604671														
109	MIM600291														
10900	MIM605448														
10901	MIM611596														
10902	MIM602848														
10904	MIM613110														
10905	MIM604345														
10906	MIM613197														
10907	MIM611595														
10908	MIM603197	MIM612020													
10910	MIM604098														
10911	MIM604097														
10912	MIM604949														
10913	MIM129490	MIM224900	MIM604095	MIM612630											
10914	MIM605553														
10915	MIM605409														
10916	MIM300470														
10917	MIM606192														
10919	MIM604599														
10921	MIM606447														
10922	MIM606965														
10923	MIM600503														
10924	MIM610728														
10926	MIM604281														
10927	MIM609936														
10928	MIM605801														
10929	MIM603269														
10930	MIM604797														
10933	MIM607303														
10934	MIM116960														
10935	MIM604769														
10936	MIM606704														
10938	MIM605888														
10939	MIM604581	MIM610246	MIM614487												
10940	MIM602486														
10941	MIM604716														
10942	MIM608159														
10943	MIM300609														
10945	MIM131235														
10946	MIM605596														
10947	MIM610469														
10948	MIM607048														
10949	MIM609409														
10950	MIM605674														
10951	MIM604511														
10952	MIM609214														
10955	MIM607165														
10956	MIM609677														
10957	MIM606714														
10960	MIM609551														
10961	MIM602287														
10962	MIM604684														
10963	MIM605063														
10964	MIM613975														
10965	MIM609972														
10969	MIM614443														
10971	MIM609009														
10972	MIM605406														
10973	MIM614217														
10975	MIM609711														
10978	MIM608757														
10979	MIM607746														
10980	MIM614729														
10981	MIM612906														
10982	MIM605789														
10984	MIM130650	MIM604115													
10985	MIM605614														
10986	MIM137100														
10987	MIM604850														
10988	MIM601870														
10989	MIM600378														
10990	MIM604814														
10991	MIM604437														
10992	MIM605591														
10993	MIM182128														
10994	MIM605770														
10998	MIM603314														
10999	MIM604194	MIM608649													
11000	MIM604193														
11001	MIM603247														
11004	MIM604538														
11005	MIM147050	MIM256500	MIM605010												
11006	MIM604821														
11007	MIM605360														
11009	MIM604136														
1101	MIM602178														
11010	MIM602692														
11011	MIM608439														
11012	MIM604434														
11013	MIM601587														
11014	MIM609024														
11016	MIM606371														
11018	MIM605395														
11019	MIM607031	MIM614462													
1102	MIM603524														
11021	MIM604199														
11022	MIM609501														
11023	MIM604294	MIM614402													
11024	MIM604810														
11025	MIM604820														
11026	MIM604818														
11027	MIM604812														
1103	MIM118490	MIM254210													
11030	MIM601558														
11031	MIM605694														
11033	MIM608114														
11034	MIM609114														
11035	MIM605817														
11036	MIM605358														
11037	MIM605357														
1104	MIM179710														
11040	MIM300295														
11041	MIM605517														
11043	MIM300204														
11044	MIM605198														
11045	MIM611557														
11046	MIM609182														
11047	MIM610650														
1105	MIM602118														
11051	MIM604978														
11052	MIM604979														
11054	MIM606459														
11055	MIM608498														
11056	MIM612500														
11057	MIM612196														
11059	MIM602307														
1106	MIM602119														
11060	MIM602308														
11061	MIM605147														
11063	MIM606698														
11064	MIM605496														
11065	MIM605574														
11067	MIM611309														
11068	MIM607068														
11069	MIM606058														
1107	MIM602120														
11070	MIM607069														
11072	MIM606618														
11073	MIM607760														
11074	MIM609316														
11075	MIM600621														
11076	MIM608773														
11077	MIM604554														
11078	MIM609761	MIM609823													
1108	MIM603277														
11080	MIM611327														
11081	MIM217300	MIM603288													
11082	MIM601521														
11083	MIM604140														
11085	MIM604779														
11086	MIM604778														
1109	MIM600451	MIM614279													
11091	MIM609012														
11093	MIM274150	MIM604134													
11094	MIM613104														
11095	MIM605175														
11096	MIM605007														
11099	MIM603271														
111	MIM600293	MIM606703													
1110	MIM177500														
11100	MIM605800														
11101	MIM607103														
11102	MIM606112														
11103	MIM612817														
11104	MIM606696														
11105	MIM609759														
11107	MIM614161	MIM614170													
11108	MIM605780														
1111	MIM603078														
11112	MIM608475														
11113	MIM605629														
11116	MIM605392														
11117	MIM130660														
11118	MIM613594														
11119	MIM613593														
1112	MIM602628														
11120	MIM613590														
11122	MIM608712														
11123	MIM605860														
11124	MIM604460														
11126	MIM604463														
11127	MIM604683														
11128	MIM607694	MIM614258													
1113	MIM118910														
11130	MIM609177														
11131	MIM604822														
11132	MIM601283	MIM605286													
11135	MIM606084														
11136	MIM220100	MIM604144													
1114	MIM118920														
11140	MIM605065														
11141	MIM300143	MIM300206													
11142	MIM604932														
11143	MIM609880														
11144	MIM602721														
11145	MIM613867														
11146	MIM138000	MIM601749													
11147	MIM604372														
11148	MIM604371														
11149	MIM604577														
11151	MIM605000														
11152	MIM300526														
11154	MIM607243	MIM614067													
11155	MIM212110	MIM601493	MIM605906	MIM609452											
11156	MIM606449														
11157	MIM607286														
11158	MIM605413														
11159	MIM605412														
1116	MIM181500	MIM601525	MIM611960												
11160	MIM611225	MIM611605													
11161	MIM604576														
11162	MIM606261														
11163	MIM609229														
11164	MIM609230														
11165	MIM609228														
11166	MIM604974														
11167	MIM605547														
11168	MIM603620														
11169	MIM608126														
1117	MIM601526														
11170	MIM608295														
11171	MIM605986														
11172	MIM606414														
11173	MIM605009														
11174	MIM605008														
11176	MIM605682														
11177	MIM605680														
11178	MIM133239	MIM606551													
11179	MIM605465														
1118	MIM600031	MIM614122													
11180	MIM606031														
11181	MIM275360	MIM612119													
11182	MIM606813														
11183	MIM604923														
11184	MIM601983														
11185	MIM604854														
11186	MIM211980	MIM605082													
11187	MIM605561														
11189	MIM612678														
1119	MIM118491														
11190	MIM609689														
11191	MIM613531														
11192	MIM604254														
11193	MIM604981														
11194	MIM605464														
11197	MIM605186														
11198	MIM605012														
11199	MIM608008														
112	MIM600294														
1120	MIM602541	MIM612395													
11200	MIM114480	MIM176807	MIM259500	MIM604373	MIM609265										
11201	MIM605252														
11202	MIM605644														
1121	MIM300390	MIM303100													
11211	MIM606147														
11212	MIM604436														
11213	MIM604459	MIM611064													
11214	MIM604686														
11215	MIM604696														
11216	MIM115080	MIM604694													
11217	MIM604582														
11218	MIM606168														
11219	MIM300370														
1122	MIM118825														
11221	MIM608867														
11222	MIM607118	MIM614582													
11226	MIM605148														
11228	MIM608231														
1123	MIM118423	MIM604356													
11230	MIM300840														
11231	MIM174050	MIM608648													
11232	MIM604983	MIM610131													
11234	MIM607521	MIM614074													
11235	MIM603285	MIM609118													
11236	MIM144700	MIM603046													
11237	MIM612489														
11238	MIM300230														
112398	MIM606424														
112399	MIM606426														
1124	MIM602857														
11240	MIM607935														
11243	MIM609176														
11244	MIM604764														
11245	MIM612183														
11247	MIM604637														
112476	MIM128200	MIM614386													
11248	MIM604636														
112483	MIM611463														
11249	MIM604635														
112495	MIM611784														
1125	MIM118840														
11250	MIM604838														
11251	MIM604837														
11252	MIM604960														
11253	MIM604346	MIM614202													
11254	MIM300306	MIM300444													
11255	MIM604525														
11258	MIM607387														
11259	MIM612993														
11260	MIM603180														
11261	MIM606988														
112616	MIM607890														
11262	MIM608602														
11266	MIM604835														
11267	MIM610904														
11269	MIM605812														
11272	MIM605359														
11273	MIM607931														
11274	MIM607057														
112744	MIM606496	MIM613956													
11275	MIM605774														
112752	MIM614068	MIM614099													
112755	MIM601485														
11276	MIM607291														
11277	MIM152700	MIM192315	MIM225750	MIM606609	MIM610448										
11278	MIM607531														
11279	MIM300286														
1128	MIM118510														
11280	MIM604385														
112802	MIM608245														
11281	MIM601583	MIM609062													
112812	MIM614585														
112817	MIM613597	MIM613616													
11282	MIM604561														
11283	MIM611545														
11284	MIM605610	MIM613402													
112849	MIM614811														
11285	MIM130070	MIM604327													
112858	MIM608679														
112869	MIM613374														
1129	MIM118493														
112936	MIM610027														
112939	MIM610672														
112950	MIM607956														
113	MIM600385														
1130	MIM214500	MIM606897													
113026	MIM608795														
11309	MIM604988														
113091	MIM608386														
1131	MIM100100	MIM118494													
11311	MIM610035														
113130	MIM609374														
11314	MIM606790														
113146	MIM608570														
11315	MIM602533	MIM606324													
11316	MIM606942														
113178	MIM613764														
11318	MIM605307														
113189	MIM601776	MIM608429													
1132	MIM118495														
11320	MIM604623														
11321	MIM611479														
11322	MIM226400	MIM605828													
113220	MIM611278														
113235	MIM229050	MIM611672													
11325	MIM613369														
11326	MIM300353														
113263	MIM614283	MIM614400													
113278	MIM211500	MIM211530	MIM613350												
11329	MIM606964														
1133	MIM118496														
11330	MIM167800	MIM601405													
11331	MIM610704														
11332	MIM602587														
11333	MIM607075														
11334	MIM607052														
11335	MIM604477														
11336	MIM608186														
11337	MIM605125														
11338	MIM191318														
11339	MIM606020														
1134	MIM100690	MIM253290	MIM601462	MIM608930											
11340	MIM606019														
11341	MIM603163														
11342	MIM609247														
11343	MIM609699														
11344	MIM607433														
11345	MIM607452														
113451	MIM608353														
11346	MIM608155														
1135	MIM118502	MIM610353													
113510	MIM606769														
113540	MIM607884														
1136	MIM118503	MIM612052													
113612	MIM610670														
113622	MIM610620														
1137	MIM118504	MIM188890	MIM600513												
113746	MIM608356														
1138	MIM118505	MIM612052													
113802	MIM612178														
113835	MIM606957														
113877	MIM608653														
113878	MIM613141														
1139	MIM118511														
114	MIM103070														
1140	MIM100710	MIM601462	MIM608931												
114034	MIM613931														
114086	MIM606129														
114088	MIM606555														
1141	MIM118507	MIM605375													
114112	MIM606235														
114131	MIM605901														
114132	MIM607157														
114134	MIM611036														
1142	MIM118508														
114293	MIM606179														
114294	MIM608440														
1143	MIM118509														
114327	MIM254770	MIM607631	MIM608815												
114335	MIM608823														
114336	MIM608824														
1144	MIM100720	MIM253290	MIM601462	MIM608930											
114475	MIM606187														
114477	MIM605845														
1145	MIM100725	MIM601462	MIM608930	MIM608931											
114548	MIM120100	MIM191900	MIM606416	MIM607115											
114568	MIM606240														
114569	MIM609684														
114571	MIM607579														
1146	MIM100730	MIM253290	MIM265000												
114609	MIM606252	MIM607948	MIM610799	MIM611162	MIM614382										
114610	MIM108600														
114625	MIM111620	MIM111750	MIM609017												
1147	MIM600664	MIM613630													
114757	MIM608759														
114758	MIM400034														
114760	MIM400036														
114761	MIM400037														
114770	MIM608199														
114771	MIM608197														
114780	MIM607894														
114781	MIM611237														
114784	MIM608398														
114787	MIM611239														
114788	MIM608399														
114789	MIM608745														
114790	MIM607172														
114791	MIM608147														
114798	MIM137580	MIM609678	MIM613229												
114799	MIM609674														
114803	MIM612176														
114805	MIM608369														
114814	MIM612875														
114815	MIM606283														
114822	MIM601031														
114836	MIM606446														
114876	MIM606730														
114879	MIM606733														
114880	MIM606734														
114881	MIM606735														
114882	MIM606736														
114883	MIM606737														
114884	MIM606738														
114885	MIM606739														
114890	MIM300360														
114897	MIM610365														
114899	MIM612045														
1149	MIM604440														
114900	MIM614911														
114902	MIM605670	MIM608752													
114904	MIM614910														
114907	MIM606604														
114908	MIM606356														
114971	MIM609538														
114990	MIM608843														
115	MIM603302														
115004	MIM613973														
115019	MIM608481														
115106	MIM608775														
115111	MIM608479														
115123	MIM613333														
1152	MIM123280														
115201	MIM300663														
115207	MIM610521														
115265	MIM607730														
115286	MIM611037														
115290	MIM609094														
1153	MIM602649														
115350	MIM606508														
115352	MIM606510														
115361	MIM612466														
115362	MIM611467														
1154	MIM602441	MIM607948	MIM611162	MIM614383											
115416	MIM614624														
1155	MIM601303														
115548	MIM613438														
115557	MIM610215														
115584	MIM610238														
1156	MIM123270														
115650	MIM240500	MIM606269	MIM613494												
115653	MIM610095														
115677	MIM607496														
115703	MIM614902														
115727	MIM607320														
115752	MIM614183														
115761	MIM609351														
1158	MIM123310														
115817	MIM610410														
115825	MIM610418														
115827	MIM612829														
115861	MIM608791														
1159	MIM123290														
115908	MIM610635	MIM614266													
115950	MIM611371														
116	MIM102980														
1160	MIM123295														
116028	MIM612426														
116039	MIM611297														
116085	MIM220150	MIM607096													
116092	MIM611388														
116093	MIM606423														
1161	MIM216400	MIM609412	MIM614621												
116113	MIM608924														
116115	MIM614387														
116138	MIM611248														
116143	MIM610729														
116150	MIM610463														
116154	MIM608725														
116173	MIM607888														
116179	MIM606776														
116225	MIM611424														
116228	MIM614698														
116255	MIM610268														
116285	MIM614357														
1163	MIM116900														
116337	MIM608422														
116362	MIM608604														
116369	MIM608480														
116372	MIM610450														
116379	MIM606648														
1164	MIM116901														
116442	MIM300271	MIM300774													
116443	MIM606650														
116444	MIM606651														
116447	MIM606387														
116448	MIM606385														
116449	MIM611434														
116461	MIM608756														
1165	MIM213200														
116511	MIM607235														
116512	MIM607231														
116519	MIM144650	MIM145750	MIM606368												
116534	MIM607232														
116535	MIM607233														
116540	MIM611857														
116541	MIM611858														
1166	MIM302500														
116629	MIM606325														
1167	MIM608029														
116832	MIM607547														
116833	MIM105800														
116835	MIM610702														
116840	MIM611425														
116842	MIM611373														
116843	MIM613361														
116844	MIM611289														
116931	MIM611318														
116936	MIM611069														
116937	MIM611070														
116938	MIM611071														
116966	MIM609005														
116969	MIM610625														
116984	MIM606645														
116985	MIM606646														
116986	MIM605476														
116987	MIM608651														
117	MIM102981														
117084	MIM114580														
117143	MIM612763														
117144	MIM606389	MIM612997													
117145	MIM606388														
117153	MIM608001														
117154	MIM300608														
117155	MIM607249	MIM611102	MIM612997												
117156	MIM600807	MIM606531													
117157	MIM608510														
117159	MIM606634														
117166	MIM608021														
117177	MIM608686														
117178	MIM608690														
117187	MIM605804														
117188	MIM605844														
117189	MIM300351														
117190	MIM605934														
117191	MIM603918														
117192	MIM606190														
117193	MIM275220														
117194	MIM607228														
117195	MIM607229														
117196	MIM607230														
117237	MIM300179														
117245	MIM611474														
117247	MIM607550														
117283	MIM606993														
117285	MIM607650														
117286	MIM610645														
117289	MIM609667														
1173	MIM601024														
1174	MIM603531														
1175	MIM602242														
117531	MIM600974	MIM606705	MIM606706												
117532	MIM606707														
117579	MIM606855														
117581	MIM227260	MIM607556													
117584	MIM609735														
1176	MIM601507														
1178	MIM153310														
117854	MIM607564														
1179	MIM603906														
118	MIM102680	MIM145500													
1180	MIM118425	MIM160800	MIM255700												
1181	MIM600570	MIM607628													
1182	MIM600580														
1183	MIM302910														
1184	MIM300008	MIM300009	MIM300554	MIM308990	MIM310468										
118425	MIM609717														
118427	MIM607567														
118429	MIM228600	MIM236490	MIM608041												
118430	MIM610857														
118442	MIM606917														
118460	MIM606490														
118471	MIM609776														
118487	MIM608842														
118490	MIM614773														
1185	MIM602726														
1186	MIM166600	MIM602727	MIM611490												
118672	MIM611310														
1187	MIM602024	MIM613090													
118788	MIM607942														
1188	MIM602023	MIM602522	MIM607364	MIM613090											
118813	MIM610243	MIM610244													
118856	MIM608416														
118924	MIM608866														
118987	MIM614235														
119	MIM102681														
1191	MIM185430														
119180	MIM612748														
1192	MIM602872														
1193	MIM300138														
119391	MIM612314														
1195	MIM601951														
119504	MIM613427														
1196	MIM602989														
119749	MIM614273														
1198	MIM602990														
12	MIM107280														
120	MIM601568														
1200	MIM204500	MIM214200	MIM607998												
120071	MIM609709														
1201	MIM204200	MIM214200	MIM607042												
120103	MIM613760														
120114	MIM612483														
120227	MIM600081	MIM608713													
1203	MIM214200	MIM256731	MIM608102												
120425	MIM609770														
120526	MIM611072														
120534	MIM612295														
1207	MIM602158														
120776	MIM608494														
1208	MIM120105														
120892	MIM607060	MIM609007													
1209	MIM604783														
1211	MIM118960														
1212	MIM118970														
121214	MIM609769														
121227	MIM608870														
121256	MIM611257														
121274	MIM613906														
121278	MIM607478	MIM608516	MIM613003												
1213	MIM118955														
121340	MIM606633	MIM613849													
121391	MIM194300	MIM608248	MIM613981												
121441	MIM600372														
121457	MIM609861														
1215	MIM118938														
121506	MIM610642														
121512	MIM609311	MIM611104													
121549	MIM609155														
121599	MIM612568														
121601	MIM610111														
121642	MIM610602														
121643	MIM609429														
121665	MIM608240														
121775	MIM215400														
1218	MIM600884														
1219	MIM601493														
122	MIM300700														
122042	MIM219050	MIM606655													
122060	MIM610491														
1222	MIM602067														
122509	MIM611320														
122553	MIM610397														
122622	MIM612498														
122665	MIM612485														
122704	MIM611856														
122706	MIM611137														
122769	MIM609193														
122773	MIM611281														
122786	MIM614555														
122876	MIM609652														
122953	MIM608657														
122970	MIM614314														
123	MIM103195														
1230	MIM601159														
123016	MIM209900	MIM608132	MIM613464												
123041	MIM210750	MIM609840													
123099	MIM610862														
123169	MIM610507														
1232	MIM601268														
123228	MIM608659														
123263	MIM611766														
123264	MIM612085														
1233	MIM604836														
1234	MIM601373	MIM609423	MIM609532	MIM610379	MIM612522										
1235	MIM601835														
1236	MIM600242														
123606	MIM600363	MIM608145													
123688	MIM614681														
1237	MIM601834														
123720	MIM612393														
1238	MIM602648														
123872	MIM613190	MIM613193													
123876	MIM614358														
123920	MIM607886														
124	MIM103700														
1240	MIM602351														
124056	MIM611256														
124093	MIM614666	MIM614807													
1241	MIM601531														
124222	MIM614578														
1243	MIM155600														
1244	MIM237500	MIM601107													
124404	MIM611562	MIM614822													
124454	MIM612799														
124460	MIM613281														
124540	MIM607897														
124583	MIM251450	MIM613165													
124590	MIM606943	MIM607696													
124599	MIM610705														
124626	MIM608499														
124641	MIM607896														
124801	MIM611793														
124857	MIM610895														
124872	MIM111730														
124912	MIM612749														
124935	MIM610791														
124961	MIM194480														
124975	MIM612341														
124976	MIM612584														
124995	MIM611825														
124997	MIM610185	MIM614218													
125	MIM103720	MIM103780													
125050	MIM606515														
125111	MIM607425														
125150	MIM614535														
1253	MIM302801														
125336	MIM613072	MIM613079													
1254	MIM302802														
1255	MIM121400														
1257	MIM605244														
125704	MIM614544														
1258	MIM600724	MIM613767													
1259	MIM123825	MIM268000	MIM613756												
125950	MIM609950														
125958	MIM611538														
125972	MIM611414	MIM613875													
125981	MIM613491														
125997	MIM607964														
126	MIM103730	MIM103780	MIM168600												
1260	MIM300338														
126014	MIM606862														
126074	MIM614536														
1261	MIM216900	MIM600053													
126129	MIM608846														
126133	MIM613358														
1262	MIM609472														
126204	MIM609660														
126205	MIM609659														
126206	MIM609658														
126259	MIM614715														
1263	MIM602913														
126306	MIM608743														
126326	MIM601869	MIM608792													
126328	MIM252010	MIM612638													
126364	MIM607518														
126374	MIM614790														
126382	MIM608719														
126393	MIM610695														
1264	MIM600806														
126410	MIM604777	MIM611495													
126433	MIM609099														
1265	MIM602373														
126567	MIM610336														
1266	MIM602374														
126638	MIM613259														
126669	MIM610482														
1267	MIM123830														
1268	MIM114610														
1269	MIM605051														
126961	MIM142780														
127	MIM103740														
1270	MIM118945														
1271	MIM118946														
1272	MIM600016	MIM612540													
127253	MIM611245														
127262	MIM611460														
127343	MIM607410														
127435	MIM608661														
1275	MIM300085														
127534	MIM133200	MIM605425													
127544	MIM610872														
127602	MIM603341														
1277	MIM114000	MIM120150	MIM130000	MIM130060	MIM166200	MIM166210	MIM166220	MIM166710	MIM259420						
127700	MIM608854														
1278	MIM120160	MIM130060	MIM166210	MIM166220	MIM166710	MIM225320	MIM259420								
127833	MIM600104														
1279	MIM120340														
127933	MIM608849														
127943	MIM609251														
128	MIM103710														
1280	MIM108300	MIM120140	MIM132450	MIM150600	MIM151210	MIM156550	MIM183900	MIM184250	MIM200610	MIM215150	MIM271700	MIM604864	MIM608805	MIM609162	MIM609508
1281	MIM120180	MIM130020	MIM130050												
128153	MIM611032														
128178	MIM129490	MIM224900	MIM606603												
1282	MIM120130	MIM175780	MIM607595	MIM611773											
128209	MIM609602														
128240	MIM608862														
128272	MIM612496														
1283	MIM300216														
128308	MIM611859														
128338	MIM613360														
128344	MIM614234														
1284	MIM120090	MIM614483	MIM614519												
128408	MIM609331														
128414	MIM612873														
128486	MIM612029														
128488	MIM609872														
1285	MIM104200	MIM120070	MIM141200	MIM203780											
128553	MIM614118														
1286	MIM120131	MIM141200	MIM203780												
128637	MIM611663														
128674	MIM244200	MIM607123													
1287	MIM301050	MIM303630													
1288	MIM303631	MIM308940													
128859	MIM614110														
128866	MIM605387	MIM610897													
128869	MIM608528														
1289	MIM120215	MIM130000	MIM130010												
1290	MIM120190	MIM130000	MIM130010												
129049	MIM611417														
129080	MIM608926														
1291	MIM120220	MIM158810	MIM254090	MIM602475											
129138	MIM613383														
1292	MIM120240	MIM158810	MIM254090	MIM255600											
129293	MIM614912														
1293	MIM120250	MIM158810	MIM254090												
1294	MIM120120	MIM131705	MIM131750	MIM131850	MIM132000	MIM226600	MIM604129	MIM607523							
129401	MIM608140														
129446	MIM609778														
1295	MIM120251														
129563	MIM267000	MIM614184													
1296	MIM120252	MIM136800	MIM609140												
129607	MIM611787														
129642	MIM611949														
129684	MIM610519														
129685	MIM609514														
1297	MIM120210	MIM614134	MIM614135												
129787	MIM613220														
129790	MIM610242														
1298	MIM120260	MIM600204	MIM603932	MIM614284											
129804	MIM611551														
129807	MIM608527														
129831	MIM608888														
129880	MIM209900	MIM603650													
1299	MIM120270	MIM600969	MIM603932												
13	MIM600338														
130	MIM103735														
1300	MIM120110	MIM156500													
130013	MIM608889														
1301	MIM120280	MIM154780	MIM228520	MIM603932	MIM604841										
130106	MIM610646														
130120	MIM609933														
1302	MIM120290	MIM184840	MIM215150	MIM277610	MIM601868	MIM609706	MIM614524								
130271	MIM612723														
1303	MIM120320														
130367	MIM612827														
130399	MIM608981														
130497	MIM608891														
1305	MIM120350														
130507	MIM613831														
130557	MIM613598	MIM613617													
130574	MIM613359														
130589	MIM608883														
1306	MIM120325														
130617	MIM613474														
1307	MIM120326														
130749	MIM609563														
1308	MIM113811	MIM226650													
130888	MIM609105														
131	MIM600086														
1310	MIM120165														
131034	MIM604208														
131096	MIM608260														
1311	MIM132400	MIM177170	MIM600310												
131118	MIM608977	MIM610198													
131177	MIM608619														
1312	MIM116790	MIM167870	MIM181500												
131375	MIM612750														
1314	MIM601924														
131450	MIM607546														
131474	MIM611077														
1315	MIM600959														
131566	MIM608698														
1316	MIM137215	MIM176807	MIM602053												
131601	MIM608336														
131669	MIM276880	MIM613012													
1317	MIM603085														
1318	MIM603088														
131890	MIM606987														
1319	MIM600624														
131920	MIM614786														
132	MIM102750	MIM614300													
132112	MIM609137														
132158	MIM220120	MIM610516													
132160	MIM608979														
132320	MIM611399														
1325	MIM602784														
132556	MIM603739														
1326	MIM191195	MIM211980													
132612	MIM614130														
132625	MIM614572														
132660	MIM613367														
132671	MIM612814														
1327	MIM123864														
132789	MIM613222														
132851	MIM609879														
132864	MIM610605														
132884	MIM225500	MIM607261													
1329	MIM123866														
132946	MIM612405														
132949	MIM614365														
132954	MIM611676														
133	MIM103275														
133060	MIM607806														
133308	MIM611789														
133396	MIM609510	MIM613955													
133482	MIM613365														
133522	MIM601665	MIM608886													
1337	MIM602072														
133746	MIM604279														
1339	MIM602009														
134	MIM102775														
1340	MIM124089	MIM220110													
134147	MIM613379														
134265	MIM614410														
134288	MIM614909														
134429	MIM607049														
134430	MIM609669	MIM609887													
1345	MIM124090														
134510	MIM609867														
134526	MIM614315														
134549	MIM611179														
1346	MIM123995														
1347	MIM123996														
134701	MIM609891														
1348	MIM123997														
134860	MIM608282														
134864	MIM609333														
1349	MIM300885														
134957	MIM604586														
135	MIM102776														
1350	MIM603774														
1351	MIM123870														
135112	MIM609752														
135114	MIM609998														
135138	MIM608427														
135152	MIM607497														
1352	MIM602125														
135228	MIM608859														
135250	MIM609243														
1353	MIM603648														
135458	MIM609713														
1355	MIM256000	MIM603646													
1356	MIM117700	MIM604290													
135656	MIM613928														
1357	MIM114850														
1358	MIM600688														
135886	MIM612547														
135892	MIM612548														
1359	MIM114851														
135935	MIM610934	MIM611548													
136	MIM600446														
1360	MIM114852														
1361	MIM603101														
1362	MIM603102														
136227	MIM608927														
136259	MIM609393														
1363	MIM114855														
136306	MIM611700														
136319	MIM606484														
1364	MIM602909														
1365	MIM602910														
1366	MIM609131														
136647	MIM234050	MIM609188													
1368	MIM114860														
136853	MIM607639														
1369	MIM212070	MIM603103													
136991	MIM605797														
1370	MIM603104														
137075	MIM609203														
1371	MIM121300	MIM612732													
137196	MIM613040														
1373	MIM237300	MIM265380	MIM608307												
1374	MIM255120	MIM600528													
137492	MIM609927														
1375	MIM601987														
1376	MIM255110	MIM600649	MIM600650	MIM608836	MIM614212										
137682	MIM256000	MIM612392													
137735	MIM609747														
1378	MIM120620	MIM607486	MIM611162												
137814	MIM217095	MIM611770													
137868	MIM608113														
137872	MIM611083														
137886	MIM610686														
1379	MIM605886														
137964	MIM608143														
1380	MIM120650	MIM240500	MIM610927	MIM614699											
138046	MIM614648														
138050	MIM252930	MIM610453													
1381	MIM180230														
138162	MIM614502														
1382	MIM180231														
138307	MIM612902														
138311	MIM614543														
1384	MIM600184														
138429	MIM612865														
138474	MIM607798														
1385	MIM123810	MIM612160													
1386	MIM123811														
1387	MIM180849	MIM600140													
1388	MIM600984														
1389	MIM603476														
1390	MIM123812														
139065	MIM300562														
139067	MIM300666														
139081	MIM300469														
139189	MIM300837														
1392	MIM122560														
139285	MIM300373	MIM300647													
1393	MIM122559														
139341	MIM300871														
1394	MIM122561														
139411	MIM300828														
139422	MIM300761														
1395	MIM602034														
139562	MIM300714														
139596	MIM300656														
139599	MIM300760														
1396	MIM123875														
139604	MIM300762														
1397	MIM601183														
139716	MIM300482														
139728	MIM300680														
139741	MIM300487														
139760	MIM300513														
139793	MIM300739														
1398	MIM164762														
139818	MIM300681														
1399	MIM602007														
14	MIM603488														
140	MIM600445														
1400	MIM602462														
140032	MIM400030	MIM415000													
1401	MIM123260														
140258	MIM608718														
140290	MIM608365														
1403	MIM123100														
1404	MIM115435														
140451	MIM612876														
140452	MIM607346														
140453	MIM608424														
140454	MIM610707														
140456	MIM300626														
140465	MIM609930														
140469	MIM610040														
140545	MIM610241														
140560	MIM606545														
140564	MIM609900														
140578	MIM607247														
1406	MIM120970	MIM268000	MIM602225	MIM613829											
140606	MIM610918														
140609	MIM606848														
140625	MIM608535														
140628	MIM611496														
140685	MIM614639														
140690	MIM607022														
1407	MIM601933														
140730	MIM611601														
140732	MIM613942														
140733	MIM611567														
140735	MIM608942														
140766	MIM607506														
1408	MIM603732														
140802	MIM152430														
140803	MIM602014	MIM607009													
140805	MIM140300														
140807	MIM608246														
140821	MIM180860														
140825	MIM608597														
140838	MIM610763														
140880	MIM609731														
140885	MIM602461														
140886	MIM300407														
140890	MIM609268														
140892	MIM188025														
1409	MIM123580														
140901	MIM609370														
140906	MIM611225														
140907	MIM607152														
140947	MIM609710														
141	MIM603081														
1410	MIM123590	MIM608810	MIM613763	MIM613869											
1411	MIM123610	MIM600881													
1412	MIM600836														
1413	MIM123631	MIM610425	MIM610426												
1414	MIM600929	MIM611544													
1415	MIM123620	MIM601547	MIM604307	MIM607133											
1417	MIM123630	MIM609741													
1418	MIM123660														
1419	MIM123670														
142	MIM173870														
1420	MIM123680	MIM604307													
1421	MIM115700	MIM123690	MIM601286	MIM608983											
142678	MIM611141														
142679	MIM611437														
142680	MIM241530	MIM609826													
142683	MIM609874														
1427	MIM123730														
1428	MIM123740														
142891	MIM611575														
1429	MIM123691														
142910	MIM613921														
142940	MIM610726														
143	MIM607519														
143098	MIM610973														
1431	MIM118950														
143162	MIM613323														
143187	MIM614316														
1432	MIM600289														
1433	MIM601042														
1434	MIM601342														
143425	MIM613528														
1435	MIM120420														
143503	MIM611267														
143570	MIM609788														
1436	MIM164770	MIM221820													
143662	MIM608566														
143686	MIM607768														
143689	MIM610315														
1437	MIM138960														
1438	MIM300770	MIM306250	MIM425000												
1439	MIM138981	MIM614370													
1440	MIM138970														
1441	MIM138971	MIM162830													
144100	MIM612686														
144124	MIM608493														
144165	MIM608500	MIM612437													
144195	MIM611039														
1442	MIM150200														
1443	MIM118820														
144321	MIM610394														
1444	MIM603515														
144453	MIM607337														
144455	MIM612046														
1445	MIM124095														
144501	MIM611161														
144568	MIM610627														
1446	MIM115450														
144699	MIM609081														
1447	MIM115460														
144715	MIM608368														
144717	MIM614239														
1448	MIM601695														
144811	MIM613409														
145173	MIM261540	MIM610308													
1452	MIM600505														
145226	MIM608830	MIM612712													
145258	MIM138890														
145270	MIM613851														
145282	MIM135750	MIM606850													
1453	MIM600864														
1454	MIM600863														
145482	MIM608642														
1455	MIM602214														
145501	MIM612684														
145581	MIM612811														
1456	MIM604253														
145624	MIM176270	MIM600161													
1457	MIM115440														
145741	MIM610343														
145873	MIM277300	MIM605195	MIM608681												
1459	MIM115442														
145946	MIM613948														
145957	MIM610894														
146	MIM104219														
1460	MIM115441														
146057	MIM604432	MIM611695													
146059	MIM224120	MIM607465													
146183	MIM607038	MIM607039													
146198	MIM609451														
1462	MIM118661	MIM143200													
146206	MIM610859														
146223	MIM607887														
146225	MIM607885														
146227	MIM117210	MIM612051													
1463	MIM600826														
146330	MIM609082														
1464	MIM601172														
146433	MIM612081														
146434	MIM614685														
1465	MIM123876														
146547	MIM610560														
1466	MIM601871														
146664	MIM612441														
146722	MIM609807														
146754	MIM603333														
146760	MIM610461														
146771	MIM612756														
1468	MIM606794														
146802	MIM609833														
146845	MIM609804														
146850	MIM611462														
146852	MIM610097														
146862	MIM611220														
146894	MIM610520														
1469	MIM123855														
146909	MIM614570														
146956	MIM610885														
147	MIM104220														
1470	MIM123856														
147040	MIM609848														
1471	MIM105150	MIM604312	MIM611953												
147111	MIM609847														
147138	MIM226400	MIM605829													
147179	MIM609692														
147199	MIM610176														
1472	MIM123857														
1473	MIM123858														
147323	MIM607051														
147372	MIM235510	MIM612753													
147381	MIM600433														
1474	MIM601891														
147409	MIM607892	MIM607903													
147495	MIM605389	MIM607479													
1475	MIM184600	MIM607936													
1476	MIM254800	MIM601145													
147657	MIM613910														
1477	MIM600369														
147700	MIM601334														
147746	MIM611712														
1478	MIM600368														
147841	MIM609394														
1479	MIM600367														
147906	MIM611112														
147912	MIM600963	MIM610896													
147920	MIM610545														
147929	MIM614275														
147945	MIM609645														
147968	MIM608839														
147991	MIM613894														
148	MIM104221														
148022	MIM607601	MIM614850													
148066	MIM612063														
148113	MIM612419														
148170	MIM609171														
148198	MIM603980														
1482	MIM108900	MIM187500	MIM217095	MIM225250	MIM600584	MIM614432	MIM614435								
148229	MIM605866														
148252	MIM607862														
148266	MIM613904														
148281	MIM607718														
1483	MIM115650														
148327	MIM607138														
1484	MIM601202														
1485	MIM300156														
148545	MIM613994														
1486	MIM600873														
1487	MIM602618														
148738	MIM602390	MIM608374													
148753	MIM611727														
148789	MIM610194														
1488	MIM602619														
148867	MIM611149														
1489	MIM600435														
148930	MIM611455														
148979	MIM610378														
1490	MIM121009														
149013	MIM608607														
149018	MIM611042														
149041	MIM609424														
1491	MIM219500	MIM607657													
149233	MIM177900	MIM605606	MIM607562	MIM612261											
1493	MIM123890	MIM140300	MIM601388	MIM609755											
149420	MIM610785														
149428	MIM611275														
149461	MIM248190	MIM610036													
149465	MIM606713	MIM614259													
1495	MIM116805														
1496	MIM114025														
149603	MIM613754														
149628	MIM612677														
149685	MIM611396														
1497	MIM219750	MIM219800	MIM219900	MIM606272											
149708	MIM605161														
149775	MIM603233	MIM610540													
1499	MIM114550	MIM116806	MIM132600	MIM167000											
149998	MIM145750	MIM609252													
15	MIM600950	MIM614163													
150	MIM104210														
1500	MIM601045														
150000	MIM608835														
150084	MIM610638														
150094	MIM605705														
1501	MIM123450	MIM604275													
150159	MIM611527														
150165	MIM611674														
150221	MIM612701														
150274	MIM608142														
150290	MIM611446														
1503	MIM123860														
150353	MIM611336														
150365	MIM608797														
150368	MIM614240														
150372	MIM608740														
150379	MIM611589														
1504	MIM118890														
150465	MIM608291														
150472	MIM611079														
150572	MIM606846														
1506	MIM118888														
150677	MIM607877														
150684	MIM607238														
150709	MIM609803														
150726	MIM609108														
1508	MIM116810														
1509	MIM116840	MIM214200	MIM610127												
150921	MIM609635														
150962	MIM612787														
151	MIM104260														
1510	MIM116890														
151011	MIM611737														
151050	MIM613833														
151056	MIM610179														
1511	MIM116830														
151126	MIM612344														
1512	MIM116820														
151242	MIM613240														
151246	MIM612425														
1513	MIM265800	MIM601105													
151306	MIM610147														
151354	MIM611234														
151393	MIM611872														
1514	MIM116880														
151449	MIM604651														
1515	MIM603308														
151516	MIM611765														
151636	MIM613143														
151648	MIM609168														
151742	MIM611931														
151871	MIM614445														
151887	MIM608298														
151888	MIM607925														
1519	MIM600550														
151987	MIM613822														
152	MIM104250														
1520	MIM116845														
152002	MIM614552														
152006	MIM612488														
152007	MIM607141														
1521	MIM602364														
152137	MIM607453	MIM611051													
152185	MIM613447														
152189	MIM607891														
1522	MIM603169														
152273	MIM614788														
1523	MIM116896														
152330	MIM607280														
1524	MIM601470	MIM607339	MIM609423	MIM613784											
152404	MIM608351														
1525	MIM602621														
152503	MIM608674														
152559	MIM614577														
152586	MIM610310														
1526	MIM120050														
1527	MIM300092														
152789	MIM611195														
1528	MIM250790	MIM613218													
152815	MIM612535														
152816	MIM614829	MIM614832													
152831	MIM611135														
152926	MIM611065														
152992	MIM614309														
153	MIM109630	MIM607276													
153020	MIM614532														
153090	MIM609205														
153201	MIM138500	MIM242600	MIM608331												
153241	MIM613446														
1534	MIM600019														
153443	MIM610479														
1535	MIM233690	MIM608508													
153562	MIM610153	MIM610572													
153571	MIM610522														
153572	MIM606198														
1536	MIM300481	MIM300645	MIM306400												
153642	MIM610011														
1537	MIM123980														
153769	MIM613377														
1538	MIM300768														
1539	MIM604035														
154	MIM109690	MIM600807	MIM601665												
1540	MIM132700	MIM601606	MIM605018	MIM605041											
154064	MIM611047														
154091	MIM610372														
1541	MIM153880														
154141	MIM611732														
154215	MIM609758														
154288	MIM611687	MIM614293													
1543	MIM108330														
1544	MIM124060														
1545	MIM137750	MIM137760	MIM231300	MIM601771	MIM604229										
154664	MIM607807														
154796	MIM300410														
1548	MIM122700	MIM122720	MIM188890	MIM211980											
154807	MIM608838														
154810	MIM614657														
154881	MIM611725	MIM611726													
1549	MIM608054														
155	MIM109691	MIM601665													
155051	MIM609603														
155061	MIM613914														
155066	MIM611019														
1551	MIM605340														
155184	MIM610371														
1553	MIM608055														
155368	MIM612546														
155382	MIM610039														
155465	MIM609482														
1555	MIM123930	MIM614546													
1557	MIM124020	MIM609535													
1558	MIM601129														
1559	MIM122700	MIM601130													
156	MIM109635														
1562	MIM601131														
1565	MIM124030	MIM608902													
157	MIM109636														
1571	MIM124040														
1572	MIM124070														
1573	MIM601258														
157310	MIM612473														
157506	MIM607599														
157570	MIM609353														
157574	MIM608519														
1576	MIM124010														
157638	MIM609483														
157657	MIM268000	MIM614477	MIM614500												
157680	MIM216550	MIM607817													
1577	MIM145500	MIM605325													
157753	MIM613935														
157807	MIM611292														
157848	MIM610772														
1579	MIM601310														
157922	MIM613774														
158	MIM103050	MIM608222													
1580	MIM124075														
158038	MIM609793														
158062	MIM609379														
1581	MIM118455														
158158	MIM611344														
1582	MIM602172														
158219	MIM613574														
1583	MIM118485	MIM613743													
158326	MIM248450	MIM608944	MIM608980	MIM614485											
1584	MIM103900	MIM202010	MIM610613												
158471	MIM610691														
1585	MIM124080	MIM203400	MIM610600												
158584	MIM300654														
158586	MIM300236														
1586	MIM202110	MIM609300													
158798	MIM300462														
1588	MIM107910	MIM139300	MIM613546												
158800	MIM300446														
158809	MIM300467														
158866	MIM300576	MIM300577													
1589	MIM201910	MIM613815													
158983	MIM300507														
159	MIM103060														
1591	MIM126065	MIM143880													
1592	MIM602239														
159296	MIM606727														
1593	MIM213700	MIM606530													
1594	MIM264700	MIM609506													
1595	MIM601637														
159963	MIM612455														
16	MIM601065	MIM613287													
160	MIM601026														
1600	MIM603448														
160065	MIM606861														
1601	MIM601236														
1602	MIM603803														
1603	MIM600243														
160364	MIM612088														
160365	MIM607467														
1604	MIM125240	MIM613793													
160428	MIM613584														
1605	MIM128239	MIM613818													
1606	MIM125855														
160622	MIM612027														
1607	MIM604070														
160728	MIM608044														
160760	MIM609668														
1608	MIM601854														
160851	MIM604071														
160857	MIM613408														
160897	MIM607787														
1609	MIM601207														
161	MIM607242														
1610	MIM124050	MIM181500													
161003	MIM608327														
1611	MIM600954														
161176	MIM610861														
1612	MIM600831														
161247	MIM612028														
161291	MIM611029														
1613	MIM603289														
161357	MIM611128														
161497	MIM603720	MIM606440	MIM611102	MIM612997											
1615	MIM603084														
161582	MIM127700	MIM608706													
1616	MIM603186														
1617	MIM400003	MIM415000													
161725	MIM612024														
161742	MIM609291	MIM611431													
1618	MIM601486														
161882	MIM601950														
162	MIM600157														
1620	MIM602865														
1621	MIM223360	MIM609312													
1622	MIM125950														
162333	MIM613337														
162417	MIM237310	MIM608300													
162514	MIM607066	MIM614594													
162517	MIM609106														
162540	MIM608284														
162681	MIM613258														
1627	MIM126660														
1628	MIM124097														
1629	MIM248600	MIM248610													
162967	MIM606427														
162979	MIM613226														
163	MIM601025														
1630	MIM120470	MIM157600													
163071	MIM603996														
163126	MIM609773														
163175	MIM608303														
1632	MIM600305														
163227	MIM603982														
163255	MIM613903														
1633	MIM125450														
163351	MIM612467														
1634	MIM125255	MIM610048													
163486	MIM613292														
1635	MIM607638														
163590	MIM614513														
1636	MIM104300	MIM106180	MIM267430	MIM612624	MIM614519										
163688	MIM610171														
1637	MIM190685														
163702	MIM607404														
163732	MIM606815														
163782	MIM614612														
163786	MIM609321														
1638	MIM191275														
163882	MIM613439														
1639	MIM105400	MIM168605	MIM601143	MIM607641											
164	MIM603533														
164091	MIM607779														
1641	MIM300067	MIM300121													
164153	MIM611127														
1642	MIM600045														
1643	MIM278740	MIM600811													
1644	MIM107930	MIM608643													
1645	MIM600449														
1646	MIM600450	MIM614279													
164656	MIM206200	MIM609862													
164668	MIM610976														
164684	MIM610981														
1647	MIM126335														
1649	MIM126337	MIM613488													
165	MIM602981														
1650	MIM602202	MIM614507													
1652	MIM602750														
165257	MIM614330														
1653	MIM601257														
1654	MIM300160														
1655	MIM180630														
1656	MIM600326														
165631	MIM612066														
165679	MIM610412														
1657	MIM605671														
165721	MIM611337														
165829	MIM610464														
1659	MIM600396														
165904	MIM609777														
165918	MIM611943	MIM612688													
166	MIM600188														
1660	MIM603115														
166012	MIM610124														
1662	MIM601235														
1663	MIM601150	MIM613398													
166336	MIM608501	MIM613832													
166378	MIM613940														
166379	MIM209900	MIM610683													
1665	MIM603403														
1666	MIM222745														
166614	MIM613166														
166647	MIM612303														
1667	MIM125220														
166752	MIM608946														
166785	MIM251100	MIM607481													
1668	MIM604522														
166815	MIM612973														
166824	MIM612620														
1669	MIM601157														
166929	MIM611574														
167	MIM601193														
1670	MIM600472														
1671	MIM600471														
167153	MIM614121														
1672	MIM602056														
167227	MIM609844														
1673	MIM602215														
1674	MIM125660	MIM181400	MIM212110	MIM601419	MIM602067	MIM604765									
167410	MIM610466														
167465	MIM610159														
1675	MIM134350	MIM613912													
1676	MIM601882														
167691	MIM604537	MIM611408													
1677	MIM601883														
1678	MIM300356	MIM304700	MIM311150												
167826	MIM609323														
167838	MIM611438														
1680	MIM300030														
168002	MIM608966														
1682	MIM300066														
168374	MIM603974														
168451	MIM612534														
168507	MIM609721														
168544	MIM614040														
168620	MIM608606														
168667	MIM608022	MIM608699													
1687	MIM600994	MIM608798													
1689	MIM601412														
169	MIM116950														
1690	MIM601369	MIM603196													
169026	MIM125853	MIM611145													
169044	MIM610026														
169355	MIM612129														
1694	MIM603964														
169522	MIM607604	MIM610356													
1697	MIM600792														
169714	MIM612860														
169792	MIM610192	MIM610199													
169841	MIM603404														
17	MIM102699														
170	MIM106250														
170261	MIM300701														
170302	MIM300004	MIM300215	MIM300382	MIM300419	MIM308350	MIM309510									
170392	MIM609330														
170463	MIM607391														
170474	MIM164210														
170482	MIM606677														
1705	MIM603098														
170506	MIM612767														
170507	MIM607683														
170508	MIM607239														
170530	MIM300551														
170532	MIM608244														
170534	MIM606852														
170545	MIM607454														
170572	MIM610121														
170575	MIM608084														
170589	MIM609651														
170591	MIM610103														
170592	MIM606660														
170593	MIM606661														
170594	MIM606662														
170595	MIM606668														
1706	MIM603678														
170622	MIM612377														
170626	MIM300740														
170679	MIM613525														
170680	MIM613526														
170682	MIM607279														
170685	MIM300527														
170689	MIM607509														
170690	MIM607510														
170691	MIM607511	MIM613195													
170692	MIM607512	MIM608454													
170712	MIM609811														
170815	MIM606641														
170850	MIM606767														
1709	MIM603010														
170954	MIM610990														
171	MIM154400														
171013	MIM606711														
171014	MIM606712														
171017	MIM609951														
171019	MIM607513														
171022	MIM612545														
171023	MIM605039	MIM612990	MIM614286												
171089	MIM606896														
171157	MIM606708														
171169	MIM609932														
1713	MIM604060														
171389	MIM609650														
1714	MIM188400	MIM192430													
171425	MIM609686														
171482	MIM300477														
171483	MIM300478														
171484	MIM300479														
171489	MIM300671														
171511	MIM606770														
171512	MIM606771														
171513	MIM606787														
171514	MIM606788														
171515	MIM606789														
171546	MIM613540														
171558	MIM606817														
171586	MIM612197														
1716	MIM251880	MIM601465													
1717	MIM270400	MIM602858													
1718	MIM602398	MIM606418													
1719	MIM126060	MIM613839													
172	MIM603020														
1723	MIM126064	MIM263750													
1725	MIM600944														
1727	MIM250800	MIM613213													
1728	MIM125860														
1729	MIM124900	MIM602121													
173	MIM104145														
1730	MIM300108	MIM300511													
1731	MIM612897														
1732	MIM142340														
1733	MIM147892														
1734	MIM601413														
1735	MIM601038														
1736	MIM300126	MIM300240	MIM305000												
1737	MIM245348	MIM608770													
1738	MIM238331	MIM248600	MIM256000												
1739	MIM601014														
174	MIM104150														
1740	MIM603583														
1741	MIM300189	MIM300850													
1742	MIM602887														
1743	MIM126063														
1745	MIM600029														
1746	MIM126255														
1747	MIM104510	MIM190320	MIM600525												
1748	MIM601911														
1749	MIM220600	MIM600028													
175	MIM208400	MIM613228													
1750	MIM600030														
1755	MIM601969														
1756	MIM300376	MIM300377	MIM302045	MIM310200											
1757	MIM268900	MIM604455													
1758	MIM241520	MIM600980													
1759	MIM602377														
176	MIM155760	MIM165800	MIM608361	MIM612813											
1760	MIM160900	MIM605377													
1761	MIM602424														
1762	MIM609857														
1763	MIM601810														
1767	MIM603335	MIM608644													
1768	MIM603336														
1769	MIM603337														
177	MIM600214														
1770	MIM603330														
1773	MIM125505	MIM152700													
1774	MIM300081														
1775	MIM602622														
1776	MIM602244	MIM614420													
1777	MIM126350														
1778	MIM158600	MIM600112	MIM614228	MIM614563											
178	MIM232400	MIM610860													
1780	MIM603772														
1781	MIM603331														
1783	MIM611406														
1784	MIM126330														
1785	MIM118200	MIM160150	MIM602378	MIM606482											
1786	MIM126375	MIM614116													
1787	MIM602478														
1788	MIM602769														
1789	MIM242860	MIM602900													
179	MIM300310														
1791	MIM187410														
1793	MIM601403														
1794	MIM603122														
1795	MIM603123														
1796	MIM602919														
1797	MIM605996														
1798	MIM191350	MIM608093	MIM614750												
18	MIM137150	MIM613163													
1800	MIM179780														
1801	MIM603527														
1802	MIM603456														
1803	MIM102720														
1804	MIM126141	MIM612956													
1805	MIM125597														
1806	MIM274270	MIM612779													
1807	MIM222748	MIM613326													
1808	MIM602463														
1809	MIM601168														
181	MIM601665	MIM602311													
1810	MIM601482														
1811	MIM126650	MIM214700													
1812	MIM126449														
1813	MIM126450	MIM159900													
1814	MIM126451	MIM181500	MIM190300												
1815	MIM126452	MIM143465	MIM601696												
1816	MIM126453	MIM143465	MIM606798												
1819	MIM602986														
182	MIM118450	MIM187500	MIM308600	MIM601920											
1820	MIM603265														
1821	MIM300052														
1822	MIM125370	MIM607462													
1823	MIM125643														
1824	MIM125645	MIM610476													
1825	MIM600271	MIM613102													
1826	MIM602523														
1827	MIM602917														
1828	MIM125670	MIM148700													
1829	MIM125671	MIM212110	MIM610193	MIM612877											
183	MIM106150	MIM145500	MIM267430												
1830	MIM169615														
1831	MIM300506														
1832	MIM125647	MIM605676	MIM607450	MIM607655	MIM609638	MIM612908									
1833	MIM601657														
1834	MIM125420	MIM125485	MIM125490	MIM125500	MIM605594										
1836	MIM222600	MIM226900	MIM256050	MIM600972	MIM606718										
1837	MIM601239	MIM604169													
1838	MIM602415														
1839	MIM126150														
1840	MIM602582														
1841	MIM188345														
1842	MIM603479														
1843	MIM600714														
1844	MIM603068														
1845	MIM600183														
1846	MIM602747														
1847	MIM603069														
1848	MIM602748														
1849	MIM602749														
185	MIM106165	MIM145500	MIM267430												
1850	MIM602038														
1852	MIM300134														
1854	MIM601266														
1855	MIM601365														
1856	MIM602151														
1857	MIM601368														
1858	MIM220200														
1859	MIM600855	MIM614104													
186	MIM300034	MIM300852													
1861	MIM128100	MIM605204													
1862	MIM224500														
1864	MIM128101														
1866	MIM602124														
1867	MIM127700														
1869	MIM189971														
187	MIM600052														
1870	MIM600426														
1871	MIM600427														
1874	MIM600659														
1875	MIM600967														
1876	MIM602944														
1877	MIM603022														
1878	MIM129150														
1879	MIM164343														
1880	MIM605741														
1881	MIM302000														
1884	MIM226500														
1888	MIM132850														
1889	MIM145500	MIM600423	MIM613870												
189	MIM259900	MIM604285													
1890	MIM131222	MIM603041													
1891	MIM600696														
1892	MIM602292														
1893	MIM247100	MIM602201													
1894	MIM600586														
1896	MIM300451	MIM305100	MIM313500												
19	MIM143890	MIM205400	MIM600046	MIM604091											
190	MIM300018	MIM300200	MIM300473												
1901	MIM601974														
1902	MIM602282														
1903	MIM601965														
1906	MIM131240														
1907	MIM131241														
1908	MIM131242	MIM209880	MIM613265	MIM613712											
1909	MIM131243	MIM157300													
191	MIM180960	MIM613752													
1910	MIM131244	MIM277580	MIM600155	MIM600501											
1911	MIM602978														
1912	MIM602979														
1913	MIM129900														
1915	MIM130590														
191585	MIM613770														
1917	MIM602959														
192	MIM304050														
192115	MIM157300														
192142	MIM102300														
192143	MIM606256														
192144	MIM606613														
192149	MIM606643														
192644	MIM607017														
192666	MIM607742														
192669	MIM607355														
192670	MIM607356														
192676	MIM608394														
192677	MIM607965														
192679	MIM607966														
192683	MIM613766														
1933	MIM600655														
1936	MIM130592														
1937	MIM130593														
1938	MIM130610														
1939	MIM613709														
1940	MIM130180														
1942	MIM191164														
1943	MIM602756														
1944	MIM601381														
1945	MIM601380														
1946	MIM601535														
1947	MIM300035	MIM304110													
1948	MIM600527														
1949	MIM602297														
1950	MIM131530	MIM611718													
1951	MIM604264														
1952	MIM604265														
1953	MIM604266														
1954	MIM604267														
1955	MIM604268														
1956	MIM131550	MIM211980													
1957	MIM600669														
1958	MIM128990														
195814	MIM608989														
195828	MIM610160														
1959	MIM129010	MIM145900	MIM605253	MIM607678											
196	MIM600253														
1960	MIM602419														
196047	MIM607637														
1961	MIM128992														
1962	MIM607037														
196264	MIM611707														
196294	MIM612323														
196374	MIM611159														
196383	MIM614093														
196385	MIM605884														
1964	MIM300186														
196403	MIM613142														
196475	MIM607045														
1965	MIM603907														
196513	MIM609843														
196527	MIM262890	MIM608663													
196528	MIM609539														
1967	MIM603896	MIM606686													
1968	MIM300161														
196883	MIM600292														
1969	MIM116600	MIM116700	MIM176946	MIM613020											
197	MIM138680														
197131	MIM243800	MIM605981													
197135	MIM614661														
197257	MIM607490														
197258	MIM608675														
1973	MIM602641														
197322	MIM614245	MIM614265													
197342	MIM610886														
1974	MIM601102														
1975	MIM603928														
1977	MIM133440														
1978	MIM602223														
1979	MIM602224														
1981	MIM600495	MIM614251													
1982	MIM602325														
1983	MIM601710														
1984	MIM600187														
199	MIM601833														
1990	MIM130120														
1991	MIM130130	MIM162800	MIM202700												
1992	MIM130135														
199223	MIM611430														
1993	MIM601673														
1994	MIM603466														
1995	MIM603458														
1996	MIM168360														
199675	MIM609565														
199692	MIM612248														
199699	MIM609068														
1997	MIM189973														
199713	MIM231090	MIM609661													
199720	MIM609966														
199731	MIM609744														
199745	MIM612536														
199746	MIM601080														
199786	MIM609967														
199834	MIM612618														
199857	MIM612866														
1999	MIM602191														
2	MIM103950	MIM104300	MIM614036												
20	MIM600047														
2000	MIM300775														
200008	MIM612320														
200030	MIM614001														
200081	MIM608676														
2001	MIM605169														
200186	MIM608972														
2002	MIM311040														
200315	MIM607109														
200316	MIM608993														
200350	MIM611084														
2004	MIM600247														
200424	MIM613555														
2005	MIM600246														
200539	MIM610736														
200558	MIM611035														
200576	MIM121850	MIM609414													
2006	MIM123700	MIM130160	MIM185500	MIM194050											
200734	MIM609292														
200765	MIM612972														
200879	MIM604379	MIM607365													
200894	MIM608922	MIM612291													
2009	MIM602033														
200909	MIM610122														
200931	MIM612084														
200933	MIM609112														
200942	MIM236000	MIM613169													
200958	MIM610360														
201	MIM301201														
2010	MIM300384	MIM310300													
2011	MIM600526														
201161	MIM608139														
201163	MIM114500	MIM135150	MIM144700	MIM173600	MIM607273										
201176	MIM610591														
2012	MIM602333														
201288	MIM600719														
201294	MIM608897	MIM608898													
201299	MIM612896														
2013	MIM602334														
201305	MIM611701														
2014	MIM602335														
201456	MIM609093														
2015	MIM600493														
201516	MIM613419														
201595	MIM608605														
2016	MIM600034														
201625	MIM603340														
201633	MIM612859														
2017	MIM164765														
2018	MIM269160	MIM600035													
2019	MIM131290														
202	MIM601797														
2020	MIM131310	MIM611016													
202018	MIM612758														
2021	MIM600440														
2022	MIM131195	MIM187300													
202243	MIM613781														
2023	MIM172430														
202333	MIM612193														
202500	MIM186975														
202559	MIM610487														
2026	MIM131360														
2027	MIM131370	MIM612932													
2028	MIM138297														
2029	MIM603061														
203	MIM103000	MIM612631													
2030	MIM602193														
203068	MIM191130														
2031	MIM600631														
203100	MIM610700														
203190	MIM608302														
2032	MIM600808														
203228	MIM105550	MIM614260													
203245	MIM610673														
2033	MIM114500	MIM180849	MIM602700	MIM613684											
2034	MIM603349	MIM611783													
203413	MIM300625														
203427	MIM300641														
203447	MIM300791														
2035	MIM130500	MIM611804													
203523	MIM300627														
203547	MIM310440														
203569	MIM300738														
2036	MIM602879	MIM614257													
2037	MIM603237														
2038	MIM177070	MIM612690													
203859	MIM166260	MIM608662	MIM611307	MIM613319											
2039	MIM125305														
204	MIM103020	MIM267500													
2040	MIM133090	MIM185000													
2041	MIM179610														
2042	MIM179611														
2043	MIM602188														
2044	MIM600004														
2045	MIM602190														
2046	MIM176945														
2047	MIM600600														
2048	MIM600997	MIM603688													
204801	MIM609664														
204851	MIM608003														
2049	MIM601839														
205	MIM103030														
2050	MIM600011														
2051	MIM602757														
2052	MIM132810	MIM189800	MIM607748												
2053	MIM132811	MIM143890													
2054	MIM132350														
205428	MIM612200														
2055	MIM214200	MIM600143	MIM607837	MIM610003											
205564	MIM612845														
2056	MIM133170	MIM612623													
2057	MIM133100	MIM133171													
2058	MIM138295														
2059	MIM600206														
2060	MIM600051														
2063	MIM132880														
206338	MIM610046														
206358	MIM606561														
2064	MIM137215	MIM137800	MIM164870	MIM211980											
2065	MIM190151	MIM607598													
2066	MIM600543														
2067	MIM126380	MIM610758													
2068	MIM126340	MIM278730	MIM601675	MIM610756											
2069	MIM602061														
207	MIM114480	MIM114500	MIM164730	MIM167000	MIM176920	MIM181500									
2070	MIM212110	MIM601316	MIM603550	MIM605362											
2071	MIM133510	MIM601675	MIM610651												
207115	MIM601086														
2072	MIM133520	MIM278760	MIM610965												
2073	MIM133530	MIM278780													
2074	MIM133540	MIM211980	MIM214150	MIM278800	MIM600630	MIM609413	MIM613761								
2076	MIM133535														
2077	MIM611888														
2078	MIM165080														
2079	MIM601191														
208	MIM125853	MIM164731	MIM240900												
2081	MIM604033														
2082	MIM131190														
2083	MIM131180														
2086	MIM131170														
2090	MIM133220														
2091	MIM134795														
2096	MIM133250														
2097	MIM133290														
2098	MIM133280														
2099	MIM133430	MIM157300	MIM608446												
21	MIM601615	MIM610921													
210	MIM125270	MIM612740													
2100	MIM601663														
2101	MIM601998														
2103	MIM602167	MIM608565													
2104	MIM602969														
2107	MIM600285														
2108	MIM231680	MIM608053													
2109	MIM130410	MIM231680													
211	MIM125290														
2110	MIM231675	MIM231680													
2112	MIM602134														
2113	MIM164720														
2114	MIM164740														
2115	MIM600541														
2116	MIM609358														
2117	MIM164873														
2118	MIM600711														
2119	MIM601600														
212	MIM300751	MIM300752	MIM301300												
2120	MIM600618	MIM601626													
2121	MIM193530	MIM225500	MIM604831												
2122	MIM165215														
2123	MIM158380														
2124	MIM158381														
2125	MIM601590														
2128	MIM142996														
213	MIM103600	MIM194470													
2130	MIM133450	MIM612219													
2131	MIM133700	MIM215300	MIM608177												
2132	MIM133701	MIM608210													
2133	MIM600209														
2134	MIM601738														
2135	MIM602411														
2137	MIM605744														
2138	MIM113650	MIM166780	MIM601653	MIM602588											
2139	MIM601654														
214	MIM601662														
2140	MIM601655														
2145	MIM601674														
2146	MIM277590	MIM601573	MIM614421												
2147	MIM176930	MIM188050	MIM188055	MIM601367	MIM613679	MIM614390									
2149	MIM187930														
215	MIM300100	MIM300371													
2150	MIM600933														
2151	MIM601919														
2152	MIM134390														
2153	MIM188050	MIM188055	MIM227400	MIM600880	MIM601367	MIM612309	MIM614389								
2155	MIM227500	MIM608446	MIM613878												
2156	MIM134450														
2157	MIM300841														
2158	MIM122700	MIM300746	MIM300807	MIM306900											
2159	MIM227600	MIM613872													
216	MIM100640														
2160	MIM264900	MIM612416													
2161	MIM234000	MIM610618	MIM610619												
2162	MIM134570	MIM188050	MIM608446	MIM613225											
2165	MIM134580	MIM613235													
2166	MIM602935														
2167	MIM600434														
2168	MIM134650														
2169	MIM134640														
217	MIM100650	MIM103780	MIM610251												
2170	MIM134651														
2171	MIM605168														
2172	MIM600422														
2173	MIM602965														
2175	MIM227650	MIM607139													
2176	MIM227645	MIM613899													
2177	MIM227646	MIM613984													
2178	MIM600901	MIM613976													
218	MIM100660														
2180	MIM152425														
2181	MIM602371														
2182	MIM300157	MIM300387													
2184	MIM276700	MIM613871													
2185	MIM601212														
2186	MIM601819														
2187	MIM300514	MIM300515	MIM314390												
2188	MIM603467	MIM613897													
2189	MIM602956	MIM614082													
219	MIM100670														
2191	MIM600403														
2192	MIM135820	MIM608180													
219285	MIM611170														
219287	MIM614659														
2193	MIM602918														
219348	MIM612857														
2194	MIM600212														
2195	MIM600976														
219537	MIM613664														
219539	MIM609725														
219541	MIM612385														
219595	MIM609020														
2196	MIM604269														
219670	MIM611025														
219681	MIM611226														
219699	MIM607870														
2197	MIM134690														
219736	MIM609397	MIM609404													
219743	MIM611017														
219749	MIM194528														
219770	MIM611922														
219771	MIM612786														
219793	MIM612640														
219844	MIM236680	MIM610693													
219899	MIM610451														
2199	MIM135821														
219927	MIM611834														
219931	MIM612163	MIM612267													
219938	MIM609805														
219970	MIM614762														
219972	MIM610390														
219988	MIM614660														
22	MIM300135	MIM301310													
220	MIM600463														
2200	MIM102370	MIM129600	MIM134797	MIM154700	MIM182212	MIM184900	MIM604308	MIM608328	MIM614185						
220001	MIM611115														
220064	MIM607224														
220074	MIM611451	MIM612414													
2201	MIM121050	MIM612570													
220112	MIM608857														
220136	MIM614759	MIM614779													
220164	MIM611402														
2202	MIM126600	MIM601548													
220202	MIM609875														
220213	MIM612022														
220296	MIM604004	MIM611642	MIM613925	MIM613926											
2203	MIM229700	MIM611570													
2204	MIM147045														
2205	MIM147140														
2206	MIM147050	MIM147138													
2207	MIM147139														
2208	MIM151445														
2209	MIM146760														
220963	MIM614242														
220972	MIM613335														
220988	MIM605372														
221	MIM600466														
2210	MIM601502														
221002	MIM614531														
221035	MIM609348														
221037	MIM604503														
221074	MIM608734														
221079	MIM608909														
221120	MIM610603														
221154	MIM610632														
221178	MIM613324														
221184	MIM604206														
2212	MIM146790														
2213	MIM152700	MIM604590	MIM611162												
221357	MIM607605														
221391	MIM609042														
221393	MIM614268														
2214	MIM146740	MIM152700													
221400	MIM611200														
221421	MIM612648	MIM612650													
221443	MIM614393														
221458	MIM613919														
221472	MIM605091														
221491	MIM611419														
2215	MIM610665														
221613	MIM613499														
221656	MIM613081														
221692	MIM608723														
2217	MIM601437														
2218	MIM212110	MIM236670	MIM253800	MIM607440	MIM611588	MIM611615	MIM613152								
221823	MIM611566														
221830	MIM608312														
221833	MIM608306														
221883	MIM607530														
221895	MIM606246														
2219	MIM601252														
221927	MIM614498	MIM614506													
221935	MIM607216														
221938	MIM614581														
221955	MIM614016														
221981	MIM612249														
222	MIM601917														
2220	MIM601624														
222068	MIM612038														
2221	MIM305435														
2222	MIM184420														
222223	MIM614048														
222235	MIM609080														
222236	MIM612334														
2224	MIM134629														
222484	MIM609733														
222537	MIM609407														
222545	MIM613572														
222546	MIM601346	MIM612659													
222662	MIM609427	MIM610265													
222663	MIM614708														
222962	MIM609149														
223	MIM602733														
2230	MIM103260														
223082	MIM612061														
223117	MIM609907														
2232	MIM103270														
2233	MIM121210														
2234	MIM602477														
2235	MIM177000	MIM612386													
2237	MIM600393														
2239	MIM300168	MIM312870													
224	MIM270200	MIM609523													
2241	MIM176942														
2242	MIM190030														
2243	MIM105200	MIM134820	MIM202400												
2244	MIM134830	MIM202400													
2245	MIM300546	MIM305400													
2246	MIM131220														
2247	MIM134920														
2248	MIM164950	MIM610706													
2249	MIM164980														
225	MIM601081														
2250	MIM165190														
2251	MIM134921														
2252	MIM148180														
2253	MIM146110	MIM600483	MIM612702												
2254	MIM600921	MIM612961													
2255	MIM149730	MIM180920	MIM602115												
2256	MIM601514														
2257	MIM601513														
2258	MIM300070														
2259	MIM601515	MIM609307													
226	MIM103850	MIM611881													
2260	MIM101600	MIM123150	MIM136350	MIM146110	MIM147950	MIM166250	MIM190440								
2261	MIM100800	MIM109800	MIM114500	MIM134934	MIM146000	MIM149730	MIM162900	MIM187600	MIM187601	MIM273300	MIM602849	MIM603956	MIM610474	MIM612247	
2262	MIM602446														
2263	MIM101200	MIM101400	MIM101600	MIM123150	MIM123500	MIM123790	MIM137215	MIM149730	MIM176943	MIM207410	MIM609579	MIM614592			
2264	MIM134935														
2266	MIM134850														
2267	MIM605776														
2268	MIM164940														
2270	MIM300321														
2271	MIM136850	MIM606812													
2272	MIM601153														
2273	MIM300163	MIM300695	MIM300696	MIM300717	MIM300718										
2274	MIM602633														
2275	MIM602790														
2277	MIM300091														
22794	MIM606504														
22795	MIM605399														
22796	MIM606974														
22797	MIM604732														
2280	MIM186945														
22800	MIM600098														
22801	MIM604789														
22803	MIM608851														
22806	MIM606221														
22807	MIM606234														
22808	MIM608435														
22809	MIM606398														
2281	MIM600620														
22811	MIM604185														
22821	MIM605182														
22822	MIM605335														
22823	MIM609882														
22827	MIM604819														
22829	MIM400028														
22832	MIM610201														
22834	MIM613907														
22836	MIM607353														
22837	MIM610318														
22841	MIM608599														
22845	MIM610746	MIM610768													
22846	MIM609011														
22849	MIM610606														
22852	MIM188000	MIM610855													
22853	MIM610989														
22854	MIM608818														
22856	MIM605282	MIM608183													
22858	MIM612325	MIM612651													
2286	MIM186946														
22861	MIM606579	MIM606636													
22863	MIM613515														
22865	MIM609679														
22866	MIM300724														
22868	MIM220110	MIM612322													
2287	MIM186947														
22870	MIM610875														
22871	MIM600568														
22872	MIM610257														
22873	MIM608671														
22874	MIM607771														
22876	MIM609389														
22877	MIM608090														
22878	MIM614136														
22879	MIM608954														
2288	MIM600611														
22881	MIM610583														
22882	MIM609185														
22883	MIM611321														
22885	MIM611305														
2289	MIM602623	MIM608516													
22891	MIM605990	MIM607818													
22893	MIM613880														
22894	MIM607533														
22895	MIM612159														
22897	MIM614845	MIM614848													
22899	MIM608504														
229	MIM229600	MIM612724													
2290	MIM164874	MIM312750	MIM613454												
22900	MIM609051														
22901	MIM610008														
22902	MIM611194														
22905	MIM607263														
22906	MIM608112														
22908	MIM606569														
22909	MIM613534	MIM614817													
22913	MIM614663														
22914	MIM611817														
22915	MIM601456														
22916	MIM605133														
22917	MIM195000														
22918	MIM120577														
22919	MIM603108														
22920	MIM601836														
22921	MIM613782														
22924	MIM605788														
22925	MIM604939														
22926	MIM605537														
22928	MIM606218														
22929	MIM600902														
22930	MIM600118	MIM602536													
22931	MIM600118	MIM602207	MIM614222												
22932	MIM600587														
22933	MIM604480														
22934	MIM180430	MIM608611													
22936	MIM601874														
22937	MIM601510														
22938	MIM603055														
2294	MIM265380	MIM601089													
22941	MIM603290	MIM613436													
22943	MIM605189														
22944	MIM601720														
22947	MIM158900	MIM606009													
22948	MIM256840	MIM610150													
22949	MIM601274														
2295	MIM603250														
22950	MIM602655														
22952	MIM601133														
22953	MIM600844														
22954	MIM209900	MIM254110	MIM602290												
2296	MIM308500	MIM601090	MIM601631	MIM602482											
2297	MIM601091														
22974	MIM605917														
22976	MIM104300	MIM608254													
22977	MIM608477														
22978	MIM600417														
2298	MIM601092														
22980	MIM612326														
22981	MIM609580														
22982	MIM611380														
22983	MIM612256														
22984	MIM612333														
22985	MIM604562														
22986	MIM606285														
22987	MIM610291														
22989	MIM609929														
2299	MIM274600	MIM600791	MIM601093												
22992	MIM605657														
22994	MIM613479														
22995	MIM210600	MIM604321	MIM613529	MIM613823											
22997	MIM613773														
22999	MIM603649	MIM606629													
23	MIM603429														
230	MIM103870														
2300	MIM603252														
23002	MIM606626														
23007	MIM612835														
2301	MIM107250	MIM601094	MIM610256												
23011	MIM612398														
23013	MIM613484														
23014	MIM609095														
23016	MIM606488														
23017	MIM604306														
23019	MIM604917														
2302	MIM602291														
23020	MIM601664	MIM610359													
23022	MIM606856	MIM608092													
23024	MIM609729														
23025	MIM609894														
23028	MIM609132														
2303	MIM153400	MIM602402													
23030	MIM609765														
23031	MIM612258														
23034	MIM610747														
23035	MIM611066														
23037	MIM610697														
23039	MIM606140														
2304	MIM241850	MIM602617													
23040	MIM613084														
23042	MIM614244														
23043	MIM610005														
23046	MIM608322														
23047	MIM605333														
23048	MIM606191														
23049	MIM607032														
2305	MIM602341														
23051	MIM609598														
23054	MIM605299														
23057	MIM608701														
2306	MIM602211														
23062	MIM606005														
23063	MIM610754														
23064	MIM602433	MIM606002	MIM608465												
23066	MIM610403														
23067	MIM611055														
2307	MIM602939														
23071	MIM609170														
23072	MIM610384														
23075	MIM604762														
23076	MIM610654														
23077	MIM610392														
2308	MIM136533	MIM268220													
23080	MIM612927														
23081	MIM605469														
23085	MIM607127														
23086	MIM612878														
23089	MIM609810														
2309	MIM602681														
23090	MIM604557	MIM614844													
23092	MIM605370	MIM607785													
23093	MIM612268														
23095	MIM118210	MIM171300	MIM256700	MIM605995											
23096	MIM300522	MIM309530													
23097	MIM614720														
23098	MIM607732														
231	MIM103880														
23107	MIM611989														
23109	MIM610588														
23111	MIM275900	MIM607111													
23112	MIM610740														
23113	MIM607489														
23114	MIM609145														
23118	MIM605101	MIM612863													
23119	MIM607712														
2312	MIM135940	MIM146700	MIM605803												
23122	MIM605853														
23125	MIM611508														
23126	MIM614787														
23129	MIM604282														
2313	MIM193067														
23131	MIM614396														
23133	MIM300263	MIM300560													
23135	MIM611577														
23136	MIM605331														
23137	MIM609386														
23139	MIM612257														
2314	MIM600362														
23142	MIM612977														
23143	MIM610368														
23149	MIM613437														
2315	MIM605513														
23151	MIM613691														
23152	MIM612082														
23154	MIM608458														
23157	MIM300683														
2316	MIM300017	MIM300048	MIM300049	MIM300244	MIM300321	MIM300537	MIM304120	MIM305620	MIM309350	MIM311300	MIM314400				
23161	MIM606589														
23162	MIM605431														
23163	MIM606006														
23164	MIM612935														
23165	MIM614352														
23166	MIM608560														
23167	MIM611798														
23168	MIM611633														
23169	MIM269250	MIM610804													
2317	MIM108720	MIM108721	MIM112310	MIM150250	MIM272460	MIM603381									
23171	MIM611777	MIM611778													
23172	MIM611144														
23173	MIM610151														
23175	MIM268200	MIM605518													
23176	MIM608418														
23178	MIM607505														
23179	MIM605667														
2318	MIM102565	MIM609524	MIM614065												
23181	MIM607711														
23184	MIM607783														
23186	MIM607675														
23187	MIM612834														
23189	MIM607704	MIM612900													
2319	MIM131560														
23190	MIM611216														
23191	MIM606322														
23192	MIM611338														
23193	MIM104160														
23194	MIM605656														
23196	MIM612265														
23198	MIM607705														
23200	MIM605869														
23203	MIM613036														
23204	MIM607669														
23205	MIM614362														
23207	MIM609613														
23208	MIM608741														
23209	MIM604004	MIM605908													
2321	MIM165070														
23210	MIM604914														
23213	MIM610012														
23214	MIM608411														
23216	MIM609850														
23218	MIM139090	MIM614169													
23219	MIM609100														
2322	MIM136351	MIM601626													
23221	MIM607352														
23224	MIM608442	MIM612999													
23225	MIM607703														
23228	MIM614276														
23229	MIM300429	MIM300607													
2323	MIM600007														
23230	MIM200150	MIM605978													
23233	MIM607880														
23234	MIM611206														
23235	MIM608973														
23236	MIM607120	MIM613722													
23237	MIM612461														
23239	MIM609396														
2324	MIM136352	MIM153100	MIM602089												
23241	MIM610423														
23242	MIM610317														
23243	MIM611122														
23244	MIM613200														
23245	MIM612856														
23246	MIM610596														
23248	MIM614695														
23250	MIM605868														
23252	MIM611758														
23253	MIM610616														
2326	MIM136130														
23261	MIM611501	MIM614756													
23262	MIM611648														
23263	MIM609499														
23265	MIM608163														
23266	MIM607018														
23268	MIM611282														
2327	MIM603955														
23271	MIM613775														
23274	MIM611303														
23275	MIM610249														
23279	MIM607614														
2328	MIM136132	MIM602079													
23283	MIM611968														
23286	MIM610533														
23287	MIM606830														
2329	MIM136131														
23291	MIM605651														
23293	MIM610963														
23294	MIM608994														
23295	MIM607559														
23299	MIM609797														
2330	MIM603957														
23300	MIM614693														
23301	MIM609922	MIM611868													
23303	MIM607350														
23304	MIM609134														
23305	MIM604443														
23308	MIM605717														
23309	MIM607777														
2331	MIM600245														
23310	MIM609276														
23312	MIM612186														
23314	MIM119540	MIM608148													
23315	MIM612730														
23316	MIM610648														
23317	MIM614334														
23318	MIM613692														
2332	MIM300623	MIM300624	MIM309550	MIM311360											
23321	MIM614141														
23322	MIM216360	MIM610937	MIM611560	MIM611561											
23326	MIM612116														
23327	MIM606384														
23328	MIM607955														
23332	MIM605852														
23333	MIM613892														
23335	MIM613473														
23336	MIM606087														
23338	MIM610515														
23339	MIM612188														
2334	MIM300806	MIM309548													
23345	MIM608441	MIM610743	MIM612998												
23348	MIM607325														
2335	MIM135600	MIM601894	MIM614101												
23352	MIM609890														
23353	MIM607723														
23354	MIM613432														
23358	MIM610569														
23362	MIM614440														
23363	MIM610991	MIM612921													
23365	MIM601626	MIM604763													
23367	MIM612059														
23368	MIM606455														
23369	MIM607205														
23371	MIM607717														
23373	MIM607536														
23376	MIM613372														
23380	MIM606524														
23381	MIM610962														
23383	MIM614560														
23384	MIM600251	MIM614140													
23385	MIM142690	MIM605254													
23386	MIM610296														
23387	MIM614776														
23389	MIM608771	MIM608808													
2339	MIM134635														
23390	MIM607799														
23394	MIM611386														
23395	MIM604544														
23396	MIM606102	MIM611369													
23397	MIM602332														
23399	MIM610684														
23400	MIM606693	MIM610513													
23401	MIM605006														
23403	MIM609117														
23404	MIM602238														
23405	MIM138800	MIM601200	MIM606241												
23406	MIM606748														
23408	MIM604483														
23409	MIM604482														
23410	MIM604481														
23411	MIM604479														
23413	MIM603315														
23414	MIM187500	MIM603693	MIM610187												
23415	MIM604528														
23416	MIM604527														
23417	MIM248360	MIM606761													
23418	MIM172870	MIM600105	MIM604210	MIM613835											
2342	MIM134636														
23420	MIM609157														
23421	MIM605494														
23424	MIM611258	MIM613887													
23426	MIM604597														
23428	MIM604235														
23429	MIM607535														
23430	MIM609272														
23431	MIM607244	MIM613744													
23432	MIM612250														
23433	MIM605857														
23435	MIM605078	MIM612069													
23437	MIM189910														
23438	MIM600783														
23440	MIM604529														
23443	MIM605632														
23446	MIM606105														
23450	MIM605592														
23451	MIM605590	MIM614286													
23452	MIM605001														
23456	MIM605454														
23457	MIM605453														
23459	MIM604288														
2346	MIM600934														
23460	MIM612504														
23461	MIM612503														
23462	MIM602953														
23463	MIM605851														
23464	MIM607422														
23467	MIM609474														
23468	MIM604478														
23469	MIM607789														
23471	MIM605190														
23473	MIM606400														
23474	MIM602473	MIM608451													
23475	MIM606248														
23476	MIM608749														
23479	MIM255125	MIM611911													
2348	MIM136430	MIM613068													
23480	MIM609215														
23481	MIM605819														
23484	MIM607338														
23491	MIM605279														
23492	MIM608457														
23493	MIM604674														
23495	MIM240500	MIM604907	MIM609529												
23498	MIM604521														
23499	MIM608271														
2350	MIM136425														
23500	MIM606627														
23503	MIM270700	MIM612012													
23504	MIM611602														
23507	MIM612888														
23508	MIM610488														
23509	MIM607491														
23510	MIM613422														
23512	MIM606245														
23513	MIM607733														
23515	MIM610078														
23516	MIM608736														
23519	MIM606878														
2352	MIM602469														
23520	MIM606877														
23522	MIM603736	MIM605880	MIM606170												
23523	MIM604251														
23524	MIM606032														
23526	MIM601155														
23527	MIM607766														
23529	MIM607672	MIM610313													
2353	MIM164810														
23530	MIM607878	MIM614736													
23531	MIM604467														
23532	MIM606021														
23533	MIM611317														
23534	MIM610032														
23536	MIM604230														
23539	MIM610409														
2354	MIM164772														
23540	MIM606172														
23541	MIM607558														
23542	MIM607755														
23543	MIM612149														
23544	MIM607021														
23545	MIM219200	MIM278250	MIM611716												
23546	MIM608373														
23547	MIM607517														
23549	MIM611367														
2355	MIM601575														
23550	MIM614442														
23551	MIM612842														
23552	MIM610076														
23553	MIM604510														
23554	MIM613138	MIM613310													
23555	MIM613140														
23556	MIM606097	MIM614080													
23557	MIM607007														
23558	MIM606962														
23559	MIM606961														
2356	MIM136510														
23562	MIM605608	MIM614035													
23563	MIM604817														
23564	MIM604744														
23566	MIM605106														
23567	MIM605308														
23569	MIM180300	MIM605347													
2357	MIM136537														
23572	MIM605160														
23574	MIM605157														
23576	MIM604743														
2358	MIM136538														
23580	MIM605468														
23581	MIM605848														
23582	MIM607089														
23583	MIM607753														
23584	MIM606011														
23585	MIM605348														
23586	MIM609631														
23588	MIM611280														
2359	MIM136539														
23590	MIM607426	MIM607429	MIM614651												
23592	MIM155950	MIM166700	MIM607844												
23593	MIM605825														
23594	MIM607213	MIM613803													
23595	MIM604972														
23596	MIM606695														
23597	MIM300862														
23598	MIM605165														
23600	MIM214950	MIM604489	MIM614307												
23601	MIM604987														
23603	MIM605269														
23607	MIM604241	MIM607832													
23608	MIM607754														
23609	MIM608426														
23612	MIM607054														
23614	MIM606638														
23615	MIM606637														
23617	MIM610710														
23620	MIM605538														
23621	MIM604252														
23624	MIM608453														
23626	MIM605114														
23627	MIM604263														
23630	MIM300328														
23632	MIM604832														
23633	MIM610563														
23635	MIM607389														
23636	MIM271930	MIM605815													
23640	MIM612939														
23641	MIM300402														
23642	MIM603222														
23643	MIM605243														
23644	MIM606030														
23645	MIM611048														
23647	MIM601638														
23648	MIM607390														
23650	MIM610658														
23654	MIM604293														
23657	MIM607933														
23658	MIM607285														
23659	MIM609362														
23660	MIM611272														
23670	MIM605835														
23671	MIM605734														
23673	MIM606892														
23676	MIM300066	MIM300226													
23677	MIM605611														
23678	MIM607591														
23682	MIM606281														
23683	MIM607077														
23691	MIM600165														
23694	MIM300355														
23695	MIM300271														
23704	MIM607775														
23705	MIM605686														
23706	MIM213600														
23708	MIM300418														
23710	MIM607420														
23713	MIM605818														
23714	MIM605428														
23719	MIM606451														
23722	MIM612431														
23723	MIM606282														
23729	MIM605060														
2373	MIM136610														
23732	MIM604574														
23741	MIM605894														
23742	MIM176270	MIM610922													
23743	MIM605932														
23746	MIM268000	MIM604392	MIM604393												
23753	MIM607551														
23759	MIM607588														
23760	MIM606876														
23761	MIM612770														
23762	MIM606729														
23764	MIM604877														
23765	MIM605461	MIM613953													
23767	MIM604808														
23768	MIM604807														
23769	MIM604806														
23770	MIM604840														
23771	MIM603933														
23774	MIM604589														
23779	MIM609405														
23780	MIM181500	MIM607252													
23784	MIM608913														
23787	MIM610449														
23788	MIM613221														
238	MIM105590	MIM613014													
239	MIM152391														
2395	MIM229300	MIM606829													
24	MIM153800	MIM248200	MIM601691	MIM601718	MIM604116										
240	MIM152390	MIM600807													
241	MIM601367	MIM603700													
24137	MIM300521														
24140	MIM300499	MIM309549													
24141	MIM614641														
24142	MIM607073														
24144	MIM612747														
24145	MIM608420														
24147	MIM612206														
24148	MIM613979	MIM613983													
242	MIM242100	MIM603741													
2420	MIM601992														
2426	MIM136640														
2431	MIM136620														
2444	MIM606573														
2448	MIM136630														
245711	MIM614029														
245802	MIM608402														
245806	MIM609979														
245812	MIM610047														
246	MIM152392														
2460	MIM136570														
2461	MIM136580														
246100	MIM300657														
246126	MIM400031														
246176	MIM611398														
246181	MIM608478														
246184	MIM614533														
246213	MIM605583	MIM607557													
246230	MIM163000														
246243	MIM604123														
246259	MIM606928														
246260	MIM607004														
246289	MIM608652														
246319	MIM193200														
246321	MIM606874														
246322	MIM606875														
246330	MIM609827														
2465	MIM136660														
246721	MIM609881														
246744	MIM607067														
246750	MIM607085														
246751	MIM607088														
246777	MIM609399														
246778	MIM608273														
247	MIM603697														
2471	MIM136590														
2475	MIM601231														
248	MIM171740														
2483	MIM158900	MIM601278													
2487	MIM165720	MIM605083													
2488	MIM136530	MIM229070													
2489	MIM158900														
249	MIM146300	MIM171760	MIM241500	MIM241510											
2490	MIM158901														
2491	MIM300065														
2492	MIM136435	MIM233300	MIM276400	MIM608115											
2494	MIM604453														
2495	MIM134770														
25	MIM189980														
250	MIM171800														
251	MIM171810														
2512	MIM134790	MIM600886	MIM606159												
2515	MIM601533														
2516	MIM184757	MIM612964	MIM612965	MIM613957											
2517	MIM230000	MIM612280													
2519	MIM136820														
2520	MIM137250														
2521	MIM137070	MIM608030	MIM614782												
2522	MIM174750														
2523	MIM211100														
2524	MIM182100	MIM612542													
2525	MIM111100														
2526	MIM104230														
2527	MIM136835														
2528	MIM136836	MIM613852													
252842	MIM607086														
252843	MIM607087														
252884	MIM609600														
2529	MIM602030														
252949	MIM400040														
252969	MIM608933														
252983	MIM610415														
252995	MIM611906														
253	MIM606640														
2530	MIM602589														
253012	MIM614133														
2531	MIM136440														
2532	MIM110700	MIM611162	MIM611862	MIM613665											
253260	MIM609022														
2533	MIM602731														
2534	MIM137025														
253430	MIM609851														
253461	MIM612218														
2535	MIM600667														
253512	MIM610793														
253558	MIM614241														
253559	MIM609938														
2537	MIM147572														
253725	MIM613631														
253738	MIM607407														
2538	MIM232200	MIM613742													
253827	MIM613718	MIM613719													
2539	MIM305900														
253935	MIM607666														
253959	MIM608884														
253980	MIM608947														
2540	MIM138110														
254042	MIM610267														
254048	MIM613841														
254065	MIM300553	MIM300659													
254170	MIM609103	MIM612560													
2542	MIM232220	MIM232240	MIM602671												
254240	MIM614109														
254251	MIM611799														
254263	MIM611288														
2543	MIM300594														
254394	MIM610098														
254428	MIM610801														
254531	MIM612039														
2546	MIM148750														
2547	MIM152690														
2548	MIM232300	MIM606800													
254827	MIM608806														
2549	MIM604439														
254910	MIM612619														
255	MIM602099														
2550	MIM603540														
255022	MIM612234														
255061	MIM607833														
255082	MIM608598														
2551	MIM600609														
255101	MIM614270														
255231	MIM607399														
255239	MIM608774														
2553	MIM600610														
255313	MIM300592														
2554	MIM137160	MIM611136													
2555	MIM103780	MIM137140													
255520	MIM610196														
2556	MIM305660														
255626	MIM609904														
255631	MIM610025														
2557	MIM137141														
255738	MIM143890	MIM603776	MIM607786												
255743	MIM610306														
2558	MIM137142														
255877	MIM608992														
2559	MIM137143														
255928	MIM610949	MIM614229													
2560	MIM137190														
256076	MIM611916														
2561	MIM600232														
256126	MIM611487														
2562	MIM137192	MIM612269													
256281	MIM609219														
256297	MIM607194	MIM609069													
2563	MIM137163	MIM613060													
256309	MIM609488														
2564	MIM300093														
256435	MIM610133														
256471	MIM214200	MIM610951	MIM611124												
2565	MIM137166														
2566	MIM137164	MIM607208	MIM607681	MIM611277											
256646	MIM608963														
256691	MIM612879														
2567	MIM600233														
256710	MIM610395														
256764	MIM613211	MIM613214													
2568	MIM602729														
2569	MIM137161														
256933	MIM607996														
256949	MIM614611														
256987	MIM614551														
257	MIM136760	MIM606014													
2570	MIM137162														
257019	MIM607619														
2571	MIM603513	MIM605363													
257106	MIM614264														
257144	MIM607792														
257194	MIM613173														
2572	MIM138275														
257202	MIM607913														
257218	MIM608048														
257397	MIM300480														
2574	MIM300595														
2575	MIM300596														
25758	MIM612297														
25759	MIM605217														
2576	MIM300597														
257629	MIM609901														
25764	MIM612784														
257641	MIM607107														
25769	MIM609838														
2577	MIM300598														
25776	MIM607757														
25777	MIM613569														
25778	MIM612666														
2578	MIM300599														
25780	MIM609531														
25782	MIM212720	MIM600118	MIM609275	MIM614225											
25788	MIM114500	MIM604289													
2579	MIM300601														
25790	MIM605152														
25791	MIM605991														
25792	MIM611420														
25793	MIM260300	MIM605648													
25794	MIM607643	MIM607921													
25796	MIM604951														
25797	MIM607065														
258	MIM601259														
2580	MIM602052														
25800	MIM608731														
25801	MIM607030														
25802	MIM602715														
25803	MIM608144														
25804	MIM607284														
25805	MIM604444														
25806	MIM604295														
25809	MIM608955														
2581	MIM245200	MIM606890													
25813	MIM612058														
25814	MIM603516	MIM611150													
25816	MIM612111														
25818	MIM605643														
25819	MIM608468														
2582	MIM230350	MIM606953													
25820	MIM605624														
25821	MIM614667	MIM614702													
25822	MIM611328														
25823	MIM609341														
25824	MIM606583														
25825	MIM605668														
25826	MIM611133														
25827	MIM605652														
25828	MIM609063														
2583	MIM601873														
25830	MIM608359														
25832	MIM614003														
25833	MIM607394														
25834	MIM607385														
25836	MIM122470	MIM608667													
25837	MIM605455														
25839	MIM606976	MIM613489													
2584	MIM230200	MIM604313													
25842	MIM609189														
25843	MIM609361														
25844	MIM609775														
25847	MIM614484														
2585	MIM137028														
25851	MIM614781														
25855	MIM606259														
25859	MIM604991														
25861	MIM607084	MIM607928	MIM611383												
25865	MIM607074														
2587	MIM600377														
25870	MIM607940														
25874	MIM614737														
25876	MIM610674														
2588	MIM253000	MIM612222													
25884	MIM613127														
25886	MIM614783	MIM614813													
2589	MIM602273														
25890	MIM606279														
25894	MIM609526														
25896	MIM611350														
25897	MIM607119														
25898	MIM607680														
259	MIM176870														
2590	MIM602274														
25900	MIM610495														
25902	MIM611427														
25906	MIM614717														
25909	MIM610853														
2591	MIM601756														
25913	MIM606478														
25914	MIM610436	MIM614833													
25915	MIM252010	MIM612911													
259173	MIM612402														
259197	MIM609148	MIM611550													
2592	MIM230400	MIM606999													
25920	MIM611180														
25921	MIM614586														
259215	MIM611404														
259217	MIM610701														
25923	MIM609369														
259230	MIM611573														
259232	MIM611549														
259236	MIM600971	MIM607237													
25924	MIM611790														
259249	MIM607227														
25925	MIM610974														
259266	MIM605481	MIM608716													
25928	MIM609675														
259283	MIM607305														
259286	MIM613964														
259287	MIM613965														
259289	MIM612668														
25929	MIM607005														
259290	MIM612669														
259291	MIM613967														
259292	MIM612774														
259293	MIM613963														
259294	MIM613961														
259295	MIM613962														
259296	MIM609627														
2593	MIM601240	MIM612736													
25930	MIM606584														
259307	MIM609742														
25932	MIM606536														
25934	MIM608871														
25936	MIM609174														
25937	MIM607392														
25939	MIM606754	MIM612952	MIM614415												
25942	MIM607776														
25943	MIM614146														
25945	MIM607147														
25946	MIM609124														
25949	MIM607090														
2595	MIM104180														
25953	MIM118800	MIM609023													
25956	MIM610258														
25959	MIM614610														
2596	MIM162060														
25960	MIM606823														
25961	MIM609233														
2597	MIM138400														
25970	MIM608937														
25973	MIM612036														
25974	MIM277400	MIM609831													
25975	MIM300239														
25976	MIM612480														
25977	MIM611623														
25978	MIM600795	MIM609512	MIM614696												
25981	MIM603332														
25983	MIM610777														
25984	MIM606194														
25987	MIM608015														
25988	MIM607099														
25989	MIM613472														
25996	MIM607149														
25998	MIM606457														
25999	MIM607382														
26	MIM104610														
26000	MIM613620														
26001	MIM610431														
26002	MIM609000														
26003	MIM608693														
26010	MIM613817														
26011	MIM610084														
26012	MIM146110	MIM608137	MIM614838												
26013	MIM608802														
26015	MIM611475														
26017	MIM614554														
26018	MIM608868														
26019	MIM605529														
26020	MIM609921														
26024	MIM614774														
26025	MIM603059														
26027	MIM606803														
26031	MIM606732														
260328	MIM607154														
26033	MIM612869														
26035	MIM612134														
26038	MIM610771														
26039	MIM606472														
26040	MIM269150	MIM611060													
260402	MIM181800														
260403	MIM607131														
260415	MIM607317														
260429	MIM613797														
260431	MIM606963														
260432	MIM606995														
260436	MIM607241														
26045	MIM610868														
26046	MIM613083														
26047	MIM604569	MIM610042	MIM612100												
26050	MIM609680														
26051	MIM613275														
26052	MIM611445														
26053	MIM607270														
26054	MIM605003														
26056	MIM605536														
26058	MIM607688	MIM612003													
26060	MIM604299														
26061	MIM604300														
26064	MIM606586														
26065	MIM610677														
26073	MIM611519														
26085	MIM605505														
26086	MIM609491														
26088	MIM606004														
26090	MIM612674	MIM613599													
26091	MIM609248														
26092	MIM614512														
26095	MIM610631														
26097	MIM614206														
261	MIM208100														
26100	MIM609225														
26108	MIM606902														
26118	MIM610091														
26119	MIM603813	MIM605747													
26121	MIM600138	MIM606419													
26122	MIM611000														
26123	MIM258860	MIM613847	MIM614815												
26127	MIM608858														
26128	MIM606854	MIM609367	MIM609460												
26130	MIM611714														
26133	MIM608430														
26135	MIM607378														
26136	MIM606085														
26137	MIM606025														
26146	MIM607380														
26147	MIM609740														
2615	MIM137207														
26153	MIM613231														
26154	MIM242500	MIM601277	MIM607800												
26155	MIM610770														
26157	MIM608085														
26160	MIM607386														
26164	MIM610919														
26167	MIM606331														
26168	MIM612844														
2617	MIM600287	MIM600794	MIM601472												
261726	MIM611807														
261727	MIM607135														
261729	MIM605094														
26173	MIM611345														
261734	MIM606966	MIM606996	MIM607215												
2618	MIM138440														
2619	MIM139185														
26190	MIM609071														
26191	MIM152700	MIM180300	MIM222100	MIM600716											
262	MIM180980														
2620	MIM602835														
26205	MIM607451														
26206	MIM605731														
26207	MIM605134														
2621	MIM600441														
26211	MIM608497														
2622	MIM605178														
26223	MIM609087														
26224	MIM605653														
26225	MIM608960														
26227	MIM601815	MIM606879													
26228	MIM604298														
26229	MIM245600	MIM606374													
2623	MIM190685	MIM300367	MIM300835	MIM305371	MIM314050										
26230	MIM604709														
26232	MIM607112														
26233	MIM609076														
26234	MIM605655														
26235	MIM605654														
26239	MIM612610														
2624	MIM137295	MIM601626	MIM614038	MIM614172	MIM614286										
26240	MIM614686														
26249	MIM605775	MIM614495													
2625	MIM131320	MIM146255													
26251	MIM605696														
26253	MIM609962														
26254	MIM605127														
26256	MIM612135														
26257	MIM603245														
26258	MIM604310	MIM614171													
26259	MIM609073														
2626	MIM600576	MIM607941	MIM614429	MIM614430											
26260	MIM609098														
26261	MIM609097														
26263	MIM609096														
26266	MIM604309														
26267	MIM609092														
26268	MIM609091														
26269	MIM605649														
2627	MIM187500	MIM217095	MIM600001	MIM601656	MIM614474	MIM614475									
26270	MIM605647														
26271	MIM606013														
26272	MIM609090														
26273	MIM609089														
26275	MIM250620	MIM610690													
26276	MIM208085	MIM608552													
26277	MIM127550	MIM268130	MIM604319	MIM613990											
26278	MIM270550	MIM604490													
26279	MIM605630														
2628	MIM602360	MIM612718													
26280	MIM300277														
26281	MIM605558														
26284	MIM607435														
26286	MIM612439														
26287	MIM610734														
26289	MIM608009														
2629	MIM127750	MIM168600	MIM230800	MIM230900	MIM231000	MIM231005	MIM606463	MIM608013							
26290	MIM606250														
26291	MIM609436														
26292	MIM606535														
26297	MIM606051														
26298	MIM605439														
26301	MIM606074														
2631	MIM603004														
2632	MIM232500	MIM263570	MIM607839												
2633	MIM600411														
26330	MIM609169														
2634	MIM600412														
2635	MIM600413														
26353	MIM158590	MIM608014	MIM608673												
26354	MIM608011														
26355	MIM608017														
2636	MIM603354														
2637	MIM601135														
2638	MIM139200														
2639	MIM231670	MIM608801													
2641	MIM138030														
2642	MIM125853	MIM138033													
2643	MIM128230	MIM233910	MIM600225												
2644	MIM602437														
2645	MIM125851	MIM125853	MIM138079	MIM602485	MIM606176										
2646	MIM600842	MIM613463													
26468	MIM608215														
26469	MIM606587														
2647	MIM601444														
26471	MIM614812														
26472	MIM601140														
2648	MIM602301														
2649	MIM602778														
26499	MIM608007														
265	MIM300391	MIM301200													
2650	MIM600391														
26502	MIM605349														
26503	MIM269920	MIM604322	MIM604369												
26504	MIM217080	MIM607805													
26505	MIM607804														
26507	MIM607802														
26508	MIM609034														
26509	MIM604603														
2651	MIM110800	MIM600429													
26511	MIM601626	MIM604332													
26512	MIM604331														
26515	MIM607388														
26517	MIM607383														
26519	MIM602251														
2652	MIM300821	MIM303700	MIM303800												
26520	MIM607384														
26521	MIM606659														
26523	MIM606228														
26524	MIM604861														
26525	MIM605507	MIM614204													
26528	MIM607430														
2653	MIM238330	MIM605899													
26548	MIM300332														
2656	MIM475000														
2657	MIM187500	MIM217095	MIM602880	MIM613854											
26574	MIM608463														
26575	MIM607191														
26577	MIM607064														
26578	MIM610180														
26579	MIM605625														
2658	MIM605120														
26580	MIM269700	MIM270685	MIM600794	MIM606158											
26581	MIM611444														
26582	MIM611443														
26583	MIM611442														
26584	MIM611441														
26585	MIM603054														
26586	MIM611569														
26589	MIM611851														
266	MIM410000														
2660	MIM601788	MIM614160													
26608	MIM605842														
26609	MIM300229														
2661	MIM601918														
26610	MIM606985														
2662	MIM601361														
2664	MIM300104	MIM300849	MIM309541												
2665	MIM600767														
266553	MIM614287														
266629	MIM612824														
266671	MIM608950														
266675	MIM607336														
266678	MIM300433														
266691	MIM606616														
266710	MIM257550														
266719	MIM300378														
266722	MIM609401														
266727	MIM609626														
266740	MIM300549														
266743	MIM608554														
266747	MIM612214														
266789	MIM607221														
266790	MIM607258														
2668	MIM171300	MIM209880	MIM600837	MIM613711											
266812	MIM612203														
2669	MIM600164														
266979	MIM607304														
267	MIM603243														
2670	MIM137780	MIM203450													
267012	MIM181500	MIM607408													
2671	MIM600924	MIM613076													
2672	MIM600871	MIM607847	MIM613107												
2673	MIM138292	MIM608931	MIM610542												
2674	MIM601496														
26747	MIM604354														
26748	MIM300637														
26749	MIM300736														
2675	MIM601956														
2676	MIM605710														
26762	MIM147050	MIM606518													
2677	MIM137167	MIM277450	MIM610842												
2678	MIM612346														
26799	MIM613117														
268	MIM261550	MIM600957													
26807	MIM611068														
2681	MIM104175														
26827	MIM180692														
2683	MIM137060	MIM607091													
26831	MIM180691														
2686	MIM612342														
2687	MIM137168														
26872	MIM604415														
26873	MIM260005	MIM614243													
2688	MIM139250	MIM173100	MIM262400	MIM262650	MIM612781										
2689	MIM139240														
269	MIM261550	MIM600956													
2690	MIM143890	MIM262500	MIM600946	MIM604271											
2691	MIM139190														
2692	MIM139191	MIM612781													
2693	MIM601898	MIM604271													
2694	MIM261000	MIM609342													
2695	MIM137240														
26958	MIM604355														
2696	MIM137241														
26960	MIM604889														
2697	MIM121014	MIM164200	MIM186100	MIM234100	MIM241550	MIM257850	MIM600309								
26973	MIM604353														
26984	MIM612442														
26985	MIM610366														
26986	MIM604679														
26993	MIM609475														
26994	MIM612598														
26995	MIM610727														
26998	MIM605954														
26999	MIM606323														
27	MIM164690														
270	MIM102770														
2700	MIM121015	MIM601885													
27000	MIM605502														
27004	MIM604412														
27005	MIM604729														
27006	MIM605831														
2701	MIM121012														
27010	MIM606370	MIM614458													
27012	MIM608164														
27018	MIM300361														
27019	MIM244400	MIM604366													
2702	MIM121013	MIM608583	MIM614049												
27020	MIM612820														
27022	MIM607836	MIM611539													
2703	MIM116150	MIM116200	MIM600897												
27030	MIM114500	MIM604395	MIM608089	MIM614385											
27031	MIM208540	MIM267010	MIM604387	MIM608002											
27032	MIM169600	MIM604384													
27033	MIM605859														
27034	MIM604773	MIM611283													
27035	MIM300225														
27036	MIM604410														
27037	MIM611151														
27038	MIM604401														
27039	MIM604669														
27040	MIM602354														
27043	MIM609455														
27044	MIM602181														
2705	MIM302800	MIM304040													
2706	MIM121011	MIM124500	MIM148210	MIM148350	MIM149200	MIM220290	MIM304400	MIM601544	MIM602540						
27063	MIM212110	MIM609599													
27065	MIM607645														
27067	MIM605920														
27068	MIM609988														
2707	MIM133200	MIM220290	MIM603324	MIM612644											
27071	MIM605768														
27072	MIM605485														
27074	MIM605883														
27075	MIM613139														
27076	MIM609484														
27077	MIM614144	MIM614209													
27085	MIM605927														
27086	MIM605515	MIM613670													
27087	MIM151290														
27089	MIM124000	MIM612080													
2709	MIM604493														
27090	MIM606378														
27091	MIM606405														
27092	MIM606404														
27094	MIM605222														
27095	MIM610955														
271	MIM102771														
2710	MIM300474	MIM307030													
27101	MIM606186														
27102	MIM613635														
27113	MIM605854														
27115	MIM604645														
2712	MIM600148														
27120	MIM605418														
27121	MIM605417														
27122	MIM605416														
27123	MIM605415														
27124	MIM606481														
27125	MIM604417														
27127	MIM608685														
27128	MIM606514														
27129	MIM610692														
2713	MIM600149														
27130	MIM243305	MIM602088													
27131	MIM605937														
27132	MIM605689														
27133	MIM605716														
27134	MIM612689														
27136	MIM603205														
27141	MIM604441														
27143	MIM614656														
27145	MIM607307														
27148	MIM607652														
27151	MIM608841														
27152	MIM610621														
27156	MIM605663														
27158	MIM606073														
27159	MIM606080														
27160	MIM300452														
27161	MIM606229														
27163	MIM607469														
27164	MIM605079														
27165	MIM606365														
27166	MIM605733														
2717	MIM300644	MIM301500													
27173	MIM604740														
27175	MIM605785														
27177	MIM605508														
27178	MIM605510														
27179	MIM605509														
2718	MIM137030														
27180	MIM605640														
27181	MIM605639														
27183	MIM609982														
27184	MIM181500	MIM606271													
27185	MIM181500	MIM604906	MIM605210												
27189	MIM604628														
2719	MIM194070	MIM300037	MIM312870												
27190	MIM604627														
27197	MIM300748														
27198	MIM606923														
27199	MIM606922														
272	MIM102772	MIM612874													
2720	MIM230500	MIM230600	MIM230650	MIM253010	MIM611458										
27201	MIM606921														
27202	MIM609949														
2722	MIM606689														
27229	MIM609610														
2723	MIM601682														
27231	MIM608705														
27232	MIM606628	MIM606664													
27233	MIM608357														
27235	MIM607426	MIM609825													
27236	MIM605928														
2724	MIM602429														
27240	MIM604964														
27241	MIM209900	MIM607968													
27242	MIM605732														
27243	MIM610893														
27244	MIM606103														
27247	MIM605711	MIM608100													
27248	MIM611229														
27249	MIM277410	MIM611935													
27250	MIM608610														
27251	MIM605959														
27253	MIM611760														
27255	MIM607220														
27257	MIM607281														
27258	MIM607283														
27259	MIM267700														
2726	MIM603383														
2728	MIM600975														
27283	MIM606749														
27284	MIM608436														
27285	MIM608953														
27286	MIM300642	MIM300643													
27287	MIM607158														
27288	MIM605444														
27289	MIM609038														
2729	MIM230450	MIM606857	MIM608446												
27290	MIM613929														
27292	MIM612499														
27294	MIM606377														
27295	MIM605889														
27297	MIM606121														
27299	MIM606393														
273	MIM600418														
2730	MIM601176	MIM608446													
27301	MIM300773														
27302	MIM608748														
27303	MIM605786														
27304	MIM609277														
27306	MIM602598														
27309	MIM609550														
2731	MIM238300	MIM605899													
27314	MIM605693														
27316	MIM300199														
27319	MIM613483														
27324	MIM611416														
27327	MIM610739														
27328	MIM300246														
27329	MIM604774	MIM605019													
2733	MIM253310	MIM603371	MIM611890												
27330	MIM300303														
27332	MIM614349														
27333	MIM606805														
27334	MIM300529														
27335	MIM609596														
27336	MIM300346														
27338	MIM610309														
27339	MIM608330														
2734	MIM600753														
27340	MIM612822														
27342	MIM609700														
27343	MIM606343														
27344	MIM300399														
27345	MIM605223														
27346	MIM612912														
27347	MIM607648														
27348	MIM608050														
27349	MIM614479														
2735	MIM165220														
27350	MIM607750														
27351	MIM614637														
27352	MIM610440														
2736	MIM165230	MIM610829													
2737	MIM146510	MIM165240	MIM174200	MIM174700	MIM175700	MIM200990	MIM241800								
2738	MIM165280														
2739	MIM138750														
274	MIM255200	MIM601248													
2740	MIM138032														
2741	MIM138491	MIM149400													
2742	MIM305990														
27429	MIM606441	MIM610297													
2743	MIM138492	MIM149400	MIM614619												
27430	MIM605527														
27433	MIM608052														
27434	MIM606344														
27436	MIM607442														
2744	MIM138280														
27443	MIM607576														
27445	MIM604918														
2745	MIM600443														
2746	MIM138130	MIM606762													
2747	MIM300144														
275	MIM238310	MIM605899													
2752	MIM138290	MIM610015													
2757	MIM138480														
2759	MIM233100														
276	MIM104700														
2760	MIM272750	MIM613109													
2762	MIM602884														
2764	MIM601713														
2765	MIM602370														
2766	MIM139265														
2767	MIM139313														
2768	MIM604394														
2769	MIM139314														
277	MIM104701														
2770	MIM139310														
2771	MIM139360	MIM192605													
2772	MIM139180														
2773	MIM139370	MIM602483													
2774	MIM139312														
2775	MIM139311														
2776	MIM600998														
2778	MIM102200	MIM103580	MIM139320	MIM166350	MIM174800	MIM219080	MIM603233	MIM612462	MIM612463						
2779	MIM139330	MIM610444													
278	MIM104702														
2780	MIM139340	MIM613856													
2781	MIM139160														
2782	MIM139380														
2783	MIM139390														
2784	MIM139130	MIM145500													
2785	MIM608941														
2786	MIM604388														
2787	MIM600874														
2788	MIM604430														
279	MIM104650														
2790	MIM604389														
2791	MIM604390														
2792	MIM189970														
2793	MIM139391														
2794	MIM143024														
2796	MIM146110	MIM152760	MIM227200	MIM614841											
2797	MIM602352														
2798	MIM138850	MIM146110	MIM228300												
2799	MIM252940	MIM607664													
28	MIM110300														
280	MIM104660														
2800	MIM602502														
2801	MIM602580														
2802	MIM602581														
2803	MIM602509														
2804	MIM602500														
2805	MIM138180	MIM614419													
2806	MIM138150														
280636	MIM607914														
280657	MIM300541														
280658	MIM300542														
280659	MIM300543														
280660	MIM300544														
2810	MIM601290														
2811	MIM153670	MIM177820	MIM231200	MIM258660	MIM606672										
2812	MIM138720	MIM231200													
2813	MIM602977														
2814	MIM173511														
2815	MIM173515	MIM231200													
2817	MIM600395														
2819	MIM138420	MIM614480													
2820	MIM125853	MIM138430													
2821	MIM172400	MIM613470													
2822	MIM602515														
28227	MIM300339														
2823	MIM601275														
28231	MIM612436														
28232	MIM612435														
28234	MIM237450	MIM605495													
2824	MIM300051														
2825	MIM600239														
282549	MIM606257														
282550	MIM606258														
282551	MIM606960														
282552	MIM607354														
282553	MIM607373														
2826	MIM600240														
282616	MIM607401														
282617	MIM607402	MIM609532													
282618	MIM607403														
282631	MIM607398														
282679	MIM609914														
2827	MIM600241														
282706	MIM607415														
2828	MIM600551														
282808	MIM300405	MIM300519													
282809	MIM614784														
282849	MIM607967														
2829	MIM600552														
282973	MIM611198														
282991	MIM609768														
282996	MIM212110	MIM613171	MIM613172												
283	MIM105850	MIM611895													
2830	MIM600553														
283078	MIM601332														
2831	MIM600730														
283120	MIM103280	MIM130650	MIM180860	MIM194070	MIM194071										
283130	MIM610825														
283131	MIM612769														
283149	MIM609004														
28316	MIM605807														
2832	MIM600731														
283208	MIM608987														
283209	MIM611610														
283229	MIM614177														
283234	MIM611205														
283238	MIM611698														
283267	MIM612296														
2833	MIM300574														
283310	MIM614925														
283316	MIM606079														
283349	MIM607019														
283358	MIM612220														
283375	MIM608730														
283383	MIM613639														
2834	MIM600895														
283417	MIM613893	MIM613958													
283420	MIM612252														
283446	MIM614636														
283455	MIM610737														
283463	MIM612170														
283464	MIM613321														
2835	MIM600752														
283518	MIM607947														
283556	MIM600012														
283600	MIM609911														
283629	MIM610711														
283651	MIM611314														
283652	MIM113750	MIM609802													
283659	MIM613261														
2837	MIM600896														
283748	MIM612864														
2838	MIM601166														
283807	MIM609088														
283820	MIM609158														
283849	MIM614117														
283869	MIM607997														
283871	MIM172280														
283927	MIM609231														
283953	MIM611579														
283987	MIM605752														
283989	MIM213000	MIM225753	MIM277470	MIM608755											
284	MIM601667														
2840	MIM603071														
284058	MIM610443	MIM612452													
284076	MIM610849														
284086	MIM609799	MIM613824													
284098	MIM610275														
2841	MIM602042														
284106	MIM611933														
284110	MIM611218														
284111	MIM608305														
284114	MIM613936														
284119	MIM603198	MIM613327													
284129	MIM610117														
2842	MIM602927														
284217	MIM150320														
284252	MIM613420														
284293	MIM612086														
2843	MIM601908														
284340	MIM611387														
284355	MIM611166														
284358	MIM610349														
284359	MIM609278														
284361	MIM614545														
284366	MIM605504														
2844	MIM601909														
284403	MIM604317	MIM613583													
28442	MIM611939														
284427	MIM610822														
284439	MIM610823														
284459	MIM165250														
2845	MIM601910														
284565	MIM610414														
2846	MIM300086														
284654	MIM609595	MIM610644													
284656	MIM611123														
284695	MIM614601														
2847	MIM601751														
284723	MIM610817														
2848	MIM602174														
2849	MIM604847														
284904	MIM612825														
285	MIM601922														
2850	MIM605187														
28501	MIM611937														
28511	MIM604497														
28512	MIM604496														
285126	MIM613946														
28513	MIM603016														
28514	MIM606582														
28515	MIM604499														
285175	MIM612636														
285189	MIM612212														
285190	MIM612707														
285195	MIM608396	MIM613410													
2852	MIM601805														
285203	MIM614789														
285220	MIM600066														
285231	MIM609075														
285242	MIM610123														
2853	MIM602043														
285314	MIM173865														
285335	MIM612738														
285362	MIM272200	MIM607939													
285381	MIM608959														
2854	MIM603195														
285440	MIM210370	MIM608614													
285464	MIM610203														
285489	MIM208150	MIM254300	MIM610285												
285498	MIM612041	MIM612042													
285512	MIM613300														
285513	MIM611241														
285521	MIM610428														
285590	MIM249420	MIM613293													
2856	MIM610118														
285613	MIM611213														
285641	MIM608332														
285643	MIM609184														
2857	MIM300241														
285704	MIM612687														
285782	MIM608304														
285834	MIM613918														
285848	MIM612121														
285852	MIM614664														
285888	MIM612493														
2859	MIM602646														
285973	MIM612205														
286	MIM182900	MIM612641													
286077	MIM130900	MIM611927													
286097	MIM610633														
2861	MIM602583														
286133	MIM611306														
286148	MIM613895														
286151	MIM609110														
286183	MIM612872														
2862	MIM602885														
286204	MIM609720														
286256	MIM612905														
286262	MIM613307	MIM613354													
2863	MIM602886														
286319	MIM610529														
286380	MIM611086														
2864	MIM603820														
286410	MIM300516														
2865	MIM603821														
286530	MIM300525														
2866	MIM603822														
286676	MIM609646	MIM609739													
2867	MIM603823														
286751	MIM611571														
286753	MIM612211														
2868	MIM137026														
286826	MIM609375														
286887	MIM612315														
2869	MIM600870														
287	MIM106410	MIM600919													
2870	MIM600869														
2872	MIM605069														
2873	MIM601934														
2874	MIM601935														
2875	MIM138200														
2876	MIM138320	MIM614164													
2877	MIM138319														
2878	MIM138321														
2879	MIM138322														
288	MIM600465														
2880	MIM603435														
2885	MIM108355														
2886	MIM601522														
28862	MIM147185														
2887	MIM601523														
2888	MIM601524														
2889	MIM600303														
289	MIM301590														
2890	MIM138248														
2891	MIM138247														
2892	MIM300699	MIM305915													
2893	MIM138246														
2894	MIM610659														
2895	MIM602368														
28951	MIM609462														
28952	MIM300859														
28954	MIM610388														
28956	MIM610389	MIM610798													
28957	MIM611990														
28958	MIM614775														
28959	MIM610385														
2896	MIM138945	MIM607485	MIM614706												
28960	MIM610534														
28962	MIM259720	MIM607649													
28964	MIM608434														
28965	MIM604196														
28968	MIM607972														
2897	MIM138245														
28972	MIM610358														
28973	MIM611982														
28976	MIM611103	MIM611126													
28977	MIM611847														
2898	MIM138244	MIM611092													
28981	MIM605489														
28982	MIM609033	MIM609144													
28983	MIM610399														
28984	MIM610077														
28985	MIM300587														
28986	MIM300548														
28987	MIM613586														
28988	MIM610106														
28989	MIM613560														
2899	MIM138243														
28991	MIM608216														
28992	MIM610400														
28996	MIM606868														
28998	MIM610200														
28999	MIM606465														
29	MIM600365														
290	MIM151530														
2900	MIM600282														
2901	MIM600283														
2902	MIM138249	MIM614254													
29028	MIM611941														
2903	MIM138253	MIM613971													
2904	MIM138252	MIM613970													
2905	MIM138254														
2906	MIM602717														
29063	MIM611792														
2907	MIM138251														
29071	MIM300611	MIM300622													
29072	MIM612778														
29074	MIM611831														
29078	MIM252010	MIM611776													
29079	MIM605718														
2908	MIM138040														
29082	MIM610051														
29085	MIM610167														
29086	MIM612766														
29087	MIM613739														
29088	MIM611828														
29089	MIM610538														
2909	MIM605277														
29091	MIM607958														
29093	MIM611835														
29095	MIM610074														
29098	MIM607954														
29099	MIM612299														
291	MIM103220	MIM192600	MIM609283												
2910	MIM138060														
29102	MIM608828														
29104	MIM614553														
29106	MIM611796														
29107	MIM605811														
29108	MIM606838														
29109	MIM606881														
2911	MIM604473	MIM614831													
29110	MIM604834														
29113	MIM611401														
29114	MIM607953														
29115	MIM610218														
29116	MIM610082														
29118	MIM607663														
29119	MIM607667														
2912	MIM604099														
29121	MIM605659														
29122	MIM607950														
29123	MIM148050	MIM611192													
29124	MIM608717														
29125	MIM611033														
29126	MIM605402														
29127	MIM604980														
29128	MIM607990														
2913	MIM601115														
2914	MIM604100														
2915	MIM604102														
2916	MIM257270	MIM604096													
2917	MIM604101														
2918	MIM601116														
2919	MIM155730														
292	MIM300150														
2920	MIM139110														
2921	MIM139111														
2922	MIM137260														
2923	MIM602046														
2925	MIM305670														
2926	MIM604851														
2928	MIM601845														
293	MIM300151	MIM403000													
2931	MIM606784														
2932	MIM605004														
2933	MIM190100														
2934	MIM105120	MIM137350													
2935	MIM139259														
2936	MIM138300														
2937	MIM231900	MIM266130	MIM601002												
2938	MIM138359														
2939	MIM138360														
2940	MIM605449														
2941	MIM605450														
2944	MIM138350														
2946	MIM138380														
2947	MIM138390														
2948	MIM138333														
2949	MIM138385														
2950	MIM134660														
2952	MIM600436														
2953	MIM600437														
2954	MIM603758														
2956	MIM276300	MIM600678	MIM608089	MIM614350											
2957	MIM600520														
2958	MIM600519														
2959	MIM189963														
2960	MIM189962														
2961	MIM189964														
2962	MIM189968														
2963	MIM189969														
2965	MIM189972														
2966	MIM601748														
2967	MIM601750														
2968	MIM601760														
2969	MIM601679														
2971	MIM600860														
2972	MIM604902														
2973	MIM137580														
2974	MIM603695														
2975	MIM603246														
2976	MIM604883														
29760	MIM604515	MIM613502													
29761	MIM604736														
29763	MIM606513														
29764	MIM125630														
29765	MIM605834														
29766	MIM605112														
29767	MIM602928														
2977	MIM601244														
29775	MIM607209														
29779	MIM614211														
2978	MIM600364	MIM602093													
29780	MIM608121														
29781	MIM611230														
29785	MIM611529														
29789	MIM611175														
2979	MIM602275	MIM613827													
29796	MIM610843														
29799	MIM608082														
2980	MIM139392														
29801	MIM608784														
29802	MIM605017														
2981	MIM601271														
2982	MIM139396														
2983	MIM139397														
2984	MIM601330	MIM614616	MIM614665												
29841	MIM609786														
29842	MIM609785														
29843	MIM612157														
29844	MIM609519														
29850	MIM604600														
29851	MIM240500	MIM604558	MIM607594												
29855	MIM609771														
2986	MIM300041														
2987	MIM139270														
2988	MIM139280														
29880	MIM604565														
29881	MIM608010														
29882	MIM606946														
29883	MIM604913														
29886	MIM614905														
29887	MIM614780														
29888	MIM614767														
29889	MIM609365														
2989	MIM240400														
29890	MIM612602														
29893	MIM608665	MIM614324													
29894	MIM606027														
29896	MIM602718														
29899	MIM604213	MIM609245													
2990	MIM253220	MIM611499													
29903	MIM613478														
29904	MIM606968														
29906	MIM607162														
29907	MIM605964														
29911	MIM607824														
29914	MIM121800	MIM611632													
29915	MIM607926														
29916	MIM614906														
2992	MIM603942	MIM613507													
29922	MIM613465														
29924	MIM607262														
29927	MIM609213														
29928	MIM607251														
29929	MIM603147	MIM604566													
2993	MIM111300	MIM611162													
29930	MIM606327														
29931	MIM610485														
29933	MIM606167														
29934	MIM300883														
29935	MIM300767														
29937	MIM611874														
2994	MIM111740														
29940	MIM605942														
29941	MIM610714														
29943	MIM607934														
29944	MIM300675														
29945	MIM606947														
29946	MIM612125														
29947	MIM606588														
29948	MIM607975														
29949	MIM605687														
2995	MIM110750	MIM611162													
29951	MIM609730														
29952	MIM610537														
29953	MIM606950														
29954	MIM236670	MIM607439	MIM613150	MIM613156	MIM613158										
29956	MIM606920														
29957	MIM608744														
29958	MIM605849	MIM605850													
29959	MIM606010														
2996	MIM138590														
29960	MIM606906														
29964	MIM611389														
29965	MIM610503														
29966	MIM614766														
29968	MIM610936	MIM610992													
29969	MIM614511														
2997	MIM138570	MIM611556													
29978	MIM300264	MIM300857													
29979	MIM605046														
2998	MIM138571	MIM240600													
29980	MIM611428														
29984	MIM605781														
29985	MIM612168														
29986	MIM612166														
29988	MIM605245														
29989	MIM604606														
2999	MIM116831														
29990	MIM605342														
29991	MIM164320														
29992	MIM605341														
29993	MIM606512														
29994	MIM605683														
29995	MIM604859														
29997	MIM605691														
29998	MIM605690														
30	MIM604054														
3000	MIM204000	MIM600179	MIM601777												
30000	MIM603002														
30008	MIM604633	MIM614437													
30009	MIM208550	MIM604895													
3001	MIM140050														
30010	MIM604639														
30011	MIM300374														
30012	MIM604640														
30014	MIM300305														
3002	MIM123910														
3003	MIM600784														
3004	MIM600311														
3005	MIM142708														
3006	MIM142710														
30061	MIM604653	MIM606069													
30062	MIM601881	MIM611038													
3007	MIM142210														
3008	MIM142220														
3009	MIM142711														
301	MIM151690														
3010	MIM142712														
3012	MIM602786														
3013	MIM602792														
3014	MIM601772														
3015	MIM142763														
3017	MIM602799														
3018	MIM602803														
302	MIM151740														
3020	MIM601128														
3021	MIM601058														
3024	MIM142709														
3026	MIM188050	MIM603924													
3028	MIM300220	MIM300256	MIM300438	MIM300705											
3029	MIM138760	MIM614033													
3030	MIM600890	MIM609015	MIM609016												
3032	MIM143450	MIM609015													
3033	MIM231530	MIM601609	MIM609015	MIM609975											
3034	MIM235800	MIM609457													
3035	MIM142810	MIM614504													
3036	MIM601463														
3037	MIM601636														
3038	MIM602428														
3039	MIM140700	MIM141800	MIM604131	MIM613978											
3040	MIM140700	MIM141850	MIM604131	MIM613978											
3042	MIM609639														
3043	MIM140700	MIM141749	MIM141900	MIM603902	MIM603903	MIM613985									
3045	MIM142000														
3046	MIM142100														
3047	MIM141749	MIM142200													
3048	MIM141749	MIM142250	MIM613977												
3049	MIM142240														
3050	MIM142310														
3052	MIM300056	MIM309801													
3053	MIM142360	MIM612356													
3054	MIM300019														
3055	MIM142370														
3057	MIM266300														
3059	MIM601306														
306	MIM106490														
3060	MIM161400	MIM602358													
3061	MIM602392														
3062	MIM602393														
3063	MIM122460														
3064	MIM143100	MIM613004													
3065	MIM601241														
3066	MIM605164														
3067	MIM142704														
3068	MIM600339														
3069	MIM142695														
307	MIM106491														
3070	MIM603946														
3071	MIM141180														
3073	MIM272800	MIM606869													
3074	MIM268800	MIM606873													
3075	MIM126700	MIM134370	MIM235400	MIM609814	MIM610698										
3077	MIM104300	MIM176100	MIM176200	MIM235200	MIM612635	MIM613609	MIM614193								
3078	MIM134371	MIM235400	MIM603075												
308	MIM131230	MIM614391													
3080	MIM600889														
3081	MIM203500	MIM607474													
30811	MIM606532														
30812	MIM605923														
30813	MIM122000	MIM148300	MIM605020	MIM614195											
30815	MIM610135														
30816	MIM604659														
30817	MIM606100														
30818	MIM604662														
30819	MIM604661														
3082	MIM142409	MIM608265													
30820	MIM604660														
30827	MIM609150														
30829	MIM604519														
3083	MIM604552														
30833	MIM191720														
30834	MIM607525														
30835	MIM604672	MIM607948	MIM609423	MIM614371											
30836	MIM611199														
30837	MIM608788														
3084	MIM142445	MIM603013													
30844	MIM605892														
30845	MIM605891														
30846	MIM605890														
30848	MIM300396														
30849	MIM602610														
3086	MIM145981														
3087	MIM604420														
309	MIM114070														
3090	MIM603825														
3091	MIM603348														
3092	MIM176807	MIM601767													
3093	MIM602846														
3094	MIM601314														
3096	MIM194540														
30968	MIM608292														
3097	MIM143054														
3098	MIM142600	MIM235700													
3099	MIM601125														
31	MIM200350	MIM613933													
310	MIM186360														
3101	MIM142570														
3104	MIM165270														
3105	MIM142800	MIM608579													
3106	MIM106300	MIM140300	MIM142830	MIM608579											
3107	MIM142840	MIM177900	MIM609423												
3108	MIM142855														
3109	MIM142856														
311	MIM602572														
3110	MIM142994	MIM176450													
3111	MIM142930														
3112	MIM600629														
3113	MIM142880														
3115	MIM142858														
3117	MIM146880	MIM212750													
3118	MIM613503														
3119	MIM123400	MIM126200	MIM212750	MIM604305											
312	MIM602573														
3122	MIM142860														
3123	MIM126200	MIM142857	MIM180300	MIM181000											
3125	MIM612735														
3127	MIM604776														
313	MIM102593														
3131	MIM142385														
3133	MIM143010														
3134	MIM143110														
3135	MIM142871	MIM600807													
314	MIM602268														
3140	MIM600764														
3141	MIM253270	MIM609018													
3142	MIM142995														
3145	MIM176000	MIM609806													
3146	MIM163905														
3148	MIM163906														
3149	MIM300193														
3150	MIM163920														
3151	MIM163910														
3155	MIM246450	MIM613898													
3156	MIM142910														
3157	MIM142940														
3158	MIM600234	MIM605911													
3159	MIM125853	MIM600701													
316	MIM602841														
3160	MIM300337														
3161	MIM114480	MIM600936													
3162	MIM141250	MIM606963	MIM614034												
3163	MIM141251														
3164	MIM139139														
3166	MIM142992	MIM612109													
3167	MIM600647														
3169	MIM602294														
317	MIM602233														
3170	MIM600288														
3171	MIM602295														
3172	MIM125850	MIM125853	MIM600281												
3174	MIM605966														
3175	MIM604164														
3176	MIM600807	MIM605238													
317649	MIM609896														
317664	MIM608372														
317668	MIM608850														
317669	MIM608448														
317682	MIM608787														
317685	MIM193003														
3177	MIM602110														
317714	MIM607488														
317716	MIM607627														
317719	MIM608778														
317751	MIM607794														
317754	MIM607549														
317773	MIM607516														
317782	MIM609754														
3178	MIM164017														
318	MIM602852														
3181	MIM600124														
3182	MIM602688														
3183	MIM164020														
3184	MIM601324														
3185	MIM601037														
3187	MIM601035														
3188	MIM300610														
3189	MIM602324														
319	MIM107760														
3190	MIM600712														
3191	MIM603083														
319100	MIM608923														
319101	MIM608247														
3192	MIM602869														
3195	MIM186770														
3196	MIM604240														
3198	MIM142955	MIM601536													
3199	MIM604685	MIM612290													
32	MIM601557														
320	MIM602414														
3200	MIM142954														
3201	MIM142953														
3202	MIM142952														
3203	MIM142951														
3204	MIM142950														
3205	MIM142956														
3206	MIM142957														
3207	MIM142958	MIM605432													
3208	MIM142622														
3209	MIM140000	MIM142959	MIM176305												
321	MIM602712														
3211	MIM142968	MIM614744													
3212	MIM142967														
3213	MIM142966														
3214	MIM142965														
3215	MIM142960														
3216	MIM142961														
3217	MIM142962														
3218	MIM142963														
3219	MIM142964														
322	MIM602709														
3221	MIM142974														
3222	MIM142973														
3223	MIM142972														
3224	MIM142970														
3225	MIM142971														
3226	MIM605560														
3227	MIM605559														
3228	MIM142975														
3229	MIM142976														
323	MIM104300	MIM602710													
3231	MIM142987														
3232	MIM142980														
3233	MIM142981														
3234	MIM142985														
3235	MIM142982														
3236	MIM142984	MIM192950													
3237	MIM142986														
3238	MIM142988														
3239	MIM113200	MIM113300	MIM142989	MIM186000	MIM186300	MIM192350	MIM610713								
324	MIM114500	MIM114550	MIM135290	MIM175100	MIM611731	MIM613659									
3240	MIM140100	MIM614081													
3241	MIM600207														
3242	MIM140350	MIM276710	MIM609695												
3244	MIM236100														
3247	MIM142335														
3248	MIM119900	MIM259100	MIM601688												
3249	MIM142440														
325	MIM104770														
3250	MIM140210														
3251	MIM300322	MIM300323	MIM308000												
3257	MIM203300	MIM604982													
3258	MIM307700														
3259	MIM604461														
326	MIM240300	MIM607358													
3260	MIM167959														
3261	MIM167960														
3262	MIM600762														
3263	MIM142290														
326340	MIM607520														
326342	MIM612305														
3265	MIM109800	MIM162900	MIM163200	MIM188470	MIM190020	MIM218040									
3266	MIM300437														
326624	MIM609956														
326625	MIM251110	MIM607568													
3267	MIM600862														
3268	MIM604019														
3269	MIM600167														
327	MIM102645														
3270	MIM142705														
3272	MIM143025														
3273	MIM142640	MIM613116													
3274	MIM142703														
3275	MIM601961														
3276	MIM602950														
3278	MIM145000														
328	MIM107748														
3280	MIM139605														
3281	MIM604553														
3283	MIM109715														
3284	MIM201810	MIM613890													
329	MIM601712														
3290	MIM600713	MIM604931	MIM614662												
3291	MIM218030	MIM614232													
3292	MIM109684														
3293	MIM264300	MIM605573													
3294	MIM109685														
3295	MIM233400	MIM261515	MIM601860												
3297	MIM140580														
3298	MIM140581														
3299	MIM116800	MIM602438													
33	MIM609576														
330	MIM601721														
3300	MIM604139	MIM614881													
3301	MIM602837														
3303	MIM140550														
3304	MIM603012														
3305	MIM140559														
3306	MIM140560														
3308	MIM601113														
3309	MIM138120														
331	MIM300079	MIM300635	MIM308240												
3310	MIM140555														
3311	MIM140556														
3312	MIM600816														
3313	MIM600548														
3315	MIM602195	MIM606595	MIM608634												
3316	MIM602179														
332	MIM603352														
3320	MIM140571														
3321	MIM603491														
3324	MIM140575														
3326	MIM140572														
3329	MIM118190	MIM605280	MIM612233												
333	MIM104775														
3336	MIM600141														
3337	MIM604572														
3338	MIM604189														
3339	MIM142461	MIM224410	MIM255800												
333926	MIM609957														
333929	MIM612741														
334	MIM104776														
3340	MIM600853														
3341	MIM145700														
3342	MIM307150														
3343	MIM151310														
3344	MIM143089														
3345	MIM143090														
3346	MIM142701														
3347	MIM142702														
3349	MIM143460														
335	MIM105200	MIM107680	MIM604091												
3350	MIM109760	MIM614674													
3351	MIM182131														
3352	MIM182133														
3354	MIM182132														
3355	MIM182134														
3356	MIM103780	MIM164230	MIM181500	MIM182135	MIM606788	MIM608516									
3357	MIM601122														
3358	MIM312861														
3359	MIM182139														
336	MIM107670	MIM143890													
3360	MIM602164														
3361	MIM601305														
3362	MIM601109														
3363	MIM182137														
3364	MIM603760														
337	MIM107690														
3371	MIM187380														
3373	MIM601492	MIM607071													
3375	MIM147940														
3376	MIM600709														
3378	MIM601458														
337876	MIM609963														
337880	MIM600064														
337892	MIM607498														
337893	MIM607499														
337895	MIM607446														
337991	MIM608219														
338	MIM107730	MIM143890	MIM144010												
338026	MIM607447														
338027	MIM605833														
338030	MIM607248														
338090	MIM607584														
3381	MIM147563														
3382	MIM147625														
3383	MIM147840	MIM611162													
338321	MIM609663														
338322	MIM609662														
338323	MIM609665														
338328	MIM612757														
338331	MIM606766														
338332	MIM607202														
338333	MIM607324														
338334	MIM607339														
338339	MIM609964														
338340	MIM156240														
338342	MIM607501														
338377	MIM601228														
338386	MIM139900														
338398	MIM613968														
3384	MIM146630														
338411	MIM187260														
338433	MIM176270	MIM609837													
338434	MIM607644														
338435	MIM608703														
338436	MIM608450														
338442	MIM609163														
3385	MIM146631														
338557	MIM607514	MIM609044													
338567	MIM613655	MIM613656													
338596	MIM610139														
3386	MIM111250	MIM614088													
338645	MIM608178														
338674	MIM608492														
3387	MIM602066														
338785	MIM611160														
338872	MIM614285														
338917	MIM142993	MIM610092	MIM610093												
339	MIM600130														
339010	MIM608912														
339105	MIM610561														
339230	MIM614271														
339287	MIM614801														
339302	MIM609586														
339318	MIM606741														
339324	MIM613749														
339345	MIM608228														
339398	MIM609794														
3394	MIM601565														
339403	MIM609043														
339488	MIM614428														
3396	MIM603000														
3397	MIM600349														
3398	MIM600386														
339829	MIM613798	MIM613807													
339855	MIM605739														
339883	MIM611429														
3399	MIM600277														
339967	MIM611704														
339970	MIM608311														
339983	MIM610647	MIM614063													
34	MIM201450	MIM607008													
3400	MIM600581														
340024	MIM138500	MIM234500	MIM242600	MIM608893											
340061	MIM612374														
340075	MIM610009														
3401	MIM125852														
340146	MIM612519														
340152	MIM611106														
340168	MIM611111														
3402	MIM600318														
340205	MIM609714														
340206	MIM609716														
340267	MIM609996														
340273	MIM611785														
3403	MIM600319														
340348	MIM610120														
340419	MIM610575														
340441	MIM608915														
340481	MIM614605														
340485	MIM613492														
3405	MIM601941														
340533	MIM300524														
340542	MIM300693														
340547	MIM300620														
340596	MIM300566														
3406	MIM600321														
340654	MIM613923														
340665	MIM608428														
3407	MIM600883														
340719	MIM608226														
340784	MIM613380														
3409	MIM601942														
340900	MIM613249														
340990	MIM604487														
341	MIM107710														
3410	MIM601208														
341019	MIM608062														
341116	MIM608403														
3412	MIM601318														
341315	MIM604681														
341392	MIM614360														
3414	MIM601666														
3416	MIM146680														
341640	MIM219000	MIM608945													
3417	MIM147700														
3418	MIM147650	MIM613657													
3419	MIM601149														
3420	MIM604526	MIM612572													
342035	MIM608603														
342096	MIM610288														
3421	MIM300089														
342184	MIM136535														
3422	MIM604055														
3423	MIM300823	MIM309900													
342371	MIM614301														
342372	MIM607895														
3425	MIM252800	MIM607014	MIM607015	MIM607016											
342510	MIM609801														
342538	MIM609274														
3426	MIM217030	MIM235400	MIM610984	MIM612923											
3428	MIM147586														
3429	MIM600009														
342931	MIM612601														
342945	MIM165260														
342977	MIM608229														
343	MIM603750														
3430	MIM600735														
343035	MIM180040	MIM610612													
3431	MIM235550	MIM604457	MIM607948												
3433	MIM147040														
3434	MIM147690														
343413	MIM613562														
343450	MIM610044														
343472	MIM605212														
343505	MIM613997														
343521	MIM611713														
343637	MIM206800	MIM610573													
343641	MIM613900	MIM613908													
3437	MIM604650														
3439	MIM147660														
343930	MIM612209														
344	MIM207750	MIM238600	MIM608083												
3440	MIM147562														
344018	MIM608697	MIM612310													
3441	MIM147564														
344148	MIM608789														
344167	MIM612351														
344191	MIM142991														
3442	MIM147565														
3443	MIM147566														
3444	MIM147567														
3445	MIM147568														
3446	MIM147577														
3447	MIM147578														
3448	MIM147579														
344838	MIM614580														
344875	MIM612397														
344892	MIM609138														
3449	MIM147580														
344901	MIM610280														
344967	MIM611963														
345	MIM107720	MIM614028													
3451	MIM147583														
3452	MIM147584														
345274	MIM613366														
345275	MIM612127														
3454	MIM107450														
345456	MIM612812														
3455	MIM602376	MIM610424													
3456	MIM147640														
345611	MIM607948	MIM608212	MIM612278												
345643	MIM614086														
345651	MIM614835														
3458	MIM147570	MIM607948	MIM609135	MIM609423	MIM609532	MIM613254									
345895	MIM612647	MIM612649													
3459	MIM107470	MIM209950	MIM600263	MIM607948	MIM610424										
346	MIM600745														
3460	MIM147569	MIM209950													
346007	MIM602772	MIM612424													
346171	MIM601410	MIM612192													
346288	MIM612140														
346389	MIM612646														
346562	MIM139395														
3466	MIM147573														
346606	MIM610184														
346673	MIM609987														
3467	MIM147553														
347	MIM107740														
347148	MIM609795														
347240	MIM613747														
347252	MIM610413														
347344	MIM300498	MIM314998													
3475	MIM603502														
347527	MIM300586														
347541	MIM300466														
3476	MIM300139	MIM300472													
347729	MIM606744														
347730	MIM610867														
347731	MIM610869														
347732	MIM609120														
347733	MIM606854	MIM610031	MIM612850												
347734	MIM610788														
347735	MIM614549														
347737	MIM608645														
347741	MIM607828														
347747	MIM607592														
3478	MIM147061														
347853	MIM604648														
3479	MIM147440	MIM608747													
348	MIM104310	MIM107741	MIM269600	MIM603075	MIM606889	MIM611771									
3480	MIM147370	MIM270450													
3481	MIM130650	MIM147470	MIM180860												
348158	MIM614359														
3482	MIM147280														
3483	MIM601489														
348303	MIM607919														
3484	MIM146730														
3485	MIM146731														
3486	MIM146732														
348654	MIM612449														
3487	MIM146733														
348751	MIM614308														
3488	MIM146734														
348825	MIM611167														
3489	MIM146735														
348932	MIM610300														
348938	MIM609383	MIM612281													
348980	MIM602780														
348995	MIM608141														
3490	MIM602867	MIM614224													
3491	MIM602369														
349149	MIM611925														
3493	MIM146900														
3494	MIM147000														
3495	MIM147170														
349565	MIM608702														
3496	MIM146990														
349633	MIM611904														
349667	MIM610462														
3497	MIM147180														
35	MIM201470	MIM606885													
350	MIM138700														
3500	MIM147100														
3501	MIM147110														
3502	MIM147120														
3503	MIM147130														
350383	MIM609046														
3506	MIM147010														
3507	MIM147020	MIM601495													
3508	MIM600502														
3509	MIM147070														
351	MIM104300	MIM104760	MIM605714												
3512	MIM147790														
3514	MIM147200	MIM614102													
3515	MIM146780														
3516	MIM147183	MIM614814													
3519	MIM146980														
352909	MIM606763	MIM614566													
352956	MIM607829														
353	MIM102600	MIM614723													
353091	MIM609244														
353116	MIM614092														
353124	MIM606972														
353125	MIM607687														
353126	MIM607514														
353127	MIM607053														
353128	MIM607116														
353131	MIM612603														
353132	MIM612604														
353133	MIM612605														
353134	MIM612606														
353135	MIM612607														
353137	MIM612608														
353139	MIM612609														
353140	MIM612611														
353141	MIM612612														
353142	MIM612613														
353143	MIM612614														
353144	MIM612615														
353145	MIM612617														
353147	MIM607728														
353164	MIM613966														
353173	MIM135500														
353174	MIM610935														
353189	MIM609013														
353219	MIM608211														
353238	MIM610363														
353293	MIM270750														
353299	MIM611012														
353324	MIM609869														
353345	MIM609045														
353347	MIM609965														
353376	MIM608321														
353497	MIM610887														
353514	MIM606047														
3537	MIM147220														
354	MIM176820														
3543	MIM146770	MIM613500													
3546	MIM147240														
3547	MIM300137														
3548	MIM308500														
3549	MIM112500	MIM600726	MIM607778												
355	MIM134637	MIM601859													
3550	MIM600549														
3551	MIM603258														
3552	MIM147760														
3553	MIM137215	MIM147720													
3554	MIM147810														
3556	MIM602626														
3557	MIM137215	MIM147679	MIM612628	MIM612852											
3558	MIM147680														
3559	MIM147730	MIM601942	MIM606367												
356	MIM134638	MIM152700	MIM211980												
3560	MIM146710														
3561	MIM300400	MIM308380	MIM312863												
3562	MIM147740														
3563	MIM308385	MIM430000													
3565	MIM147780														
3566	MIM147050	MIM147781	MIM609423												
3567	MIM147850														
3568	MIM147851														
3569	MIM108010	MIM125853	MIM147620	MIM148000	MIM222100	MIM266600	MIM604302								
357	MIM300103														
3570	MIM147880	MIM614752													
3572	MIM600694														
3574	MIM146660														
3575	MIM146661	MIM608971													
3576	MIM146930														
3577	MIM146929	MIM609423													
3578	MIM146931														
3579	MIM146928														
358	MIM107776	MIM110450													
3581	MIM300007														
3586	MIM124092	MIM180300	MIM609423	MIM614395											
3587	MIM146933	MIM613148													
3588	MIM123889	MIM610424	MIM612567												
3589	MIM147681														
359	MIM107777	MIM125800													
3590	MIM600939	MIM614188													
3592	MIM161560														
3593	MIM161561	MIM209950	MIM600807												
3594	MIM209950	MIM601604													
3595	MIM601642														
3596	MIM147683	MIM600807	MIM607154												
3597	MIM300119														
359787	MIM608408														
3598	MIM300130														
359825	MIM607857														
36	MIM600301	MIM610006													
360	MIM600170	MIM607457													
3600	MIM600554														
3601	MIM601070														
360200	MIM610477														
360203	MIM613699														
360205	MIM610787														
360219	MIM610888														
3603	MIM603035														
3604	MIM602250														
3605	MIM603149														
3606	MIM600953														
3607	MIM147685														
3608	MIM603181														
3609	MIM603182														
361	MIM600308														
3611	MIM602366														
3612	MIM602064														
3613	MIM605922														
3614	MIM146690	MIM180105	MIM613837												
3615	MIM146691														
3617	MIM602870														
3619	MIM604411														
362	MIM600442														
3620	MIM147435														
3621	MIM275355	MIM601566													
3622	MIM604215														
3623	MIM147380														
3624	MIM147290														
3625	MIM147390														
3626	MIM601233														
3627	MIM147310														
3628	MIM147263														
363	MIM601383														
3630	MIM125852	MIM176730	MIM606176	MIM613370											
3631	MIM600916														
3632	MIM600106														
3633	MIM147264														
3635	MIM601582														
3636	MIM600829														
3638	MIM602055														
364	MIM602974	MIM614411													
3640	MIM146738	MIM219050													
3641	MIM600910														
3642	MIM600010														
3643	MIM125853	MIM147670	MIM246200	MIM262190	MIM609968	MIM610549									
3645	MIM147671														
3646	MIM602210														
3651	MIM125853	MIM260370	MIM600733	MIM606176	MIM606392										
3652	MIM147485														
3653	MIM176270	MIM601491													
3654	MIM300283														
3655	MIM147556	MIM226730													
3656	MIM603304														
3658	MIM147582														
3659	MIM137215	MIM147575	MIM211980												
366	MIM602914														
3660	MIM147576														
3661	MIM603734														
3662	MIM254500	MIM601900													
3663	MIM607218	MIM612245	MIM612251												
3664	MIM119300	MIM119500	MIM607199	MIM608864											
3665	MIM605047														
3667	MIM125853	MIM147545													
3669	MIM604533														
367	MIM176807	MIM300068	MIM300633	MIM312300	MIM313200	MIM313700									
3670	MIM600366														
3671	MIM602059														
3672	MIM192968														
3673	MIM192974														
3674	MIM273800	MIM607759													
3675	MIM605025	MIM614748													
3676	MIM192975														
3678	MIM135620														
3679	MIM600536	MIM613204													
368	MIM177850	MIM264800	MIM603234	MIM614473											
3680	MIM603963														
3681	MIM602453														
3682	MIM604682														
3683	MIM153370														
3684	MIM120980	MIM609939													
3685	MIM193210														
3687	MIM151510														
3688	MIM135630														
3689	MIM116920	MIM600065													
369	MIM311010														
3690	MIM173470	MIM273800	MIM608446												
3691	MIM131800	MIM147557	MIM226650	MIM226730											
3692	MIM602912														
3693	MIM147561														
3694	MIM147558														
3695	MIM147559														
3696	MIM604160														
3697	MIM147270														
3698	MIM146640														
3699	MIM146650														
37	MIM201475	MIM609575													
3700	MIM143890	MIM600564													
3702	MIM186973	MIM613011													
3703	MIM601134														
3704	MIM147520	MIM613850													
3705	MIM601838														
3706	MIM147521														
3707	MIM147522														
3708	MIM147265	MIM606658													
3709	MIM600144														
3710	MIM147267	MIM222100													
3712	MIM243500	MIM607036													
3713	MIM147360														
3714	MIM602570														
3716	MIM147795														
3717	MIM147796	MIM187950	MIM254450	MIM263300	MIM600880	MIM601626	MIM614521								
3718	MIM600173	MIM600802													
3719	MIM147791														
372	MIM600820														
3720	MIM601594														
3725	MIM165160														
3726	MIM165161														
3727	MIM165162														
3728	MIM173325	MIM601214	MIM611528												
3729	MIM187310														
373	MIM601747														
3730	MIM300836	MIM308700													
373071	MIM607836														
373073	MIM608027														
373156	MIM602321														
3732	MIM176807	MIM600623													
3735	MIM601421	MIM613641													
3736	MIM160120	MIM176260													
3737	MIM176262														
3738	MIM176263														
373861	MIM608101														
373863	MIM609385														
3739	MIM176266														
374	MIM104640														
3741	MIM176267	MIM612240													
3742	MIM176257														
374286	MIM604596														
374291	MIM256000	MIM601825													
3743	MIM176268														
374308	MIM611791														
374383	MIM613714														
3744	MIM602420														
374403	MIM610831														
374407	MIM610263														
374454	MIM611158														
374462	MIM603317	MIM613391													
3745	MIM600397														
3746	MIM176258														
374654	MIM200990	MIM611254	MIM614120												
3747	MIM176256														
374739	MIM610264														
3748	MIM176264	MIM605259													
374868	MIM614446														
374879	MIM609571														
374882	MIM613771														
374897	MIM609969														
3749	MIM176265														
374918	MIM610544														
374946	MIM612682														
375	MIM103180														
3750	MIM300281														
375033	MIM610278														
375056	MIM613455														
3751	MIM605410														
3752	MIM605411														
375298	MIM608380	MIM608381													
3753	MIM176261	MIM612347	MIM613695												
375318	MIM609789														
375323	MIM610240														
375337	MIM614412														
3754	MIM603787														
3755	MIM603788														
375519	MIM611921														
375567	MIM611108														
375593	MIM612549														
3756	MIM603305														
375611	MIM604943	MIM613865													
375612	MIM609719														
375616	MIM609344														
375686	MIM610874														
3757	MIM152427	MIM609620	MIM613688												
375775	MIM612122														
375790	MIM103320	MIM254300													
3758	MIM241200	MIM600359													
3759	MIM170390	MIM600681	MIM609622	MIM613980											
3760	MIM601534														
3761	MIM600504														
376132	MIM610846														
3762	MIM600734	MIM613485	MIM613677												
3763	MIM600877														
3764	MIM600935														
376497	MIM600691														
3765	MIM600932														
3766	MIM274600	MIM600791	MIM602208	MIM612780											
3767	MIM125853	MIM600937	MIM601820	MIM606176	MIM610582										
3768	MIM602323														
3769	MIM193230	MIM603208	MIM614186												
377	MIM103190														
3770	MIM603953														
3772	MIM602106														
3773	MIM605722														
3775	MIM601745														
3776	MIM603219														
377630	MIM610186														
377677	MIM611436														
3777	MIM603220														
3778	MIM600150	MIM609446													
3779	MIM603951	MIM608622													
378	MIM601177														
3780	MIM602982														
3781	MIM605879														
378108	MIM612550														
3782	MIM602983														
3783	MIM602754														
3784	MIM130650	MIM192500	MIM220400	MIM607542	MIM607554	MIM609621									
378426	MIM608391														
378427	MIM608392														
378484	MIM300518														
3785	MIM121200	MIM602235	MIM613720												
3786	MIM121201	MIM602232													
3787	MIM602905														
378706	MIM612179														
378707	MIM612180														
378708	MIM609130														
3788	MIM602906														
378807	MIM609121														
378882	MIM300505														
378884	MIM254780	MIM608072													
378888	MIM608088														
378938	MIM607924														
379	MIM600732														
3790	MIM603888														
379003	MIM608264														
3791	MIM191306	MIM602089													
3792	MIM110900	MIM613883													
3795	MIM229800	MIM614058													
3796	MIM602591														
3797	MIM602845														
3798	MIM602821	MIM604187													
3799	MIM602809														
38	MIM203750	MIM607809													
3800	MIM604593														
3801	MIM604535														
3802	MIM604936														
3803	MIM604937														
3804	MIM604938														
3805	MIM604945														
3806	MIM604952														
3808	MIM604954														
3809	MIM604955														
381	MIM103188														
3810	MIM604956														
3811	MIM604946	MIM609423													
3812	MIM604947														
3814	MIM146110	MIM603286	MIM614842												
3815	MIM154800	MIM164920	MIM172800	MIM273300	MIM601626	MIM606764									
3816	MIM147910														
3817	MIM147960														
3818	MIM229000	MIM612423													
382	MIM600464														
3820	MIM602890														
3821	MIM161555														
3822	MIM602891														
3823	MIM602892														
3824	MIM602894														
3827	MIM228960	MIM612358													
383	MIM207800	MIM608313													
3831	MIM600025														
3832	MIM148760	MIM152950													
3833	MIM603763														
3834	MIM603815														
3835	MIM603213	MIM603546													
3836	MIM600686														
3837	MIM602738														
3838	MIM600685														
3839	MIM601892														
384	MIM107830														
3840	MIM602970														
3841	MIM604545														
3842	MIM602901														
3843	MIM602008														
3845	MIM109800	MIM114480	MIM115150	MIM137215	MIM163200	MIM190070	MIM211980	MIM260350	MIM609942						
3846	MIM148021														
3848	MIM113800	MIM139350	MIM144200	MIM146590	MIM600962	MIM607602	MIM607654								
3849	MIM146800	MIM600194													
3850	MIM122100	MIM148043													
3851	MIM123940	MIM193900													
3852	MIM131760	MIM131800	MIM131900	MIM131960	MIM148040	MIM179850	MIM609352								
3853	MIM148041	MIM167200													
3854	MIM148042	MIM167210													
3855	MIM148059														
3856	MIM148060														
3857	MIM144200	MIM607606													
3858	MIM113800	MIM148080	MIM607602	MIM609165											
3859	MIM122100	MIM601687													
3860	MIM148065	MIM193900													
3861	MIM125595	MIM131760	MIM131800	MIM131900	MIM148066	MIM161000	MIM601001								
3866	MIM148030														
386616	MIM608664														
386653	MIM609509														
386746	MIM607234														
3868	MIM144200	MIM148067	MIM167200	MIM600962	MIM613000										
387	MIM165390														
387032	MIM611643														
387066	MIM613263														
387082	MIM600320	MIM608829													
387103	MIM611264														
387129	MIM608584	MIM608595													
3872	MIM148069	MIM167210	MIM184500												
387264	MIM148022														
387281	MIM152424	MIM604131													
387332	MIM608964														
387357	MIM613607														
387496	MIM612403														
3875	MIM148070														
387509	MIM614269														
387521	MIM610994														
387569	MIM125520														
387570	MIM127500														
387572	MIM167870														
387573	MIM300464														
387574	MIM606483														
387575	MIM607329														
387576	MIM607508														
387577	MIM608049														
387578	MIM608173														
387579	MIM608174														
387581	MIM608176														
387582	MIM608207														
387583	MIM608220														
387584	MIM608316														
387585	MIM608318														
387601	MIM610792														
387700	MIM611910	MIM612018													
387715	MIM611313	MIM613778													
387733	MIM610967	MIM614757													
387755	MIM610668														
387775	MIM607580														
387778	MIM614030														
387836	MIM612087														
387849	MIM610848														
387893	MIM607240														
387911	MIM614148														
388	MIM165370														
3880	MIM148020														
388015	MIM611896														
3881	MIM601077														
388125	MIM610344														
3882	MIM602760														
3883	MIM602761														
388325	MIM614406														
388372	MIM610757														
388389	MIM614677	MIM614679													
3884	MIM602762														
388403	MIM609723														
3885	MIM602763														
388531	MIM607814	MIM608415													
388551	MIM614591	MIM614614													
388552	MIM609762	MIM614077													
388555	MIM610546														
388585	MIM607348														
3886	MIM602764														
388630	MIM614913														
388646	MIM612468														
388650	MIM614542														
388662	MIM610299														
3887	MIM158000	MIM602153													
388753	MIM614772														
3888	MIM601078														
3889	MIM158000	MIM602765													
388939	MIM613425	MIM613428													
388962	MIM613183	MIM614299													
389	MIM165380														
3890	MIM602766														
389015	MIM600531														
389058	MIM609391														
389075	MIM612721														
3891	MIM602032	MIM602767													
389136	MIM609980														
389170	MIM613536														
3892	MIM158000	MIM601928													
389207	MIM613283	MIM613285													
389289	MIM611296														
389396	MIM614763														
389421	MIM611044														
389434	MIM274800	MIM612025													
3895	MIM600381														
389524	MIM608900														
389549	MIM613301														
3896	MIM148370														
389611	MIM613042														
389630	MIM613051														
389692	MIM610303														
3897	MIM303350	MIM304100	MIM307000	MIM308840											
3898	MIM602314														
389816	MIM613505														
389840	MIM300820														
389852	MIM300593														
3899	MIM601464														
39	MIM100678														
390	MIM602924														
3902	MIM153337														
390226	MIM601138														
390259	MIM611074														
3903	MIM602992														
3904	MIM602993														
390443	MIM614014														
3905	MIM153435														
390502	MIM107410														
390594	MIM609273	MIM613727													
390598	MIM611273														
3906	MIM149750														
390664	MIM614147														
390667	MIM613442														
390788	MIM609467														
3908	MIM156225	MIM607855													
390874	MIM611294														
3909	MIM226650	MIM226700	MIM245660	MIM600805											
390928	MIM610490														
390992	MIM609971														
391	MIM179505														
3910	MIM600133														
391051	MIM191540														
391059	MIM611578														
3911	MIM601033														
3912	MIM150240														
3913	MIM150325	MIM609049	MIM614199												
3914	MIM150310	MIM226650	MIM226700												
3915	MIM150290														
3916	MIM153330														
391627	MIM607011														
3918	MIM150292	MIM226650	MIM226700												
392	MIM602732														
3920	MIM300257	MIM309060													
3921	MIM150370	MIM604400													
392255	MIM118100	MIM601147	MIM613094	MIM613703											
392399	MIM612903														
3925	MIM151442														
392636	MIM613738														
3927	MIM602920														
392862	MIM610639														
3929	MIM151990														
393	MIM300023														
3930	MIM169400	MIM215140	MIM600024	MIM613471											
3931	MIM136120	MIM245900	MIM606967												
3932	MIM153390														
3933	MIM151675														
3934	MIM600181														
3935	MIM165320														
3936	MIM153430														
3937	MIM601603														
3938	MIM223000	MIM603202													
3939	MIM150000	MIM612933													
394	MIM602680														
3945	MIM150100	MIM614128													
3948	MIM150150														
3949	MIM143890	MIM606945													
395	MIM300118														
3950	MIM602882														
3952	MIM164160														
3953	MIM601007														
3954	MIM604407														
3955	MIM602576	MIM609813													
3956	MIM150570														
3957	MIM150571	MIM608446													
3958	MIM153619														
3959	MIM600626														
396	MIM601925														
3960	MIM602518														
3963	MIM600615														
3964	MIM606099														
3965	MIM601879														
397	MIM602843														
3972	MIM152780														
3973	MIM152790	MIM176410	MIM238320												
3975	MIM601999														
3976	MIM159540														
3977	MIM151443	MIM601559													
3978	MIM126391														
398	MIM602844														
3980	MIM600940														
3981	MIM254500	MIM601837	MIM602450	MIM606593											
3982	MIM154045														
3983	MIM602330														
3984	MIM601329														
3985	MIM601988														
3987	MIM602567														
3988	MIM278000	MIM613497													
3989	MIM247980														
399	MIM602037														
3990	MIM125853	MIM151670	MIM612797	MIM614025											
3991	MIM151750														
3992	MIM606148														
399473	MIM609293														
3995	MIM606150														
399512	MIM610818														
399516	MIM611572														
399564	MIM611276														
399565	MIM613085														
3996	MIM600966														
399664	MIM611009														
399665	MIM610891														
399687	MIM610067														
3998	MIM227300	MIM601567													
40	MIM601784														
400	MIM603425														
4000	MIM115200	MIM150330	MIM151660	MIM159001	MIM176670	MIM181350	MIM212110	MIM212112	MIM248370	MIM275210	MIM605588	MIM610140	MIM613205		
4001	MIM150340	MIM169500													
4004	MIM186921														
4005	MIM180385														
400500	MIM613746														
400569	MIM612383														
4007	MIM300111														
4008	MIM604362														
400818	MIM613999														
400866	MIM611723														
400892	MIM113630														
4009	MIM600298														
400935	MIM613414														
400961	MIM611018														
400966	MIM612704														
401	MIM602078	MIM602753													
4010	MIM161200	MIM602575													
401115	MIM614690														
401135	MIM610892														
401138	MIM610912														
401190	MIM610890														
4012	MIM151300														
401250	MIM609624														
401265	MIM610749														
4013	MIM602929														
4014	MIM152445	MIM604117													
4015	MIM153455														
401541	MIM611505														
4016	MIM153456	MIM177650													
401647	MIM614189														
4017	MIM606663														
4018	MIM152200														
402	MIM601175														
402055	MIM602254														
4023	MIM144250	MIM238600	MIM609708												
402381	MIM610224														
402415	MIM300684														
4025	MIM150205														
402569	MIM614107														
4026	MIM600700	MIM601626													
402682	MIM611481														
4029	MIM151626														
403	MIM604695														
4030	MIM151628														
4033	MIM602003														
403313	MIM611666														
403314	MIM609908														
403341	MIM611692														
4035	MIM107770														
4036	MIM222448	MIM600073													
4037	MIM603159														
4038	MIM212780	MIM604270	MIM614305												
4040	MIM603507	MIM610947													
404086	MIM609439														
4041	MIM133780	MIM144750	MIM166710	MIM259770	MIM601813	MIM601884	MIM603506	MIM607634	MIM607636						
404217	MIM600135														
404281	MIM300570														
4043	MIM104225														
4045	MIM603241														
4046	MIM153432														
404672	MIM601675	MIM608780													
404677	MIM608447														
404679	MIM608423														
404682	MIM608474														
404683	MIM608410														
404684	MIM608251														
404685	MIM608045														
404686	MIM608078														
4047	MIM600909														
404713	MIM608445														
404714	MIM608437														
404715	MIM128700														
404716	MIM607949														
404719	MIM608462														
404720	MIM600156														
404744	MIM608596														
404785	MIM608916														
4048	MIM151570														
4049	MIM153440	MIM607507	MIM608446	MIM610988											
405	MIM126110														
4050	MIM600978														
4051	MIM601270														
4052	MIM150390														
4053	MIM251750	MIM602091	MIM613086	MIM614819											
4054	MIM602090	MIM613097													
4055	MIM600979														
4056	MIM246530	MIM614037													
4057	MIM150210														
405753	MIM274900	MIM612772													
405754	MIM610524														
4058	MIM151520														
4059	MIM111200	MIM247420	MIM612773												
406	MIM602550														
4060	MIM600616														
4061	MIM601384														
4062	MIM603625														
406214	MIM608545														
406215	MIM608586														
406216	MIM608583														
406237	MIM608526														
406238	MIM608031														
4063	MIM600684														
4064	MIM602226														
4065	MIM604524														
4066	MIM151440														
4067	MIM165120														
4068	MIM300490	MIM308240													
406874	MIM608995														
406881	MIM605386														
406882	MIM612142														
406883	MIM612143														
406884	MIM611249														
406885	MIM612144														
406886	MIM612145														
406887	MIM611250														
406888	MIM612146														
406889	MIM300721														
406890	MIM612102														
406891	MIM612148														
406892	MIM613186														
406893	MIM612511														
406894	MIM612512														
406895	MIM613187														
406896	MIM613188														
406897	MIM300811														
406898	MIM300812														
406899	MIM300792														
4069	MIM105200	MIM153450													
406900	MIM612983														
406901	MIM613189														
406902	MIM610173														
406903	MIM611576														
406904	MIM609326														
406905	MIM610252														
406906	MIM609582														
406907	MIM609327														
406910	MIM611191														
406911	MIM610104														
406912	MIM610105														
406913	MIM611767														
406914	MIM611709														
406915	MIM611774														
406916	MIM611769														
406919	MIM610175														
406920	MIM613682														
406921	MIM610016														
406922	MIM610254														
406923	MIM610255														
406924	MIM610164														
406927	MIM611710														
406928	MIM614304														
406929	MIM613394														
406930	MIM613395														
406932	MIM611894														
406933	MIM612093														
406935	MIM612117														
406936	MIM612070														
406937	MIM611795														
406938	MIM610566														
406940	MIM613786														
406942	MIM611114														
406943	MIM613788														
406947	MIM609337														
406948	MIM609703														
406950	MIM609704														
406952	MIM609416														
406953	MIM609417														
406954	MIM612743														
406955	MIM612744														
406956	MIM612745														
406957	MIM612746														
406958	MIM611607														
406959	MIM611608														
406960	MIM613146	MIM614303													
406963	MIM612698														
406967	MIM610939														
406968	MIM614733														
406969	MIM610940														
406970	MIM610941														
406971	MIM610718														
406972	MIM608632														
406973	MIM609687														
406974	MIM611189														
406976	MIM610719														
406977	MIM610720														
406978	MIM614791														
406979	MIM609418														
406980	MIM609419														
406981	MIM300722														
406982	MIM609420														
406983	MIM612090														
406984	MIM612091														
406985	MIM612092														
406986	MIM611899														
406987	MIM610942														
406988	MIM613147														
406989	MIM611599														
406990	MIM611116														
406991	MIM611020														
406992	MIM612982														
406993	MIM613753														
406994	MIM613487														
406995	MIM612742														
406996	MIM610721														
406997	MIM610943														
406998	MIM610944														
407	MIM301770														
4070	MIM137290	MIM204870													
407002	MIM611500														
407004	MIM612077														
407006	MIM300568														
407007	MIM300569														
407008	MIM300694														
407009	MIM300769														
407010	MIM607962														
407011	MIM610723														
407012	MIM609705														
407013	MIM610724														
407014	MIM612150														
407015	MIM612151														
407016	MIM613057														
407017	MIM612152														
407018	MIM612153														
407019	MIM610636														
407020	MIM612154														
407021	MIM610782														
407022	MIM610945														
407024	MIM610783														
407026	MIM610784														
407028	MIM614596														
407029	MIM612329														
407035	MIM612155														
407036	MIM609355														
407037	MIM614112														
407039	MIM612156														
407040	MIM611172														
407041	MIM611374														
407042	MIM611375														
407046	MIM611186														
407047	MIM611187														
407048	MIM609422														
407050	MIM612984														
407051	MIM611188														
407052	MIM613185														
407053	MIM611606	MIM613074													
407054	MIM300810														
407055	MIM614509														
407056	MIM614510														
4071	MIM191155														
4072	MIM185535	MIM613217	MIM613244												
4074	MIM154540														
4076	MIM601178														
4077	MIM166945														
407973	MIM608687														
407975	MIM609415	MIM614326													
408	MIM107940														
4080	MIM309800														
408050	MIM609159														
4081	MIM601280														
4082	MIM177061														
408221	MIM609306														
408257	MIM608646														
408258	MIM608647														
408259	MIM608656														
408260	MIM608658														
4084	MIM600021														
4085	MIM601467														
4086	MIM601595														
4087	MIM601366														
4088	MIM603109	MIM613795													
4089	MIM139210	MIM174900	MIM175050	MIM187300	MIM600993										
409	MIM107941														
4090	MIM603110														
4091	MIM602931	MIM614823													
4092	MIM602932	MIM612229													
4093	MIM178600	MIM603295													
4094	MIM177075	MIM610202													
4095	MIM125480														
4096	MIM309200														
4097	MIM602020														
4099	MIM159460														
41	MIM602866														
410	MIM250100	MIM607574													
4100	MIM300016														
4101	MIM300173														
4102	MIM300174														
4103	MIM300175														
4104	MIM300340														
4105	MIM300176														
4107	MIM300341														
4108	MIM300342														
4109	MIM300343														
411	MIM253200	MIM611542													
4110	MIM300344														
4111	MIM300177														
4112	MIM300097														
4113	MIM300098														
4114	MIM300152														
4115	MIM300153														
4116	MIM602603														
4117	MIM154235	MIM614181													
4118	MIM188860														
412	MIM300747	MIM308100													
4121	MIM604344														
4122	MIM600988														
4123	MIM154580														
4124	MIM154582														
4125	MIM248500	MIM609458													
4126	MIM248510	MIM609489													
4128	MIM300615	MIM309850													
4129	MIM309860														
413	MIM301780														
4130	MIM600178														
4131	MIM157129														
4133	MIM157130														
4134	MIM157132														
4135	MIM601783														
4137	MIM157140	MIM168600	MIM172700	MIM260540	MIM600274	MIM601104									
4139	MIM606511														
414	MIM300002														
4140	MIM602678														
414058	MIM102510														
414059	MIM610144														
414060	MIM610806														
414062	MIM609468														
4141	MIM156560														
4142	MIM165180														
4143	MIM250850	MIM610550													
414328	MIM611343														
414332	MIM612904														
4144	MIM601468														
4145	MIM600038														
4146	MIM115437														
4147	MIM602108														
4148	MIM140600	MIM602109	MIM607078	MIM608728											
414886	MIM609041														
414899	MIM608853														
4149	MIM154950	MIM171300													
415	MIM300180	MIM302950													
4150	MIM600999														
4151	MIM160000														
415116	MIM610580														
4152	MIM156535														
4153	MIM154545	MIM614372													
4154	MIM606516														
4155	MIM159430														
4156	MIM157900														
4157	MIM155555	MIM203200	MIM266300	MIM613098	MIM613099										
4158	MIM202200	MIM607397													
4159	MIM155540	MIM602025	MIM607948												
416	MIM300003														
4160	MIM155541	MIM601665													
4161	MIM600042														
4162	MIM155735														
4163	MIM159350														
4166	MIM217800	MIM605294													
4167	MIM136550														
4168	MIM311030														
4169	MIM174000														
417	MIM601625														
4170	MIM159552														
4171	MIM116945														
4172	MIM602693														
4173	MIM602638														
4174	MIM602696														
4175	MIM223100	MIM601806													
4176	MIM600592														
4179	MIM120920	MIM235400	MIM612922												
4183	MIM309605														
4184	MIM601148														
4185	MIM155120														
4188	MIM604971														
4189	MIM602634														
419	MIM603086														
4190	MIM154200														
4191	MIM154100														
4192	MIM162096														
4193	MIM164785	MIM614401													
4194	MIM602704														
4195	MIM601846														
4199	MIM154250														
420	MIM110600														
4200	MIM154270	MIM600669	MIM610064												
4201	MIM143170														
4204	MIM105830	MIM300005	MIM300055	MIM300260	MIM300496	MIM300673	MIM312750								
4205	MIM600660	MIM608320													
4208	MIM312750	MIM600662	MIM613443												
4209	MIM600663														
421	MIM602269														
4210	MIM134610	MIM249100	MIM608107												
4211	MIM601739														
4212	MIM601740														
4214	MIM600982	MIM613762													
4215	MIM602539														
4216	MIM602425														
4217	MIM602448														
4218	MIM165040														
4221	MIM131100	MIM145000	MIM613733												
4222	MIM600147														
4223	MIM600535														
4224	MIM600388														
4225	MIM600389														
4232	MIM601029														
4233	MIM114550	MIM164860	MIM605074	MIM611015											
4234	MIM604466														
4235	MIM309630														
4236	MIM600215														
4237	MIM156790														
4238	MIM600491														
4239	MIM600596														
424	MIM602086														
4240	MIM602281														
4241	MIM155750														
4242	MIM602577														
4245	MIM160995														
4246	MIM604398														
4247	MIM212066	MIM602616													
4248	MIM604621														
4249	MIM601774														
425	MIM602087														
4250	MIM605562														
4251	MIM309300														
4253	MIM602132														
4254	MIM145250	MIM184745	MIM611664												
4255	MIM156569														
4256	MIM154870	MIM245150													
4257	MIM138330														
4258	MIM601733														
4259	MIM604564														
4261	MIM180300	MIM209920	MIM600005												
4264	MIM154275														
4265	MIM600467														
4266	MIM601888														
4267	MIM313470	MIM450000													
427	MIM159950	MIM228000	MIM613468												
4270	MIM108990														
4273	MIM107254														
4277	MIM602436														
4281	MIM300000	MIM300552													
4282	MIM153620	MIM604302													
4283	MIM601704														
4284	MIM154050	MIM604219													
4285	MIM602241														
4286	MIM103470	MIM103500	MIM156845	MIM193510											
4287	MIM109150	MIM607047													
4288	MIM176741														
4289	MIM605623														
429	MIM100790	MIM209880													
4291	MIM601402	MIM601626													
4292	MIM120436	MIM158320	MIM276300	MIM609310											
4293	MIM600136														
4294	MIM600137														
4295	MIM158270														
4296	MIM600050														
4297	MIM159555	MIM605130													
4298	MIM159556														
4299	MIM159557														
43	MIM100740	MIM112100													
430	MIM601886														
4300	MIM159558														
4301	MIM159559														
4302	MIM600328														
4303	MIM300033														
4306	MIM177735	MIM600983	MIM605115												
4308	MIM603576	MIM613216													
4309	MIM157960														
431	MIM108800														
4311	MIM120520														
4312	MIM120353	MIM226600	MIM606963												
4313	MIM120360	MIM259600													
4314	MIM185250														
4316	MIM178990														
4317	MIM120355														
431704	MIM612407														
431705	MIM608860														
431707	MIM604425														
431708	MIM608520														
431709	MIM608691														
431710	MIM608638														
431711	MIM608631														
431712	MIM608591														
4318	MIM120361	MIM613073													
4319	MIM185260														
432	MIM108360														
4320	MIM185261														
4321	MIM601046														
4322	MIM600108	MIM602111													
4323	MIM600754														
4324	MIM602261														
432400	MIM608762														
4325	MIM602262														
4326	MIM602285														
4327	MIM601807														
4329	MIM603178	MIM614105													
433	MIM108361														
4330	MIM156100	MIM607174													
4331	MIM602659														
4332	MIM159553														
4333	MIM138800														
4335	MIM603039														
4336	MIM600948														
4337	MIM252150	MIM603707													
4338	MIM252150	MIM603708													
434	MIM600201	MIM611742													
4340	MIM159465	MIM614250													
4342	MIM190060														
4343	MIM610742														
4345	MIM155970														
435	MIM207900	MIM608310													
4350	MIM156565														
4351	MIM154550	MIM602579													
4352	MIM159530	MIM187950	MIM254450	MIM601977	MIM604498										
4353	MIM104300	MIM254600	MIM606989												
4354	MIM305360														
4355	MIM600723														
4356	MIM601114														
4357	MIM602496														
4358	MIM137960	MIM256810													
4359	MIM118200	MIM145900	MIM159440	MIM180800	MIM605253	MIM607677	MIM607736	MIM607791							
4360	MIM153618														
4361	MIM600814	MIM604391													
4363	MIM158343														
4364	MIM309620														
4365	MIM309530														
4367	MIM300428														
437	MIM107250														
4378	MIM300062														
438	MIM300015	MIM402500													
4384	MIM300047														
43847	MIM606135														
43849	MIM605539														
4387	MIM300046														
439	MIM601913														
4397	MIM126200														
440	MIM108370														
440044	MIM611696														
440068	MIM609490														
440073	MIM612118														
440081	MIM601151														
440138	MIM613661	MIM613666													
440145	MIM613448														
440193	MIM611204														
440270	MIM609619														
440275	MIM609280														
440279	MIM614568														
440435	MIM614515	MIM614565													
440503	MIM613248														
440533	MIM176397														
4406	MIM300372														
440730	MIM610584														
440738	MIM609605														
440804	MIM612700														
440822	MIM610314														
440823	MIM608446	MIM611082													
440854	MIM610229														
440915	MIM611266														
441024	MIM614047														
441061	MIM613338														
441161	MIM611689														
4412	MIM300114														
4413	MIM300115														
441314	MIM613049														
441315	MIM613043														
441317	MIM613044														
441324	MIM613045														
441326	MIM613052														
441327	MIM613046														
441328	MIM613047														
4415	MIM300504														
441519	MIM300794														
441520	MIM300795														
441521	MIM300796														
441525	MIM300667														
441531	MIM300567														
441549	MIM611233														
4416	MIM300324														
441933	MIM611677														
442721	MIM608006														
442862	MIM400041	MIM415000													
442890	MIM610946														
442892	MIM613787														
442894	MIM614597														
442895	MIM614598														
442896	MIM614599														
4429	MIM300218														
442900	MIM613755														
442901	MIM613701														
442904	MIM611768														
442906	MIM614059														
442911	MIM611190														
442912	MIM614600														
442913	MIM610983														
442914	MIM611794														
442915	MIM612553														
442916	MIM612043														
442917	MIM612044														
442918	MIM611954														
442920	MIM609688														
443	MIM271900	MIM608034													
4430	MIM606537														
4434	MIM311400														
4435	MIM300149														
4436	MIM120435	MIM158320	MIM276300	MIM609309											
4437	MIM600887														
4438	MIM602105														
4439	MIM603382														
444	MIM600582														
4440	MIM603328														
444882	MIM610547														
444980	MIM608742														
445	MIM215700	MIM603470													
445347	MIM609642														
445571	MIM611080														
445582	MIM608914														
4477	MIM157145	MIM611928													
4478	MIM309845														
4481	MIM153622	MIM176807	MIM614266												
4482	MIM601250														
4484	MIM132800														
4485	MIM142408														
4486	MIM600168														
4487	MIM106600	MIM142983	MIM189500	MIM608874											
4488	MIM123101	MIM168500	MIM168550	MIM604757											
448831	MIM609032														
448834	MIM613260														
4489	MIM156350														
448963	MIM609941														
4490	MIM156349														
449013	MIM608542														
449015	MIM608781														
449016	MIM608558														
449017	MIM608559														
449018	MIM608816														
4493	MIM156351														
4494	MIM156352														
449483	MIM612433														
449484	MIM610154														
449488	MIM609647														
449489	MIM609946														
4495	MIM156353														
449520	MIM609495														
4496	MIM156354														
449619	MIM614013														
4498	MIM156356														
4499	MIM156357														
4500	MIM156358														
450086	MIM608907														
450087	MIM608903														
450088	MIM608904														
450089	MIM608905														
450090	MIM608906														
450092	MIM608932														
450093	MIM608935														
450094	MIM608908														
450095	MIM608852														
450096	MIM608562														
450097	MIM608831														
4501	MIM156359														
4502	MIM156360														
4504	MIM139255														
4507	MIM156540														
4515	MIM300116														
4520	MIM600172														
4521	MIM600312														
4522	MIM172460	MIM601634													
4524	MIM181500	MIM188050	MIM236250	MIM601634	MIM607093										
4528	MIM603766														
4534	MIM300415	MIM310400													
4542	MIM601480														
4543	MIM600665														
4544	MIM125853	MIM600804													
4547	MIM157147	MIM200100	MIM605552												
4548	MIM156570	MIM190685	MIM250940	MIM601634											
4552	MIM236270	MIM601634	MIM602568												
4580	MIM600605														
4582	MIM158340														
4583	MIM158370														
4584	MIM158371														
4585	MIM158372														
4586	MIM158373														
4588	MIM158374														
4589	MIM158375	MIM600807													
4590	MIM601932														
4591	MIM253250	MIM605073													
4593	MIM601296	MIM608931													
4594	MIM251000	MIM609058													
4595	MIM132600	MIM137215	MIM175100	MIM604933	MIM608456										
4597	MIM603236														
4598	MIM251170	MIM260920	MIM610377												
4599	MIM147150														
46	MIM200990														
460	MIM600904														
4600	MIM147890														
4601	MIM176807	MIM600020													
4602	MIM189990														
4603	MIM159405														
4604	MIM160794	MIM614335													
4605	MIM601415														
4606	MIM160793														
4607	MIM115197	MIM115200	MIM212110	MIM600958											
4608	MIM160795														
4609	MIM113970	MIM190080													
4610	MIM164850														
4611	MIM310310														
4612	MIM164865														
4613	MIM164840														
4615	MIM153600	MIM602170	MIM612260												
4616	MIM604948														
4617	MIM159990														
4618	MIM159991	MIM160150	MIM300376	MIM614408											
4619	MIM160730														
462	MIM107300	MIM613118													
4620	MIM160740	MIM605637													
4621	MIM160720	MIM193700	MIM601680												
4622	MIM160742														
4624	MIM160710	MIM192600	MIM212110	MIM613251	MIM613252	MIM614089	MIM614090								
4625	MIM160500	MIM160760	MIM181430	MIM192600	MIM608358	MIM613426									
4626	MIM158300	MIM160741	MIM608837												
4627	MIM153640	MIM153650	MIM155100	MIM160775	MIM600208	MIM603622	MIM605249								
4628	MIM160776														
4629	MIM132900	MIM160745													
463	MIM104155	MIM176807													
4632	MIM160780														
4633	MIM160781	MIM608758													
4634	MIM160790	MIM608751													
4635	MIM160770														
4636	MIM160782														
4637	MIM609931														
4638	MIM600922	MIM613780													
4640	MIM601478	MIM607841													
4641	MIM606538														
4642	MIM606539														
4643	MIM601479	MIM614131													
4644	MIM160777	MIM214450													
4645	MIM251850	MIM606540													
4646	MIM600970	MIM606346	MIM607821												
4647	MIM276900	MIM276903	MIM600060	MIM601317											
4648	MIM606541														
4649	MIM604875														
465	MIM208500														
4650	MIM602129	MIM609753													
4651	MIM601481														
4653	MIM137750	MIM601652													
4654	MIM159970														
4656	MIM159980														
4657	MIM310460														
4658	MIM160700														
4659	MIM602021														
466	MIM123803														
4660	MIM603768														
4661	MIM600379														
4664	MIM600800														
4665	MIM602381														
4666	MIM601234														
4668	MIM104170	MIM609241	MIM609242												
4669	MIM252920	MIM609701													
467	MIM603148														
4670	MIM160994														
4671	MIM600355														
4672	MIM310490														
4673	MIM164060														
4674	MIM300026														
4675	MIM300117														
4676	MIM601651														
4677	MIM108410														
4678	MIM603185														
468	MIM604064														
4680	MIM163980														
4681	MIM600613														
4682	MIM600280														
4683	MIM251260	MIM602667													
4684	MIM116930														
4685	MIM602040														
4686	MIM600469														
4688	MIM233710	MIM608515													
4689	MIM601488	MIM613960													
4690	MIM600508														
4691	MIM164035														
4692	MIM176270	MIM602117													
4693	MIM300658	MIM305390	MIM310600												
4694	MIM252010	MIM300078													
4695	MIM256000	MIM602137													
4696	MIM603832														
4697	MIM603833														
4698	MIM601677														
47	MIM108728														
470	MIM108725														
4700	MIM602138														
4701	MIM602139														
4702	MIM603359														
4703	MIM161650	MIM256030													
4704	MIM256000	MIM603834													
4705	MIM256000	MIM603835													
4706	MIM603836														
4707	MIM603837														
4708	MIM603838														
4709	MIM252010	MIM603839													
471	MIM601731	MIM608688													
4710	MIM603840														
4711	MIM603841														
4712	MIM603322														
4713	MIM603842														
4714	MIM602140														
4715	MIM601445														
4716	MIM603843														
4717	MIM603844														
4718	MIM603845														
4719	MIM157655	MIM252010													
472	MIM114480	MIM208900	MIM607585												
4720	MIM252010	MIM602985													
4722	MIM256000	MIM603846													
4723	MIM161015	MIM203450	MIM252010	MIM256000											
4724	MIM252010	MIM256000	MIM602694												
4725	MIM603847														
4726	MIM252010	MIM603848													
4728	MIM256000	MIM602141													
4729	MIM252010	MIM600532													
473	MIM605226														
4731	MIM602184														
4733	MIM603952														
4734	MIM602278														
4735	MIM601506														
4738	MIM603171														
4739	MIM602265														
474	MIM601461														
4741	MIM162250														
474159	MIM300509														
474168	MIM608710														
474333	MIM608878														
474334	MIM608875														
474343	MIM300517														
474386	MIM608984														
474387	MIM608371														
474388	MIM608035														
4744	MIM105400	MIM162230													
4745	MIM602319														
4747	MIM162280	MIM607684	MIM607734												
475	MIM602270														
4750	MIM263520	MIM604588													
4751	MIM604043														
4752	MIM604044														
4753	MIM602320														
4756	MIM601907														
4758	MIM256550	MIM608272													
4759	MIM605528														
476	MIM182310														
4760	MIM125853	MIM601724	MIM606394												
4761	MIM601725														
4762	MIM601726														
4763	MIM162200	MIM162210	MIM193520	MIM601321	MIM607785	MIM613113									
477	MIM104290	MIM182340	MIM602481												
4771	MIM101000	MIM162091	MIM607174	MIM607379											
4772	MIM600489														
4773	MIM600490														
4774	MIM600727														
4775	MIM602698														
4776	MIM602699														
4778	MIM601490														
4779	MIM163260														
478	MIM128235	MIM182350	MIM614820												
4780	MIM600492														
4781	MIM600728														
4782	MIM600729														
4783	MIM605327														
4784	MIM164005	MIM602535	MIM614753												
479	MIM182360														
4790	MIM164011														
4791	MIM164012														
4792	MIM164008	MIM612132													
4793	MIM604495														
4794	MIM604548														
4795	MIM180300	MIM601022													
4796	MIM604546														
4798	MIM164013														
4799	MIM603255														
48	MIM100880														
480	MIM607321														
4800	MIM189903														
4801	MIM189904														
4802	MIM605344														
4803	MIM162030	MIM608654													
4804	MIM162010														
4805	MIM118870														
4807	MIM162360														
4808	MIM162361														
4809	MIM601304														
481	MIM145500	MIM182330													
4810	MIM300457	MIM302200	MIM302350												
4811	MIM131390														
4812	MIM601283														
4813	MIM601407														
4814	MIM602062														
4815	MIM607297														
4817	MIM604618														
4818	MIM606008														
4819	MIM272370														
482	MIM182331														
4820	MIM161565														
4821	MIM604612														
4824	MIM602041														
4825	MIM602563														
4826	MIM603106														
4827	MIM162820														
4828	MIM162340														
4829	MIM162341														
483	MIM601867														
4830	MIM156490	MIM256700													
4831	MIM156491														
4832	MIM601817														
4833	MIM601818														
4835	MIM114480	MIM160998													
4836	MIM160993														
4837	MIM600008														
4838	MIM236100	MIM270100	MIM601265												
4839	MIM164031														
4841	MIM300084														
4842	MIM163731														
4843	MIM145500	MIM163730	MIM611162												
4846	MIM104300	MIM145500	MIM163729	MIM189800	MIM601367										
4848	MIM604909														
4849	MIM604910														
4850	MIM604911														
4851	MIM109730	MIM190198													
4852	MIM162640														
4853	MIM102500	MIM600275	MIM610205												
4854	MIM125310	MIM600276													
4855	MIM164951														
4856	MIM164958														
4857	MIM602157														
4858	MIM601991														
486	MIM154020	MIM601814													
4860	MIM164050	MIM613179													
4861	MIM603346														
4862	MIM603347														
4863	MIM601448														
4864	MIM257220	MIM607623													
4867	MIM256100	MIM266900	MIM607100	MIM609583											
4868	MIM256300	MIM602716													
4869	MIM164040	MIM601626													
487	MIM108730	MIM601003													
4878	MIM108780	MIM612201													
4879	MIM600295														
488	MIM101900	MIM108740	MIM124200												
4880	MIM600296														
4881	MIM108960														
4882	MIM108961	MIM602875													
4883	MIM108962														
4884	MIM602367														
4885	MIM600750														
4886	MIM162641														
4887	MIM162642														
4888	MIM601770														
4889	MIM602001														
489	MIM601929														
4891	MIM206100	MIM600523													
4892	MIM602873														
4893	MIM114500	MIM164790	MIM188470	MIM613224	MIM614470										
4897	MIM601581														
4898	MIM602651														
4899	MIM600879														
49	MIM102480														
490	MIM108731														
4900	MIM602350														
4901	MIM162080	MIM613750													
4902	MIM602018														
4904	MIM154030														
4905	MIM601633														
4906	MIM310465														
4907	MIM129190	MIM211800													
4908	MIM162660														
4909	MIM162662	MIM613100													
491	MIM108733	MIM601386													
4913	MIM602656														
4914	MIM155240	MIM191315	MIM256800												
4915	MIM600456	MIM613886													
4916	MIM191316														
4917	MIM602349														
4919	MIM602336														
492	MIM300014														
4920	MIM113000	MIM268310	MIM602337												
4921	MIM191311	MIM271665													
4922	MIM162650														
4923	MIM162651														
4924	MIM601323														
4925	MIM608020														
4926	MIM164009														
4927	MIM602552														
4928	MIM601021														
4929	MIM168600	MIM601828													
493	MIM108732														
4931	MIM602426														
4933	MIM164100														
4934	MIM608345														
4935	MIM300500	MIM300808	MIM300814												
493753	MIM220110	MIM613920													
4938	MIM164350	MIM222100													
493818	MIM608796														
493829	MIM613288														
493856	MIM604928	MIM611507													
493860	MIM612328														
493861	MIM612986														
493862	MIM609026														
4939	MIM603350														
493913	MIM610689														
4940	MIM603351														
494028	MIM300471														
494029	MIM300488														
4941	MIM300650														
494118	MIM300664														
494119	MIM300665														
494148	MIM609952														
494188	MIM609498														
494197	MIM300668														
4942	MIM258870	MIM613349													
4943	MIM311240														
494324	MIM611173														
494325	MIM610959														
494327	MIM611957														
494329	MIM613654														
494336	MIM300682														
494446	MIM609039														
494513	MIM610219	MIM610220													
494551	MIM614084														
4946	MIM601579														
4947	MIM604152														
4948	MIM203200	MIM227220	MIM611409												
495	MIM137216														
4952	MIM300535	MIM300555	MIM309000												
4953	MIM114500	MIM165640													
4956	MIM182878														
4957	MIM602015														
496	MIM137217														
4963	MIM119530														
4964	MIM602966														
4965	MIM600757														
4967	MIM203740	MIM613022													
4968	MIM144700	MIM601982													
4969	MIM602383														
497188	MIM609745														
497189	MIM612663														
497231	MIM609055														
497258	MIM611468														
4973	MIM602601	MIM608446													
4974	MIM164345														
4975	MIM164340														
4976	MIM125250	MIM165500	MIM605290	MIM606657											
497634	MIM609543														
497657	MIM609122														
497658	MIM609160														
497662	MIM609116														
4977	MIM311050														
4978	MIM167000	MIM600632													
498	MIM164360														
4981	MIM311000														
4982	MIM239000	MIM602643													
4983	MIM213000	MIM300127	MIM300486												
4985	MIM165195														
49855	MIM611611														
49856	MIM606040														
4986	MIM165196														
49860	MIM611312														
4987	MIM602548														
4988	MIM600018														
4990	MIM206900	MIM212550	MIM606326												
4991	MIM164342														
4992	MIM603232														
4998	MIM224690	MIM601902													
4999	MIM601182														
50	MIM100850	MIM614559													
5000	MIM603056	MIM613800													
5001	MIM602331														
5002	MIM114480	MIM211980	MIM268210	MIM602631											
5003	MIM603240														
5004	MIM138600														
5005	MIM138610														
5007	MIM167040														
5008	MIM165095														
5009	MIM300461	MIM311250													
501	MIM107323	MIM266100													
5010	MIM601326														
5012	MIM166800														
5013	MIM600036														
5015	MIM600037	MIM610125	MIM613986												
5016	MIM603578														
5017	MIM602313														
5018	MIM601066														
5019	MIM245050	MIM601424													
5020	MIM167050														
5021	MIM167055														
5023	MIM600845														
5024	MIM600843														
5025	MIM600846														
5026	MIM602836														
5027	MIM602566														
5028	MIM601167														
5029	MIM600041														
5030	MIM300038														
5031	MIM602451														
5032	MIM602697														
5033	MIM176710														
5034	MIM176790														
503542	MIM610447														
503582	MIM611164														
5036	MIM602145														
503613	MIM612410														
5037	MIM604591														
503834	MIM611165														
503835	MIM611168														
5042	MIM604680														
5045	MIM136950														
5046	MIM167405														
5047	MIM173310														
5048	MIM601545	MIM607432													
50484	MIM604712	MIM612075	MIM613077												
50485	MIM242900	MIM606622													
50486	MIM614447														
50487	MIM611651														
50488	MIM609426														
50489	MIM604862	MIM613393													
5049	MIM602508														
5050	MIM603074														
50506	MIM606759	MIM607200													
50507	MIM605261														
50508	MIM607105														
50509	MIM120216														
5051	MIM602344														
50511	MIM270960	MIM604759													
50514	MIM133239	MIM604767													
50515	MIM610128														
5052	MIM176763														
5053	MIM261600	MIM612349													
5054	MIM173360	MIM613329													
5055	MIM173390														
5058	MIM602590														
506	MIM102910														
50604	MIM605619														
50608	MIM606675														
50613	MIM605473														
50614	MIM606251														
50615	MIM147050	MIM605383													
50616	MIM605330														
50617	MIM602722	MIM605239													
50618	MIM604464														
50619	MIM610094														
5062	MIM605022														
50628	MIM606969														
5063	MIM300142	MIM300558													
50632	MIM604647														
50636	MIM605096														
5064	MIM608134														
50640	MIM612123														
50644	MIM300238														
50648	MIM146910														
50649	MIM605216														
50650	MIM612115														
50651	MIM605763														
50652	MIM604845														
5066	MIM170270														
5067	MIM601325														
50674	MIM604882	MIM610370													
5068	MIM167805														
5069	MIM176385														
50700	MIM608575														
5071	MIM167000	MIM211980	MIM600116	MIM602544	MIM607572										
50715	MIM604827														
5072	MIM602404														
5073	MIM604212														
5074	MIM601936														
5075	MIM167411														
5076	MIM120330	MIM167409													
5077	MIM122880	MIM148820	MIM193500	MIM268220	MIM606597										
5078	MIM125853	MIM167413	MIM612225	MIM612227											
5079	MIM167414														
5080	MIM106210	MIM120430	MIM136520	MIM148190	MIM165550	MIM194070	MIM194072	MIM206700	MIM604219	MIM604229	MIM607108				
50801	MIM605720														
50805	MIM606199														
50807	MIM605953														
50808	MIM609290														
5081	MIM167410	MIM268220													
50814	MIM300275	MIM300831	MIM308050												
50818	MIM128200														
5082	MIM604421														
50823	MIM146550														
50829	MIM300221														
5083	MIM167416	MIM604625													
50830	MIM300228														
50831	MIM604868														
50832	MIM604869														
50833	MIM103780	MIM604867													
50834	MIM604796														
50835	MIM604795														
50836	MIM604794														
50837	MIM604793														
50838	MIM604792														
50839	MIM604791														
50840	MIM604790														
50846	MIM233420	MIM605423	MIM607080												
50848	MIM605721														
50852	MIM604962														
50854	MIM605447														
50855	MIM607484														
50856	MIM605306														
50859	MIM607989														
50861	MIM608362														
50863	MIM607938														
50865	MIM605826														
5087	MIM176310														
5089	MIM176311														
509	MIM108729														
5090	MIM176312														
5091	MIM266150	MIM608786													
5092	MIM126090	MIM264070													
5093	MIM601209														
50937	MIM608707	MIM614226													
50939	MIM607056	MIM613581													
5094	MIM601210														
50940	MIM604961	MIM610475													
50941	MIM606348														
50942	MIM606674														
50943	MIM222100	MIM300292	MIM304790												
50944	MIM604999														
50945	MIM300307	MIM303400													
50947	MIM142669														
50948	MIM143850														
5095	MIM232000	MIM606054													
50951	MIM157700														
50952	MIM158580														
5096	MIM232050	MIM606054													
50960	MIM252350														
50963	MIM259450														
50964	MIM122860	MIM239100	MIM269500	MIM605740											
50966	MIM600131														
50968	MIM601068														
5097	MIM603626														
50970	MIM603040														
50971	MIM603204														
50975	MIM603386														
50976	MIM603388														
50979	MIM603664														
5098	MIM603627														
50982	MIM603694														
50986	MIM604329														
50987	MIM604364														
50988	MIM604454														
50989	MIM604484														
5099	MIM602988														
50992	MIM604781														
51	MIM264470	MIM609751													
5100	MIM603580														
51000	MIM610845														
51002	MIM608680														
51004	MIM614647	MIM614650													
51008	MIM614215	MIM614266													
51009	MIM610304														
5101	MIM603581														
51010	MIM606489	MIM614678													
51013	MIM606493														
51018	MIM611193														
51021	MIM609204	MIM610498													
51022	MIM606820														
51023	MIM611983														
51024	MIM609003														
51025	MIM614336														
51027	MIM613181														
51028	MIM610903														
51029	MIM614638														
51032	MIM609444														
5104	MIM601841														
51043	MIM607646														
51046	MIM609478														
5105	MIM614168														
51050	MIM607076														
51052	MIM602663														
51053	MIM602842														
51056	MIM170250														
51057	MIM209900	MIM613580													
5106	MIM261650	MIM614095													
51060	MIM609448														
51062	MIM182600	MIM606439	MIM613708												
51063	MIM612235														
51065	MIM612055														
51067	MIM610957	MIM613561													
51068	MIM611021														
51069	MIM611822														
51072	MIM611786														
51073	MIM611823														
51074	MIM612491														
51076	MIM610101														
51078	MIM612533														
51079	MIM607464	MIM609435													
5108	MIM188550	MIM600299													
51081	MIM611974														
51082	MIM613715	MIM613717													
51083	MIM137035														
51084	MIM609877														
51085	MIM194050	MIM605678													
51086	MIM613932														
51087	MIM611447														
51088	MIM608064														
51090	MIM600340														
51091	MIM613009	MIM613811													
51094	MIM607945														
51095	MIM612907														
51096	MIM612816														
51099	MIM275630	MIM604780													
5110	MIM176851														
51100	MIM609287														
51102	MIM608205														
51103	MIM252010	MIM606934													
51106	MIM607033														
51107	MIM607629														
51108	MIM609388														
51109	MIM607849														
5111	MIM176740														
51111	MIM610881														
51112	MIM614139														
51114	MIM300646	MIM300799													
51115	MIM611871														
51116	MIM611971														
51117	MIM612898														
51118	MIM609440														
51119	MIM162800	MIM260400	MIM607444												
51124	MIM609382	MIM614231													
51125	MIM609453														
51126	MIM610833														
51127	MIM606123														
51128	MIM246700	MIM607690													
51129	MIM605910														
51130	MIM605760														
51131	MIM147050	MIM600807	MIM607796												
51132	MIM300379														
51133	MIM613272														
51135	MIM606883	MIM607676	MIM610799												
51141	MIM608660														
51144	MIM609574														
51147	MIM608524														
51150	MIM614282														
51151	MIM227240	MIM606202	MIM606574												
51156	MIM605271														
5116	MIM210600	MIM210720	MIM605925												
51160	MIM611952														
51162	MIM608582														
51163	MIM607024														
51164	MIM614758														
51166	MIM611754														
51167	MIM608343														
51168	MIM600316	MIM602666													
51170	MIM612831														
51171	MIM612832														
51172	MIM607985														
51174	MIM607344														
51175	MIM607345														
51176	MIM153245														
51177	MIM608335														
51179	MIM605176														
5118	MIM600270														
51181	MIM260800	MIM608347													
51182	MIM610369														
51185	MIM607417	MIM609262													
51187	MIM613262														
51188	MIM606473														
5119	MIM164010														
51191	MIM608242														
51194	MIM610889														
51196	MIM608414	MIM610725													
51199	MIM608684	MIM614851													
5120	MIM184700														
51200	MIM607635														
51203	MIM612818														
51204	MIM612958														
51205	MIM611471														
51206	MIM605546	MIM614201													
51207	MIM613191														
51208	MIM609210														
51209	MIM300285														
5121	MIM601629														
51213	MIM300616														
51214	MIM610146														
51218	MIM205950	MIM609588													
5122	MIM162150	MIM600955	MIM612362												
51222	MIM605036														
51224	MIM609522														
51225	MIM606363														
51227	MIM605938														
51228	MIM608949														
51230	MIM610335														
51232	MIM606189														
51237	MIM609447														
51246	MIM607290														
51247	MIM605604														
51248	MIM300632														
5125	MIM600488														
51251	MIM266120	MIM606224													
51253	MIM611843														
51255	MIM612490														
51256	MIM612655														
51257	MIM613332														
51258	MIM611855														
51259	MIM603194	MIM608091	MIM613277												
5126	MIM162151														
51263	MIM611838														
51264	MIM611837														
51265	MIM608459														
51266	MIM606783														
51267	MIM606782														
5127	MIM311550														
51270	MIM300772														
51271	MIM609787														
51274	MIM609392														
51277	MIM613527														
51278	MIM607177														
51279	MIM608974														
5128	MIM603440														
51280	MIM606804														
51282	MIM610416														
51284	MIM300365														
51286	MIM608213														
51287	MIM608016														
51289	MIM609445														
5129	MIM169190														
51290	MIM612236														
51291	MIM609694														
51292	MIM610781														
51293	MIM606475	MIM613646													
51294	MIM605622														
51295	MIM608388														
51296	MIM610408														
51297	MIM607412														
51298	MIM609503														
51299	MIM607409														
513	MIM603150														
5130	MIM123695														
51302	MIM605994														
51303	MIM610571														
51305	MIM605874	MIM612292													
51306	MIM609371														
51307	MIM609372														
51308	MIM609347														
51309	MIM300362														
5131	MIM167250														
51310	MIM611461														
51311	MIM300366														
51312	MIM610387														
51314	MIM607421	MIM610852													
51316	MIM607515														
51317	MIM608325														
51318	MIM611841														
51319	MIM613352														
5132	MIM171490														
51320	MIM611005														
51324	MIM248900	MIM608181													
51327	MIM605821														
51329	MIM607668														
5133	MIM126200	MIM600244	MIM605218												
51330	MIM605914														
51332	MIM605916														
51338	MIM606547														
51339	MIM607861														
5134	MIM600866														
51340	MIM610952														
51341	MIM605878														
51343	MIM603619														
51348	MIM605029														
51351	MIM194624														
51352	MIM607899														
5136	MIM171890														
51360	MIM300294	MIM308205	MIM308800												
51361	MIM607820														
51362	MIM605585														
51363	MIM608277														
51364	MIM607070														
51365	MIM607460														
51366	MIM608413														
51367	MIM609992														
5137	MIM602987														
51371	MIM601952	MIM613386													
51373	MIM611980														
51375	MIM614904														
51377	MIM610667														
51378	MIM603705														
51379	MIM614853														
5138	MIM602658														
51382	MIM609398														
51384	MIM606267														
5139	MIM123805														
51390	MIM608514														
51393	MIM606676														
51399	MIM610971														
514	MIM606153	MIM614053													
5140	MIM602047														
51400	MIM611117														
51406	MIM611533														
5141	MIM600126														
51411	MIM605936														
51412	MIM612458														
5142	MIM600127														
51421	MIM614658														
51422	MIM194200	MIM261740	MIM600858	MIM602743											
51426	MIM605650														
51427	MIM603989														
51428	MIM608170														
51429	MIM605952														
5143	MIM600128														
51433	MIM606948														
51434	MIM606949														
51435	MIM602728														
51438	MIM300468														
5144	MIM600129	MIM606799	MIM614613												
51441	MIM610640														
51442	MIM300583														
51447	MIM606992														
51449	MIM610995														
5145	MIM180071	MIM613810													
51450	MIM604675														
51451	MIM610286														
51454	MIM608165														
51455	MIM606134														
51458	MIM605381														
5146	MIM600827	MIM613093													
51460	MIM607319														
51463	MIM612806														
5147	MIM602676														
51471	MIM608190														
51473	MIM605755														
51474	MIM608364														
51475	MIM607314														
51477	MIM611670														
51478	MIM606756														
51479	MIM607927														
5148	MIM180073	MIM268000	MIM613582												
51480	MIM300532														
51481	MIM300533														
5149	MIM601190	MIM610024													
51491	MIM612861														
51493	MIM613901														
51497	MIM605297														
515	MIM603270														
5150	MIM171885														
51501	MIM614908														
51506	MIM610554														
5151	MIM602972														
51510	MIM610900														
51512	MIM607477														
51513	MIM605255														
51514	MIM610617														
51517	MIM606671														
5152	MIM602973														
51520	MIM151350														
51523	MIM612752														
51524	MIM213300	MIM614459	MIM614465												
51528	MIM611176														
51529	MIM614534														
5153	MIM171891														
51534	MIM610902														
51535	MIM608150														
51537	MIM610235														
5154	MIM173430														
51540	MIM611056														
51542	MIM614633														
51548	MIM606211														
5155	MIM190040														
51550	MIM613362														
51552	MIM612673														
51554	MIM606065														
51555	MIM611058														
51557	MIM611470														
51559	MIM611076														
5156	MIM173490	MIM606764	MIM607685												
51561	MIM605580														
51562	MIM609431														
51564	MIM606542														
51566	MIM300364														
51567	MIM605764														
51569	MIM610553														
5157	MIM114500	MIM114550	MIM604584												
51573	MIM605943														
51574	MIM612026														
5158	MIM163500	MIM180072	MIM613801												
51582	MIM607909														
51585	MIM608876														
51586	MIM607372														
51588	MIM605989														
5159	MIM131440	MIM173410													
51592	MIM188550	MIM605769													
51593	MIM614469														
51594	MIM608025	MIM614800													
516	MIM603192														
5160	MIM300502	MIM308930	MIM312170												
51601	MIM610284														
51604	MIM610272														
51606	MIM608861														
51608	MIM612056														
5161	MIM179061														
51611	MIM611075														
51616	MIM300754														
5162	MIM179060	MIM614111													
51621	MIM605328														
51629	MIM610820														
5163	MIM602524														
51631	MIM613056														
51633	MIM612021														
51635	MIM612833														
51637	MIM610858														
51639	MIM607835														
5164	MIM602525														
51642	MIM611853														
51645	MIM601301														
51646	MIM609726														
51647	MIM614778														
51649	MIM611985														
5165	MIM602526														
51650	MIM611993														
51651	MIM608625														
51652	MIM610052														
51654	MIM608200														
51655	MIM605550														
51659	MIM610609														
5166	MIM602527														
51660	MIM614738	MIM614741													
51661	MIM607062														
51665	MIM605758														
51666	MIM605761														
51667	MIM607981														
51669	MIM614768														
5167	MIM125853	MIM173335	MIM208000	MIM601665	MIM602475	MIM613312									
51676	MIM605759														
51678	MIM606959														
5168	MIM601060														
51684	MIM155255	MIM607035	MIM607174												
51686	MIM605138														
5169	MIM602182														
51690	MIM607287														
51691	MIM607288														
51692	MIM606029														
51693	MIM610970														
51696	MIM607977														
51699	MIM606932														
517	MIM603193														
5170	MIM605213														
51700	MIM608342														
51701	MIM609476														
51702	MIM606755														
51703	MIM605677														
51704	MIM605948														
51705	MIM608350														
51706	MIM608341														
5171	MIM301220														
51710	MIM194542														
51714	MIM607912														
51715	MIM201000	MIM606144													
51719	MIM612174														
5172	MIM274600	MIM600791	MIM605646												
51720	MIM609433														
51725	MIM609107														
51726	MIM611341														
51727	MIM191710														
51728	MIM606007														
5173	MIM131340	MIM610245													
51733	MIM606673	MIM613161													
51734	MIM606216														
51735	MIM610499														
51738	MIM601665	MIM605353													
5174	MIM603831														
51741	MIM133239	MIM605131													
51742	MIM609696														
51744	MIM180300	MIM605554													
51747	MIM609434														
5175	MIM173445														
51750	MIM608833														
51752	MIM606832														
5176	MIM172860	MIM613982													
51761	MIM605870														
51762	MIM613532														
51763	MIM607875														
51764	MIM607298														
51765	MIM300547														
51768	MIM605181														
5177	MIM189800														
51773	MIM608522														
51776	MIM609479														
51778	MIM605602	MIM613838													
5178	MIM601483														
51780	MIM609373														
5179	MIM131330														
518	MIM602736														
51804	MIM606342														
51805	MIM605196														
51806	MIM605183														
51807	MIM605742	MIM606854	MIM613180												
51808	MIM604924														
51809	MIM605005														
51816	MIM607575														
5182	MIM169900														
5183	MIM170000														
5184	MIM170100	MIM613230													
5185	MIM170200														
5187	MIM602260														
5188	MIM603645														
5189	MIM202370	MIM214100	MIM266510	MIM601539	MIM602136										
5190	MIM601498	MIM601539	MIM614862	MIM614863											
5191	MIM215100	MIM266500	MIM601757	MIM614879											
5192	MIM202370	MIM214100	MIM601539	MIM602859	MIM614870	MIM614871									
5193	MIM601539	MIM601758	MIM614859												
5194	MIM202370	MIM214100	MIM601789	MIM614883	MIM614885										
5195	MIM214100	MIM601791	MIM614887												
5196	MIM173460														
5197	MIM173461														
5198	MIM602133														
5199	MIM300383	MIM312060													
52	MIM171500														
5201	MIM604897														
5202	MIM613466														
5203	MIM604898														
5204	MIM604899														
5205	MIM147480	MIM211600	MIM243300	MIM308600	MIM602397										
5207	MIM311790														
5208	MIM171835														
5209	MIM605319														
521	MIM601519														
5210	MIM605320														
5211	MIM171860														
5213	MIM232800	MIM610681													
5214	MIM171840														
5216	MIM176610	MIM614808													
5217	MIM176590														
5218	MIM610679														
522	MIM603152														
5222	MIM169730														
5223	MIM172250														
5224	MIM261670	MIM612931													
5225	MIM169740														
5226	MIM172200														
5228	MIM601121														
5229	MIM602031														
523	MIM607027														
5230	MIM300653	MIM311800													
5232	MIM172270														
5236	MIM171900	MIM612934													
5238	MIM172100														
5239	MIM600981														
5241	MIM264080	MIM607311													
5242	MIM304340														
5243	MIM120080	MIM171050	MIM612244												
5244	MIM147480	MIM171060	MIM308600	MIM600803	MIM602347										
5245	MIM114480	MIM176705													
525	MIM192132	MIM267300													
5250	MIM600370	MIM610773													
5251	MIM300550	MIM307800													
5252	MIM602881														
5253	MIM604351														
5255	MIM300559	MIM311870													
5256	MIM300798	MIM306000													
5257	MIM172490	MIM261750													
526	MIM606939														
5260	MIM172470														
5261	MIM172471	MIM613027													
5264	MIM266500	MIM602026													
5265	MIM107400	MIM308600	MIM606963	MIM613490											
5266	MIM182257														
5267	MIM147935														
5268	MIM154790														
5269	MIM173321	MIM613453													
527	MIM108745														
5270	MIM177010														
5271	MIM601697														
5272	MIM601799														
5273	MIM602058														
5274	MIM602445	MIM604218													
5275	MIM604445														
5276	MIM605587														
5277	MIM300818	MIM300868	MIM311770												
5279	MIM601730														
528	MIM603097														
5281	MIM600153														
5283	MIM600154														
5284	MIM161950	MIM173880													
5286	MIM603601														
5287	MIM602838														
5288	MIM609001														
5289	MIM602609														
529	MIM108746														
5290	MIM114480	MIM114500	MIM114550	MIM137215	MIM162900	MIM167000	MIM171834	MIM182000	MIM211980	MIM612918					
5291	MIM602925														
5292	MIM164960														
5293	MIM602839														
5294	MIM601232														
5295	MIM171833														
5296	MIM603157														
5297	MIM600286														
5298	MIM602758														
53	MIM171650	MIM200950													
5300	MIM601052														
5301	MIM602051														
5303	MIM300252														
5304	MIM176720														
5305	MIM603140														
5306	MIM600174														
5307	MIM119800	MIM602149													
5308	MIM137600	MIM180500	MIM180550	MIM601542	MIM604229										
5309	MIM107250	MIM602669	MIM610623												
5310	MIM173900	MIM601313													
5311	MIM173910	MIM613095													
5312	MIM600666														
5313	MIM102900	MIM266200	MIM609712												
5314	MIM263200	MIM606702													
5315	MIM179050														
5316	MIM602100														
5317	MIM601975	MIM604536													
5318	MIM602861	MIM609040													
5319	MIM172410														
5320	MIM114500	MIM172411													
5321	MIM600522														
5322	MIM228980	MIM601192													
5324	MIM181030	MIM603026													
5325	MIM601410	MIM603044													
5326	MIM604866														
5327	MIM173370	MIM612348													
5328	MIM104300	MIM191840	MIM601709												
5329	MIM173391														
533	MIM603717														
5330	MIM604114														
5331	MIM600230														
5332	MIM600810	MIM614669													
5333	MIM151600	MIM602142													
53335	MIM606557														
53339	MIM608530														
5334	MIM600597														
53340	MIM608621														
53341	MIM605013														
53342	MIM607587														
53343	MIM606022														
53345	MIM606563														
53346	MIM606562														
53347	MIM605736														
53349	MIM605471														
5335	MIM172420														
53353	MIM608766														
53354	MIM606160														
53358	MIM605263														
5336	MIM600220	MIM614468	MIM614878												
53366	MIM604201														
53368	MIM604801														
53369	MIM604802														
5337	MIM602382														
53371	MIM607607														
53373	MIM609666														
5338	MIM602384														
5339	MIM131950	MIM226670	MIM226730	MIM601282	MIM612138	MIM613723									
534	MIM606853														
5340	MIM173350	MIM217090													
53405	MIM607293														
53407	MIM606046														
5341	MIM173570														
5343	MIM173340														
5345	MIM262850	MIM613168													
5346	MIM170290	MIM613877													
5347	MIM602098														
5348	MIM602359														
5349	MIM604996														
535	MIM192130														
5350	MIM172405	MIM212110	MIM609909	MIM613874											
5351	MIM153454	MIM225400	MIM601451												
5352	MIM601865	MIM609220													
5354	MIM300401	MIM312080	MIM312920												
5355	MIM300112														
5356	MIM605961														
5357	MIM602734														
5358	MIM300131														
5359	MIM604170														
5360	MIM172425														
5361	MIM601055														
53615	MIM603573														
53616	MIM603709														
5362	MIM601054														
53630	MIM115300	MIM605748													
53632	MIM604976														
53635	MIM610195														
53637	MIM605146														
5364	MIM601053														
5365	MIM300214														
5366	MIM604959														
5367	MIM176795														
5368	MIM601459														
5369	MIM176793														
537	MIM300197														
5370	MIM176794														
5371	MIM102578														
5372	MIM601786														
5373	MIM212065	MIM601785													
5375	MIM170715														
5376	MIM118220	MIM118300	MIM139393	MIM145900	MIM162500	MIM180800	MIM601097								
5378	MIM120435	MIM600258													
5379	MIM605038														
538	MIM300011	MIM300489	MIM304150	MIM309400											
53820	MIM609892														
53822	MIM606684														
53826	MIM606683														
53827	MIM606669														
53829	MIM606380														
53831	MIM606383														
53832	MIM605620														
53833	MIM605621														
53834	MIM605830														
53836	MIM606379														
53838	MIM610880														
53840	MIM605684														
53841	MIM606839														
53844	MIM610581														
539	MIM600828														
53904	MIM606808	MIM607101													
53905	MIM606758														
53916	MIM612945														
53917	MIM612415														
53918	MIM605757														
53919	MIM613389														
5393	MIM606180														
5394	MIM605960														
53940	MIM300308														
53942	MIM607219														
53944	MIM606274														
53947	MIM111400	MIM607922													
5395	MIM276300	MIM600259	MIM614337												
5396	MIM167420	MIM202650													
53981	MIM606028														
54	MIM171640	MIM607944													
540	MIM277900	MIM606882													
54020	MIM608094														
54039	MIM608502														
5406	MIM246600	MIM614338													
5407	MIM604422														
5408	MIM604423														
54084	MIM612920	MIM614861													
5409	MIM145500	MIM171190													
54097	MIM608617														
54101	MIM263650	MIM605706													
54103	MIM613552														
54106	MIM605474														
54107	MIM607267														
54108	MIM607268														
54109	MIM605549														
5411	MIM603154														
54110	MIM612165														
54112	MIM607468														
54113	MIM193000														
54114	MIM300244														
54115	MIM300245														
54119	MIM605021														
5412	MIM604711														
5413	MIM602724														
5414	MIM603696														
541461	MIM609153														
541465	MIM300797														
541466	MIM300648														
54148	MIM611845														
54165	MIM605905														
54187	MIM605202														
5420	MIM602632														
54205	MIM123970	MIM612004													
54206	MIM608069														
54207	MIM605873														
54209	MIM221770	MIM605086													
54210	MIM605085														
54212	MIM608714														
5422	MIM310465	MIM312040													
54221	MIM608715														
5423	MIM174760														
5424	MIM174761														
5425	MIM600815														
5426	MIM174762														
5427	MIM602670														
5428	MIM157640	MIM174763	MIM203700	MIM258450	MIM607459	MIM613662									
5429	MIM278750	MIM603968													
5430	MIM180660														
5431	MIM180661														
5432	MIM180663														
54328	MIM300253														
54329	MIM605188														
5433	MIM606017														
54331	MIM606981														
54332	MIM214400	MIM606598	MIM607706	MIM607831	MIM608340										
5434	MIM180664														
54344	MIM605951	MIM612937													
54345	MIM601618	MIM607823													
54346	MIM607995														
5435	MIM604414														
5436	MIM602013														
54360	MIM607930														
54361	MIM158330	MIM603490	MIM611812												
54362	MIM605429														
54363	MIM605023														
5437	MIM606023														
5438	MIM180662														
54386	MIM605061														
5439	MIM604150														
5440	MIM606033														
54407	MIM605180														
5441	MIM601189														
54413	MIM209850	MIM300336	MIM300425	MIM300494											
54414	MIM610079	MIM613551													
5442	MIM601778														
54429	MIM605062														
5443	MIM176830	MIM601665	MIM609734												
54431	MIM607987														
54433	MIM606468														
54434	MIM606778														
54437	MIM609298														
5444	MIM168820	MIM612633													
54440	MIM300441														
54442	MIM611285														
5445	MIM602447														
54453	MIM610222	MIM613075													
54455	MIM609109														
54456	MIM605794														
54457	MIM300314														
54458	MIM610459														
5446	MIM602720														
54460	MIM611984														
54461	MIM609072														
54463	MIM613114	MIM613115													
54464	MIM607994														
54465	MIM613196														
54466	MIM300621														
54469	MIM610183														
5447	MIM201750	MIM207410	MIM613571												
54472	MIM606277														
54474	MIM608218														
54476	MIM609948														
54477	MIM607770														
54480	MIM608037														
54487	MIM192430	MIM609030													
5449	MIM173110	MIM613038													
54490	MIM606497														
54496	MIM610087														
54499	MIM614123	MIM614132													
545	MIM210600	MIM601215	MIM614564												
5450	MIM601206														
54501	MIM604595														
54503	MIM612815														
54504	MIM609780														
54505	MIM612720														
54507	MIM225100	MIM610113													
5451	MIM164175														
54510	MIM608287														
54512	MIM606491														
54514	MIM605281														
54516	MIM613542														
54518	MIM609036														
5452	MIM164176														
5453	MIM602479														
54534	MIM611854														
54535	MIM605310														
54536	MIM609672														
54538	MIM607528														
54539	MIM300403														
5454	MIM600494														
54541	MIM607729														
54543	MIM607980														
54545	MIM606501														
54549	MIM607217														
5455	MIM602480														
54551	MIM176270	MIM605283													
54552	MIM300873														
54556	MIM607493														
54558	MIM613947														
5456	MIM300039	MIM304400													
54566	MIM610340														
54567	MIM605185														
5457	MIM601632														
54575	MIM606435														
54576	MIM606433														
54577	MIM606432														
54578	MIM606431														
54579	MIM606430														
5458	MIM113725														
54581	MIM610417														
54583	MIM606425	MIM609820													
54584	MIM610778														
54585	MIM606568														
5459	MIM602459	MIM602460													
546	MIM300032	MIM300448	MIM301040	MIM309580											
5460	MIM164177														
54600	MIM606434														
54602	MIM610041														
54606	MIM608023														
54617	MIM610169														
54620	MIM609085														
54623	MIM610506														
54625	MIM610028														
54626	MIM609970														
5464	MIM179030														
5465	MIM170998														
54657	MIM606429														
54658	MIM143500	MIM191740	MIM218800	MIM237900	MIM601816	MIM606785									
54659	MIM606428														
54664	MIM613413														
5467	MIM600409														
54675	MIM608188														
54676	MIM607434														
54677	MIM606090														
5468	MIM125853	MIM137800	MIM601487	MIM601665	MIM604367	MIM609338									
54681	MIM614584														
5469	MIM604311														
547	MIM601255	MIM610357	MIM614213	MIM614255											
5470	MIM602256														
54700	MIM605121														
54704	MIM605993	MIM608782													
54708	MIM610637														
5471	MIM172450														
54714	MIM248200	MIM262300	MIM605080												
54715	MIM605104														
54716	MIM138500	MIM242600	MIM605616												
54718	MIM613592														
54719	MIM221900														
54726	MIM611744														
5473	MIM121010														
54737	MIM611626														
54738	MIM607150														
54739	MIM606717														
54741	MIM613461														
5475	MIM300109														
54751	MIM607747														
54756	MIM606807														
54757	MIM611062	MIM614253													
5476	MIM256540	MIM613111													
54760	MIM600487														
54763	MIM611757														
54764	MIM611749														
54765	MIM612298														
54766	MIM605673														
54768	MIM610812														
54769	MIM607863														
54776	MIM613245														
54778	MIM605840														
5478	MIM123840														
54780	MIM612987														
54784	MIM613302														
54788	MIM608376														
5479	MIM123841	MIM259440													
54790	MIM612839	MIM614286	MIM614296												
54795	MIM604559	MIM606936													
54796	MIM608669														
54797	MIM612384														
54798	MIM612486														
5480	MIM123842														
54800	MIM611295														
54801	MIM613433														
54805	MIM607803	MIM613882													
54806	MIM608629	MIM608894													
54808	MIM223800	MIM607326	MIM607461												
54809	MIM610455	MIM610456													
5481	MIM601753														
54820	MIM609449	MIM614019													
54821	MIM300687														
54822	MIM105500	MIM605692													
54828	MIM607470														
54829	MIM603932	MIM607850	MIM608135												
54831	MIM607335														
548316	MIM609340														
54832	MIM608879														
54838	MIM611129														
54840	MIM208920	MIM606350	MIM607426												
54842	MIM613476														
54843	MIM612880														
54845	MIM612959														
54847	MIM606816														
54850	MIM609079														
54852	MIM607781														
54855	MIM613952														
54856	MIM610393														
54858	MIM610694														
548594	MIM610604														
548596	MIM613415														
54860	MIM606550														
54861	MIM612760														
54862	MIM608443	MIM610055													
54866	MIM613256														
54873	MIM610182														
54874	MIM608848														
54875	MIM611870														
54878	MIM606819														
54880	MIM300166	MIM300485	MIM309800												
54882	MIM610500														
54888	MIM610916	MIM611091													
54890	MIM613303														
54892	MIM608532														
54894	MIM612482														
54896	MIM614760														
54897	MIM609895														
54898	MIM611814														
54899	MIM611450														
549	MIM250950	MIM600529													
54901	MIM125853	MIM611259													
54902	MIM124000	MIM613814													
54903	MIM209900	MIM249000	MIM609883												
54904	MIM601626	MIM607083													
54910	MIM604462														
54914	MIM614606														
54918	MIM607889														
54919	MIM614864	MIM614874													
54920	MIM609707														
54921	MIM613202														
54922	MIM609623														
54923	MIM609809														
54926	MIM612506														
54927	MIM613748														
54928	MIM614010	MIM614078													
5493	MIM602871														
54930	MIM613431														
54933	MIM608962														
54936	MIM610624														
54938	MIM612804	MIM613845													
5494	MIM606108														
54941	MIM610432														
54946	MIM610803														
54947	MIM612040														
54948	MIM611829														
54949	MIM601650	MIM613019													
5495	MIM603770														
54953	MIM609335														
54954	MIM300741														
54955	MIM614799														
54959	MIM614832														
5496	MIM605119														
54961	MIM606780														
54962	MIM610716														
54963	MIM610866														
54965	MIM610276														
54968	MIM612418	MIM614052													
54970	MIM610732														
54971	MIM611564														
54973	MIM611354														
54977	MIM205950	MIM610819													
54979	MIM613866														
5498	MIM176200	MIM600923													
54981	MIM608704														
54982	MIM204300	MIM214200	MIM601780	MIM606725											
54984	MIM606505														
54988	MIM614361														
5499	MIM176875														
54994	MIM611625														
54995	MIM610324														
54996	MIM614127														
54997	MIM611585														
54998	MIM609183														
55	MIM171790														
550	MIM602434														
5500	MIM600590														
55003	MIM607811														
55004	MIM613510														
55005	MIM614917														
55008	MIM609249														
5501	MIM176914														
55010	MIM613687														
55011	MIM611480														
55014	MIM604204														
55015	MIM614907														
55016	MIM613331														
5502	MIM613246														
55022	MIM612930														
55023	MIM612870														
55024	MIM152700	MIM610292													
55030	MIM609104														
55031	MIM614460														
55033	MIM614505	MIM614557													
55034	MIM613274														
55035	MIM611534														
55036	MIM613799	MIM613808													
55037	MIM614918														
55038	MIM612270														
55039	MIM611244														
5504	MIM601792														
55040	MIM607264														
55048	MIM610038														
55052	MIM611833														
55054	MIM610767	MIM611081													
55055	MIM609984														
5506	MIM600917	MIM604367													
55062	MIM609224														
550623	MIM609195														
550624	MIM609271														
550625	MIM107200														
550626	MIM609218														
550641	MIM609113														
55065	MIM607883														
55068	MIM610914														
5507	MIM602999														
55070	MIM608727														
55072	MIM612487														
55074	MIM605609														
55075	MIM612516														
55079	MIM607414														
55080	MIM607081														
55081	MIM606621														
55082	MIM614046														
55083	MIM614026														
55084	MIM613667	MIM613671													
55089	MIM608065														
5509	MIM603326														
55090	MIM609878														
55096	MIM613250														
551	MIM125700	MIM192340													
5510	MIM602877														
55107	MIM610108														
55109	MIM608464														
5511	MIM602636														
55114	MIM608293														
55117	MIM607971														
55118	MIM606276														
55120	MIM608111	MIM614083													
55124	MIM610312														
55128	MIM613184														
55129	MIM613726	MIM613728													
55131	MIM612074	MIM612079													
55135	MIM612661	MIM613988													
55137	MIM605295														
55138	MIM613041														
5514	MIM603771														
55140	MIM612722														
55142	MIM613429														
55143	MIM609977														
55144	MIM612890														
55145	MIM602629	MIM609520													
55148	MIM613816														
55149	MIM613669	MIM613672													
5515	MIM176915														
55151	MIM611236														
55157	MIM610956	MIM611105													
55159	MIM614151														
5516	MIM176916														
55160	MIM612494														
55163	MIM603287	MIM610090													
55164	MIM613663														
55165	MIM610000														
55166	MIM611506														
55167	MIM614802														
55168	MIM611981														
55170	MIM608274														
55172	MIM612517	MIM612518													
55173	MIM611976														
55174	MIM611353														
55177	MIM611873														
55178	MIM612600														
5518	MIM605983														
55180	MIM610350														
55181	MIM613175														
55183	MIM608952														
55187	MIM608877														
55188	MIM609147														
5519	MIM211980	MIM603113													
55190	MIM300528														
55191	MIM608285														
55193	MIM606083														
55197	MIM610347														
55198	MIM606231														
552	MIM600821														
5520	MIM604941														
55200	MIM611743														
55201	MIM607573														
55203	MIM608301														
55204	MIM612208														
55206	MIM614274														
5521	MIM604325	MIM604326													
55210	MIM612316														
55211	MIM614125														
55212	MIM209900	MIM607590													
55213	MIM103780	MIM607867													
55214	MIM610341	MIM614292													
55215	MIM609053	MIM611360													
55217	MIM300777	MIM300872													
55219	MIM610301														
5522	MIM605997														
55220	MIM614503														
55224	MIM609859														
55225	MIM609953														
55226	MIM609221														
55227	MIM608195														
55229	MIM606162														
5523	MIM604944														
55230	MIM610570														
55233	MIM609281														
55236	MIM611361														
55238	MIM614236														
5524	MIM600756														
55240	MIM609671														
55243	MIM607428														
55244	MIM609832														
55245	MIM611797														
55247	MIM608934														
55249	MIM607860														
5525	MIM601643														
55252	MIM612991														
55253	MIM611243														
55256	MIM613400														
55257	MIM611157														
55258	MIM611261														
5526	MIM601644														
55269	MIM612408														
5527	MIM601645														
55272	MIM612980														
55274	MIM613069														
55276	MIM172000														
55277	MIM611370														
5528	MIM601646														
55283	MIM607400														
55284	MIM614277														
55288	MIM613888														
5529	MIM601647														
55290	MIM607013														
552900	MIM613182														
55291	MIM610879														
55293	MIM610985														
55294	MIM606278														
553	MIM600264														
5530	MIM114105														
55300	MIM612101														
55303	MIM608087														
55304	MIM611120														
5531	MIM602035														
55311	MIM607874														
553115	MIM610033														
55312	MIM613010														
55315	MIM602782	MIM612373													
55317	MIM614824														
553190	MIM609256														
553192	MIM609257														
553194	MIM609258														
553195	MIM609259														
5532	MIM114106														
55323	MIM611300														
55325	MIM611482														
55326	MIM614796														
55327	MIM612332														
55328	MIM609360														
55329	MIM610766														
5533	MIM114107														
55330	MIM605695														
55332	MIM610776														
55333	MIM609411														
55335	MIM608872														
55336	MIM609077														
5534	MIM601302														
55340	MIM608086														
55341	MIM610780														
55342	MIM611138														
55343	MIM266265	MIM605881													
5535	MIM613821														
55350	MIM606592														
55353	MIM613296														
55355	MIM612667														
55356	MIM608275														
55357	MIM609871														
55359	MIM611433														
5536	MIM600658														
55361	MIM609763														
55363	MIM610715														
55365	MIM610334														
55366	MIM181500	MIM606666													
55367	MIM605247														
5537	MIM612725														
55379	MIM614854														
5538	MIM256730	MIM600722													
55384	MIM605636														
55388	MIM609357														
5539	MIM167780														
55390	MIM614354														
553989	MIM609266														
553991	MIM609115														
553992	MIM609179														
554	MIM300538	MIM300539	MIM304800												
5540	MIM601790														
554188	MIM607876														
5542	MIM180989														
554203	MIM300832														
554210	MIM612094														
554212	MIM300686														
554213	MIM613131														
55422	MIM606043														
55423	MIM605466														
554314	MIM609378														
554315	MIM609354														
554316	MIM300536														
55432	MIM612023														
55435	MIM610851														
55437	MIM607333														
5544	MIM168840														
5545	MIM180990														
5546	MIM179755	MIM605074													
5547	MIM176785														
5548	MIM312550														
55486	MIM607858														
5549	MIM601914														
5550	MIM600400														
55500	MIM609858														
55501	MIM610129														
55502	MIM610331														
55503	MIM606680														
55504	MIM606122														
55505	MIM224230	MIM606471													
55507	MIM607437														
55509	MIM612470														
5551	MIM170280	MIM603553	MIM605027												
55510	MIM606286														
55511	MIM300359														
55512	MIM605777														
55515	MIM606715														
5552	MIM177040														
55520	MIM608079														
55521	MIM609317														
55527	MIM613538														
55529	MIM609864														
5553	MIM605601														
55530	MIM611699														
55532	MIM611146	MIM613280													
55534	MIM608991														
55536	MIM609685														
55539	MIM610980														
5554	MIM168730														
55540	MIM605458														
55544	MIM612428														
5555	MIM168790														
55553	MIM607257														
55554	MIM610601														
55556	MIM607427														
55558	MIM300022														
55559	MIM300540														
55561	MIM613991														
55567	MIM603334														
55568	MIM608043														
5557	MIM176635														
55572	MIM252010	MIM256000	MIM613622												
55576	MIM608561														
55577	MIM606828														
55578	MIM613417														
5558	MIM176636														
55582	MIM611253														
55584	MIM605116														
55586	MIM606774														
55588	MIM612914														
55593	MIM300713														
55600	MIM609873														
55601	MIM613974														
55603	MIM611357														
55604	MIM609593														
55605	MIM135700	MIM608283													
55607	MIM602468														
55611	MIM608337														
55612	MIM173650	MIM607900													
55615	MIM609406														
55617	MIM608270														
55619	MIM611518														
5562	MIM602739														
55620	MIM607881														
55621	MIM611669														
55624	MIM253280	MIM606822	MIM613151	MIM613157											
55625	MIM614604														
55626	MIM611359														
55627	MIM610457														
55629	MIM611882														
5563	MIM600497														
55630	MIM201100	MIM607059													
55632	MIM611299														
55634	MIM300585														
55635	MIM612002														
55636	MIM146110	MIM214800	MIM608765	MIM608892	MIM612370										
55638	MIM611568														
5564	MIM602740														
55640	MIM225790	MIM610865													
55643	MIM608531														
55644	MIM610107														
5565	MIM602741														
55650	MIM239300	MIM610274													
55651	MIM224230	MIM606470	MIM613987												
55652	MIM612187														
55653	MIM607471														
55654	MIM171300	MIM613403													
55655	MIM609364														
55656	MIM611351														
5566	MIM601639														
55660	MIM612941														
55662	MIM606615														
55664	MIM610346														
55665	MIM610337														
55666	MIM606590														
55669	MIM608506														
5567	MIM176892														
55670	MIM202370	MIM214100	MIM266510	MIM601539	MIM608666	MIM614872	MIM614873								
55671	MIM610351														
55672	MIM610501														
55676	MIM611148														
55679	MIM607908														
5568	MIM176893														
55680	MIM610328														
55684	MIM610615														
55686	MIM609207														
55687	MIM580000	MIM610230	MIM613070												
55689	MIM613373														
5569	MIM606059														
55690	MIM607492														
55692	MIM607782														
55693	MIM609766														
55696	MIM612430														
55697	MIM604632														
55698	MIM611491														
55699	MIM612801														
5570	MIM606914														
55701	MIM610018														
55703	MIM607694	MIM614366	MIM614381												
55704	MIM609736														
55706	MIM610115														
55707	MIM611624														
5571	MIM602742														
55714	MIM610083														
55715	MIM608333														
55716	MIM610007														
55717	MIM606417	MIM614858													
55719	MIM610348														
55720	MIM611214														
55723	MIM609190														
55727	MIM610386														
55729	MIM613644														
5573	MIM101800	MIM160980	MIM188550	MIM188830	MIM255960	MIM610489									
55733	MIM605743														
55735	MIM614827														
55737	MIM601501	MIM614203													
55738	MIM608377														
55740	MIM609061														
55741	MIM610302														
55742	MIM608120														
55743	MIM605209														
55744	MIM614769														
55745	MIM614368														
55746	MIM607613														
55748	MIM169800														
55749	MIM612569														
5575	MIM176911														
55750	MIM212350	MIM610345	MIM614691												
55751	MIM613937														
55752	MIM612887														
55754	MIM611028														
55755	MIM604804	MIM608201													
55756	MIM611352														
55757	MIM605898														
5576	MIM176910														
55760	MIM607960														
55763	MIM607879														
55764	MIM218330	MIM606045													
55768	MIM610661														
55769	MIM194558														
5577	MIM176912														
55775	MIM607198	MIM607250													
55777	MIM156200	MIM611472													
5578	MIM176960														
55785	MIM613520														
55787	MIM300677														
55788	MIM277380	MIM612625													
5579	MIM176970														
55794	MIM607618														
55795	MIM613713														
55796	MIM300413														
55798	MIM607846														
55799	MIM606399														
558	MIM109135														
5580	MIM176977														
55800	MIM608214	MIM613120													
55801	MIM605679														
55802	MIM607010														
55803	MIM608635														
55806	MIM146550	MIM203655	MIM209500	MIM602302											
55808	MIM610138														
55809	MIM610322														
5581	MIM176975														
55811	MIM143870	MIM605205													
55812	MIM268000	MIM604232	MIM609868												
55814	MIM607012														
55815	MIM607720														
55816	MIM608334														
55818	MIM611512														
5582	MIM176980	MIM605361													
55821	MIM612396														
55823	MIM608549														
55824	MIM605767														
55825	MIM605843														
55827	MIM610494														
55829	MIM607918														
5583	MIM601367	MIM605437													
55832	MIM607727														
55835	MIM210600	MIM608393	MIM609279	MIM613676											
55837	MIM609486														
55839	MIM611509														
5584	MIM600539														
55840	MIM607659														
55843	MIM610578														
55844	MIM613992														
55845	MIM611183														
55847	MIM611932														
5585	MIM601032														
55850	MIM610675														
55851	MIM607632	MIM613736													
55858	MIM614726	MIM614727													
55859	MIM300690														
5586	MIM602549														
55861	MIM611453														
55862	MIM612136														
55867	MIM607097														
55869	MIM122470	MIM300269	MIM300882	MIM309585											
5587	MIM605435														
55870	MIM607999														
55871	MIM611078														
55872	MIM611210														
55876	MIM611221														
55879	MIM300349														
5588	MIM600448														
55885	MIM180386														
5589	MIM174050	MIM177060													
55890	MIM605949														
55891	MIM607377														
55892	MIM606042														
55893	MIM609494														
55894	MIM606611														
55897	MIM608689														
55898	MIM611219														
5590	MIM176982														
55902	MIM605832														
55904	MIM608444														
55905	MIM612451														
55907	MIM603316														
55909	MIM606396														
5591	MIM600899														
55911	MIM605220														
55914	MIM606944														
55915	MIM612919														
55916	MIM300320														
5592	MIM176894														
55920	MIM609587														
55922	MIM300440														
55929	MIM605077														
5593	MIM601591														
55930	MIM610022														
55937	MIM606907														
5594	MIM176948														
5595	MIM601795														
55958	MIM611201														
55959	MIM610013														
5596	MIM176949														
55964	MIM608314														
55966	MIM610972														
55967	MIM256000	MIM614530													
55968	MIM606610														
5597	MIM602904														
55971	MIM611877														
55972	MIM610821														
55974	MIM613683														
55975	MIM611119	MIM612943													
5598	MIM602521														
5599	MIM601158														
55997	MIM217095	MIM605194	MIM605376	MIM613853											
55998	MIM300319														
55999	MIM300318														
56	MIM102525														
560	MIM415000														
5600	MIM602898														
56000	MIM300316														
56001	MIM300315														
56005	MIM606746														
56006	MIM613176														
5601	MIM602896														
5602	MIM602897	MIM606369													
5603	MIM602899														
56033	MIM603260														
56034	MIM608452														
5604	MIM115150	MIM176872													
5605	MIM115150	MIM601263													
56052	MIM605907	MIM608540													
5606	MIM602315														
56062	MIM300348														
5607	MIM602520														
5608	MIM601254														
5609	MIM603014														
56097	MIM606306														
56098	MIM606305														
56099	MIM606304														
5610	MIM176871														
56100	MIM606303														
56101	MIM606302														
56102	MIM606301														
56103	MIM606300														
56104	MIM606299														
56105	MIM606298														
56106	MIM606297														
56107	MIM606296														
56108	MIM606294														
56109	MIM606293														
5611	MIM601184														
56110	MIM606292														
56111	MIM606291														
56112	MIM606290														
56113	MIM606289														
56114	MIM606288														
56115	MIM604968														
56116	MIM604967														
56117	MIM604966														
5612	MIM607374														
56121	MIM606341														
56122	MIM606340														
56123	MIM606339														
56124	MIM606338														
56125	MIM606337														
56126	MIM606336														
56127	MIM606335														
56128	MIM606334														
56129	MIM606333														
5613	MIM300083														
56130	MIM606332														
56131	MIM606330														
56132	MIM606329														
56133	MIM606328														
56134	MIM606321														
56135	MIM606320														
56136	MIM606319														
56137	MIM606318														
56138	MIM606317														
56139	MIM606316														
56140	MIM606314														
56141	MIM606313														
56142	MIM606312														
56143	MIM606311														
56144	MIM606310														
56145	MIM606309														
56146	MIM606308														
56147	MIM606307														
56154	MIM605795														
56155	MIM605792														
56156	MIM300313														
56157	MIM300312														
56158	MIM605791														
56159	MIM300311														
5616	MIM400008														
56160	MIM608243														
56162	MIM606763														
56163	MIM605793														
56164	MIM605790														
56165	MIM605796														
56169	MIM608384														
5617	MIM176760														
56171	MIM610061														
56172	MIM118600	MIM123000	MIM605145												
56179	MIM605218														
5618	MIM176761														
56180	MIM300674														
5619	MIM182880														
5620	MIM182890														
5621	MIM123400	MIM137440	MIM176640	MIM245300	MIM600072	MIM603218	MIM606688								
5623	MIM602921														
5624	MIM176860	MIM612283	MIM612304												
56242	MIM606954														
56244	MIM606000	MIM612387													
56246	MIM607398	MIM609196													
5625	MIM239500	MIM600850	MIM606810												
56253	MIM612597														
56254	MIM607699														
56257	MIM611478														
56259	MIM611537														
5626	MIM262600	MIM601538													
56261	MIM614124														
56262	MIM608360	MIM613506													
56265	MIM609555														
56267	MIM610656														
5627	MIM176880	MIM612336	MIM614514												
56270	MIM609226														
56271	MIM300692														
56286	MIM609860														
56287	MIM606402														
56288	MIM606745														
5629	MIM601546														
563	MIM194460														
5630	MIM105400	MIM170710													
56300	MIM605542														
56301	MIM607959														
56302	MIM606679														
5631	MIM300661	MIM301835	MIM304500	MIM311070	MIM311850										
56311	MIM610731														
56339	MIM612472														
5634	MIM311860														
56341	MIM610086														
56342	MIM607793														
56344	MIM607315														
5635	MIM601249														
5636	MIM603762														
5638	MIM604428														
5639	MIM604429														
5640	MIM309610														
5641	MIM602620														
56413	MIM605773														
5644	MIM167800	MIM276000	MIM614044												
5645	MIM167800	MIM601564													
5646	MIM613578														
56474	MIM300380														
56475	MIM612171														
56477	MIM605240														
56478	MIM607445														
56479	MIM607357														
5648	MIM257920	MIM600521													
5649	MIM257320	MIM600514													
5650	MIM604438														
5651	MIM226200	MIM606635													
5652	MIM600823														
56521	MIM606060														
5653	MIM602652														
5654	MIM600142	MIM602194	MIM610149												
56547	MIM605470														
56548	MIM300375														
5655	MIM602673														
5657	MIM177020														
566	MIM162815														
5660	MIM176801	MIM249900	MIM610539	MIM611721	MIM611722										
56603	MIM605207	MIM614416													
56606	MIM606142	MIM612076													
56616	MIM605219	MIM614152													
5662	MIM602327														
56623	MIM610156	MIM613037													
56624	MIM611202														
5663	MIM104311	MIM172700	MIM212110	MIM600274	MIM607822	MIM613694	MIM613737								
5664	MIM212110	MIM600759	MIM606889	MIM613697											
56647	MIM611883														
56648	MIM605782														
56649	MIM606565														
56652	MIM271245	MIM606075	MIM607459	MIM609286											
56654	MIM605798														
56655	MIM607269														
56658	MIM605700														
56659	MIM607367														
56660	MIM607366														
56662	MIM612697														
56663	MIM612696														
56664	MIM612695														
56666	MIM608421														
56667	MIM612181														
56670	MIM606381														
56672	MIM609191														
56675	MIM613125														
56676	MIM609154														
56681	MIM607691														
5669	MIM176390														
56694	MIM603188														
567	MIM109700	MIM241600													
5670	MIM176391														
56704	MIM605266														
5671	MIM176392														
5672	MIM176393														
56729	MIM125853	MIM605565													
5673	MIM176394														
56731	MIM609493														
5675	MIM176395														
56751	MIM605211														
5676	MIM176396														
56776	MIM606373														
5678	MIM176398														
56797	MIM145750														
568	MIM109710														
5680	MIM176401														
56801	MIM605201														
5681	MIM177015														
5682	MIM602854														
56829	MIM607312														
5683	MIM176842														
56833	MIM606620														
5684	MIM176843														
56848	MIM607092														
56849	MIM300771														
5685	MIM176846														
56850	MIM300408														
56852	MIM605256														
56853	MIM612679														
5686	MIM176844														
5687	MIM602855	MIM608446													
5688	MIM606607														
56886	MIM605897														
56888	MIM614719														
5689	MIM602017														
56890	MIM613813														
56891	MIM607260														
56892	MIM607702														
56893	MIM605440														
56894	MIM614794														
56895	MIM614795														
56896	MIM608383														
56897	MIM608196														
56899	MIM607815														
5690	MIM602175														
56903	MIM607436														
56904	MIM609288														
56906	MIM612538														
56907	MIM609216														
5691	MIM602176														
56911	MIM611110														
56913	MIM610555														
56914	MIM606067														
56915	MIM606492														
56916	MIM136000	MIM612761													
56919	MIM614405														
5692	MIM602177														
56922	MIM210200	MIM609010													
56923	MIM605108														
56924	MIM608110														
56925	MIM609305														
56926	MIM609156														
56928	MIM608239														
56929	MIM608767														
5693	MIM600306														
56934	MIM604642														
56935	MIM609477														
56937	MIM606564														
56938	MIM614517														
5694	MIM600307														
56944	MIM610088														
56945	MIM605810	MIM611719													
56946	MIM608574														
56947	MIM614785														
56949	MIM610850														
5695	MIM604030														
56950	MIM610663														
56952	MIM610751														
56953	MIM605292														
56955	MIM605912														
56956	MIM606066														
56957	MIM611748														
5696	MIM177046	MIM256040													
56961	MIM610481														
56963	MIM607362														
5697	MIM600781	MIM601665													
56971	MIM606691														
56975	MIM259775	MIM611061													
56979	MIM609760														
5698	MIM177045														
56984	MIM609702														
5699	MIM176847														
56993	MIM607046														
56997	MIM606980	MIM607426	MIM612016												
56998	MIM607758														
56999	MIM605421														
570	MIM602938	MIM607748													
5700	MIM602706														
57007	MIM610376														
5701	MIM154365														
57010	MIM608965	MIM610427													
57016	MIM604707														
57017	MIM607426	MIM612837	MIM614654												
57018	MIM613384														
57019	MIM608943														
5702	MIM186852														
57026	MIM609246														
57030	MIM605208														
57038	MIM213000	MIM611523	MIM611524												
5704	MIM602707														
57042	MIM605225														
57044	MIM605598														
57045	MIM605049														
57047	MIM607610														
57048	MIM607611														
5705	MIM601681														
57050	MIM611614														
57053	MIM606372														
57054	MIM400027	MIM415000													
57055	MIM400026	MIM415000													
57057	MIM606061	MIM611363													
5706	MIM602708														
57060	MIM608503														
57061	MIM601410	MIM606546													
57062	MIM606181														
5708	MIM606223														
57082	MIM609173														
57084	MIM607563														
57085	MIM608729														
57088	MIM607612														
57093	MIM606124														
57094	MIM609562	MIM614417	MIM614418												
57096	MIM605446	MIM608194	MIM613826												
57099	MIM605265														
571	MIM602751														
5710	MIM601648														
57101	MIM610109														
57103	MIM610775														
57104	MIM609059	MIM610717													
57105	MIM605666														
57107	MIM607426	MIM610564	MIM614652												
57109	MIM602930														
5711	MIM604452														
57110	MIM606487														
57111	MIM612942														
57115	MIM608198														
57117	MIM611355														
57118	MIM607957														
57119	MIM609031														
57120	MIM102530	MIM606845													
57121	MIM606926														
57122	MIM607617														
57124	MIM606064														
57125	MIM606826														
57126	MIM162860														
57127	MIM607079														
57128	MIM613311														
57129	MIM611852														
5713	MIM157970														
57132	MIM606486														
57140	MIM605287														
57142	MIM604475														
57144	MIM608038														
57146	MIM611304														
57147	MIM608192														
57149	MIM614709														
5715	MIM603146														
57151	MIM612751														
57152	MIM248300	MIM606119													
57153	MIM606106														
57154	MIM605568														
57158	MIM605267	MIM613873													
57159	MIM606474														
5716	MIM603480														
57161	MIM614798														
57162	MIM614797														
57165	MIM608803	MIM608804	MIM613206	MIM613480											
57167	MIM147750	MIM607323	MIM607343												
5717	MIM604449														
57171	MIM614156														
57175	MIM609849														
57176	MIM612802														
57178	MIM607159														
5718	MIM604450														
57181	MIM608733														
57187	MIM300395														
57188	MIM609199														
5719	MIM603481														
57190	MIM255310	MIM602771	MIM606210												
57191	MIM605234														
57192	MIM252650	MIM605248													
57194	MIM605855														
57198	MIM605867														
572	MIM603167														
5720	MIM600654														
5721	MIM602161														
57211	MIM612243														
57213	MIM607866														
57214	MIM608366														
57215	MIM609119														
57216	MIM600533														
57217	MIM609332														
5722	MIM602723														
57223	MIM610352														
5723	MIM172480	MIM614023													
57232	MIM300819														
5724	MIM173393														
5725	MIM600693														
5726	MIM171200	MIM607751													
5727	MIM109400	MIM601309	MIM605462	MIM610828											
5728	MIM153480	MIM155600	MIM158350	MIM176807	MIM188470	MIM275355	MIM276950	MIM601728	MIM605309	MIM607174	MIM608089	MIM612359	MIM613028		
57282	MIM605556														
5729	MIM604687	MIM607277													
57291	MIM614625														
57292	MIM605305														
573	MIM601497														
5730	MIM176803														
57306	MIM185900														
57309	MIM605229														
5731	MIM176802														
5732	MIM176804	MIM208550													
57324	MIM601136														
5733	MIM176806														
57337	MIM612846														
57338	MIM605268	MIM606438													
5734	MIM601586														
57343	MIM613840														
57348	MIM605784														
57369	MIM607058														
5737	MIM600563														
57379	MIM605257	MIM605258													
5738	MIM601204														
57381	MIM607653														
5739	MIM600022														
57393	MIM300631														
57396	MIM607969														
574	MIM605167														
5740	MIM145500	MIM601699													
574017	MIM609313														
57402	MIM607986														
57403	MIM612966														
574034	MIM611711														
574038	MIM611708														
574043	MIM603116														
574044	MIM608105														
574045	MIM608026														
574047	MIM300519														
574048	MIM607893														
574049	MIM609428														
57405	MIM609395														
574077	MIM608696														
574078	MIM608695														
57409	MIM612072														
5741	MIM146200	MIM168450													
57410	MIM607982														
57412	MIM611806														
57419	MIM609839														
5742	MIM176805														
5743	MIM600262														
5744	MIM168470	MIM613382													
574411	MIM612071														
574413	MIM614057														
574435	MIM610961														
574442	MIM614523														
574447	MIM610567														
574449	MIM614384														
574455	MIM614734														
57446	MIM605273														
57447	MIM605272														
57448	MIM605638														
574480	MIM614247														
57449	MIM611067	MIM611101													
574493	MIM614755														
5745	MIM125350	MIM156400	MIM168468	MIM215045	MIM600002										
574501	MIM613614														
574506	MIM300865														
57451	MIM610119														
574511	MIM300877														
574513	MIM300874														
574514	MIM300875														
574515	MIM300866														
57453	MIM611782														
57455	MIM609614														
5746	MIM601469														
57461	MIM612764														
57465	MIM605021	MIM613577													
57467	MIM608116														
57468	MIM606726														
5747	MIM600758														
57471	MIM610072														
57472	MIM608951														
57477	MIM300434	MIM300579													
57486	MIM611530														
57491	MIM606517														
57492	MIM135900	MIM614556	MIM614562												
57493	MIM614182														
57494	MIM614054														
57496	MIM609463														
57497	MIM612808														
575	MIM602682														
57502	MIM209850	MIM300427	MIM300495	MIM300497											
57504	MIM609050														
57505	MIM612035	MIM614096													
57506	MIM609676														
57508	MIM611346														
57509	MIM609589														
57510	MIM607845														
57511	MIM606977	MIM614576													
57512	MIM614573														
57513	MIM612185														
57514	MIM100300	MIM610911													
57515	MIM614548														
57519	MIM614642														
57521	MIM607130														
57522	MIM606523														
57524	MIM612184														
57526	MIM300088	MIM300460													
57528	MIM613423														
5753	MIM602004														
57530	MIM609473														
57531	MIM610876														
57532	MIM609356														
57533	MIM614855														
57534	MIM608677														
57535	MIM611298														
57537	MIM606284														
57539	MIM613602	MIM613610	MIM614091												
5754	MIM601890														
57540	MIM611251														
57545	MIM216360	MIM612013	MIM612284	MIM612285											
57549	MIM609738														
57551	MIM610266														
57552	MIM613234														
57553	MIM608882														
57554	MIM614453														
57555	MIM606479														
57556	MIM605885														
57559	MIM612352														
5756	MIM610932														
57560	MIM611177	MIM611263													
57561	MIM612464														
57562	MIM614634														
57563	MIM611967														
57565	MIM613772														
57568	MIM611609														
57569	MIM609568														
5757	MIM188390														
57570	MIM611023														
57571	MIM613368														
57572	MIM614194	MIM614219													
57574	MIM608208														
57575	MIM608286														
57576	MIM605037														
57580	MIM606905														
57582	MIM608167														
57583	MIM613209														
57584	MIM609870														
57586	MIM607716														
57589	MIM610354														
57591	MIM606078														
57592	MIM610568														
57593	MIM609935														
57594	MIM608119														
57595	MIM300634														
57599	MIM612167														
576	MIM602683														
57600	MIM612768														
57602	MIM612543														
57605	MIM608920														
57606	MIM610492														
57608	MIM614398														
57609	MIM136630	MIM611379													
57610	MIM614031														
57611	MIM614179														
57616	MIM614119														
57617	MIM608551														
57619	MIM604570														
57620	MIM610841														
57622	MIM612807														
57623	MIM608175	MIM610931													
57626	MIM605332														
57628	MIM608209														
5763	MIM168440														
57634	MIM606265														
57636	MIM610590														
5764	MIM162095														
57644	MIM609928														
57646	MIM610748														
5765	MIM178300														
57650	MIM610643														
57654	MIM614632	MIM614640													
57657	MIM609973														
57659	MIM612308														
57661	MIM611780														
57662	MIM612685														
57663	MIM609546														
57664	MIM607769														
57669	MIM611730														
57670	MIM613344														
57674	MIM607151	MIM613768													
57678	MIM602395														
57679	MIM205100	MIM606352	MIM606353	MIM607225											
5768	MIM603120														
57680	MIM610528														
57689	MIM608817														
57690	MIM610741														
57692	MIM300759														
57693	MIM613864														
57697	MIM609644	MIM614087													
57698	MIM611171														
57699	MIM604209														
577	MIM602684														
5770	MIM125853	MIM176885													
57704	MIM609471														
57705	MIM613316														
57706	MIM613633														
5771	MIM176887														
57716	MIM145900	MIM605725													
57717	MIM606345														
57719	MIM610216														
57728	MIM608151	MIM614376	MIM614377	MIM614378											
57731	MIM606214														
57732	MIM614176														
57733	MIM606619														
5774	MIM176877														
5775	MIM176878														
57758	MIM611747														
57760	MIM300266														
57761	MIM607898														
57762	MIM605275														
57763	MIM605787														
5777	MIM176883														
5778	MIM176889														
57786	MIM608191														
57787	MIM606495														
57788	MIM300258														
57789	MIM300259														
57790	MIM300260														
57791	MIM300261														
57792	MIM300262														
57794	MIM607992														
57798	MIM614518	MIM614672													
578	MIM600516														
5780	MIM600768														
57801	MIM608060														
57804	MIM611525														
57805	MIM607359														
5781	MIM151100	MIM156250	MIM163950	MIM176876	MIM607785										
57817	MIM606464	MIM613313													
57818	MIM608058														
57819	MIM607282														
5782	MIM114500	MIM600079													
57820	MIM608249														
57822	MIM608317														
57823	MIM606625														
57824	MIM609961														
57828	MIM613452														
57829	MIM613514														
5783	MIM600267														
57834	MIM611517														
57835	MIM606757														
5784	MIM603155	MIM613611													
5786	MIM176884														
57863	MIM609743														
57864	MIM608956														
5787	MIM176882														
57876	MIM605633														
5788	MIM151460	MIM608971	MIM609532												
5789	MIM601598														
579	MIM602183	MIM613330													
5790	MIM601577														
5791	MIM600926														
5792	MIM179590														
5793	MIM176886														
5794	MIM602510														
5795	MIM114500	MIM600925													
5796	MIM602545														
5797	MIM176888														
5798	MIM601773														
5799	MIM601698														
58	MIM102610	MIM161800	MIM255310												
580	MIM114480	MIM601593													
5800	MIM600579	MIM614196													
5801	MIM602853														
5802	MIM601576														
5803	MIM176891	MIM600263													
5804	MIM604008														
5805	MIM261640	MIM612719													
5806	MIM602492														
581	MIM600040														
5810	MIM603153														
5813	MIM600473														
5814	MIM608887														
58155	MIM608449														
58156	MIM605293														
58157	MIM605304														
58158	MIM611635														
5816	MIM168890														
58160	MIM612133														
5817	MIM173850														
5818	MIM225060	MIM600644													
58189	MIM605322														
5819	MIM600798														
58190	MIM605323														
58191	MIM605398														
582	MIM209900	MIM209901													
5820	MIM165140														
5822	MIM601475														
5824	MIM214100	MIM600279	MIM614886												
5825	MIM170995														
5826	MIM603214	MIM614857													
5828	MIM170993	MIM266510	MIM601539	MIM614866	MIM614867										
5829	MIM602505														
583	MIM209900	MIM606151													
5830	MIM202370	MIM214100	MIM600414												
5831	MIM179035	MIM612940	MIM614438												
5832	MIM138250	MIM219150													
5833	MIM602679														
5834	MIM138550														
5836	MIM232700	MIM613741													
5837	MIM232600	MIM608455													
58473	MIM607651														
58475	MIM606502														
58480	MIM606366														
58484	MIM606831														
58485	MIM610969														
58487	MIM606444														
58488	MIM606055														
58490	MIM614694														
58491	MIM194545														
58492	MIM194551														
58493	MIM613273														
58494	MIM606870														
58496	MIM610433														
58498	MIM613993														
585	MIM209900	MIM600374													
58503	MIM608936														
58504	MIM610585														
58508	MIM606833														
58511	MIM608057														
58512	MIM611413														
58515	MIM607916														
58517	MIM612427														
58524	MIM614754														
58528	MIM608268														
58529	MIM605603														
58530	MIM606038														
58533	MIM606098														
58538	MIM606575														
5858	MIM176420														
5859	MIM603727														
586	MIM113520														
5860	MIM261630	MIM612676													
5861	MIM179508														
5862	MIM179509														
5863	MIM602306														
5864	MIM179490														
5865	MIM179510														
5867	MIM179511														
5868	MIM179512														
5869	MIM179514														
587	MIM113530														
5870	MIM179513														
5871	MIM603166														
5872	MIM602672														
5873	MIM603868	MIM607624													
5874	MIM603869														
5875	MIM601905														
5876	MIM179080														
5877	MIM603417														
5878	MIM604037														
5879	MIM602048														
5880	MIM602049	MIM608203													
5881	MIM602050														
5883	MIM603761														
5884	MIM603139														
5885	MIM122470	MIM606462	MIM614701												
5886	MIM600061														
5887	MIM600062														
5888	MIM114480	MIM179617	MIM614508												
5889	MIM602774	MIM613390	MIM613399												
5890	MIM602948														
5891	MIM605762														
5892	MIM602954	MIM614291													
5893	MIM600392														
5894	MIM164760	MIM611553	MIM611554												
5896	MIM179615	MIM233650	MIM601457	MIM603554	MIM609889										
5897	MIM179616	MIM233650	MIM601457	MIM603554											
5898	MIM179550														
58985	MIM605457														
5899	MIM179551														
59	MIM102620	MIM611788	MIM613834	MIM614042											
590	MIM177400														
5900	MIM601619														
5901	MIM601179														
5902	MIM601180														
5903	MIM601181	MIM608033													
5905	MIM602362														
5906	MIM179520														
59067	MIM605384														
5908	MIM179530														
59081	MIM300273														
59082	MIM605354														
5909	MIM600278														
5910	MIM179502														
5911	MIM179540														
5912	MIM179541														
5913	MIM208150	MIM601592	MIM608931												
5914	MIM180240	MIM612376													
5915	MIM180220														
5916	MIM180190														
5917	MIM107820														
5918	MIM605090														
5919	MIM601973														
5920	MIM605092														
5921	MIM139150	MIM605462	MIM608354	MIM608355											
5922	MIM601589														
5923	MIM606600														
5924	MIM606614														
5925	MIM109800	MIM180200	MIM182280	MIM259500	MIM614041										
5926	MIM180201														
59269	MIM606649														
5927	MIM180202														
59272	MIM300335														
59277	MIM610401														
5928	MIM602923														
59283	MIM606900														
59284	MIM606899														
59285	MIM606898														
59286	MIM606849														
5929	MIM600697														
593	MIM248600	MIM608348													
5930	MIM600938														
59307	MIM605478														
5931	MIM300825														
5932	MIM251255	MIM604124	MIM606744												
5933	MIM116957														
59330	MIM109350														
59331	MIM161900														
59332	MIM313000														
59333	MIM605285														
59338	MIM603075	MIM607772													
59339	MIM607773														
5934	MIM180203														
59340	MIM606792														
59341	MIM113500	MIM156530	MIM168400	MIM181405	MIM184095	MIM184252	MIM600175	MIM605427	MIM606071	MIM606835	MIM613508				
59343	MIM608261														
59344	MIM242100	MIM607206													
59345	MIM610863														
59348	MIM605422														
59349	MIM614522														
5935	MIM300027														
59350	MIM606654														
59351	MIM605669														
59352	MIM606653														
5936	MIM602571														
5937	MIM602310														
5939	MIM602387														
594	MIM248600	MIM248611													
5940	MIM400006	MIM415000													
5947	MIM180260														
5948	MIM180280														
594832	MIM609994														
594842	MIM614353														
594855	MIM609585														
594857	MIM609513														
5949	MIM180290	MIM268000													
595	MIM114500	MIM168461	MIM193300												
5950	MIM180250														
5953	MIM180020														
5954	MIM602735														
5955	MIM602584														
5956	MIM300822	MIM303700	MIM303900												
5957	MIM179618														
5959	MIM136880	MIM601617													
596	MIM151430														
5961	MIM136880	MIM169150	MIM179605	MIM608133	MIM608161	MIM613105									
5962	MIM179410	MIM611022													
5965	MIM600537														
5966	MIM164910														
5967	MIM167770														
5968	MIM167771														
597	MIM601056														
5970	MIM164014														
5971	MIM604758														
5972	MIM179820	MIM267430	MIM613092												
5973	MIM312420														
5976	MIM601430														
5977	MIM601671														
5978	MIM600571														
5979	MIM142623	MIM155240	MIM162300	MIM164761	MIM171300	MIM171400	MIM191830	MIM209880							
598	MIM600039														
5980	MIM602776														
5981	MIM102579														
5982	MIM600404														
5983	MIM600405														
5984	MIM102577														
5985	MIM600407														
5986	MIM602578														
5987	MIM602165														
5988	MIM605968														
5989	MIM600006														
599	MIM601931														
5990	MIM142765														
5991	MIM601337														
5992	MIM603958														
5993	MIM209920	MIM601863													
5994	MIM209920	MIM601861													
5995	MIM600342	MIM613769													
5996	MIM600323														
5997	MIM600861														
5998	MIM602189														
5999	MIM602516														
60	MIM102630	MIM243310	MIM607371												
6000	MIM602517														
6001	MIM602856														
6002	MIM602512														
6003	MIM607190														
6004	MIM602514														
6005	MIM180297	MIM268150													
6006	MIM111690	MIM111700													
6007	MIM111680														
6009	MIM601293														
6010	MIM136880	MIM180380	MIM610445	MIM613731											
6011	MIM180381	MIM613411													
6012	MIM601499														
6013	MIM179730														
6014	MIM609592														
6015	MIM602045														
6016	MIM609591														
6017	MIM136880	MIM180090	MIM607475	MIM607476											
6018	MIM180610														
6019	MIM179740														
602	MIM109560														
6022	MIM600332														
6023	MIM157660	MIM250250	MIM250460	MIM607095											
6025	MIM180420														
6029	MIM612177														
603	MIM151441														
60312	MIM608252														
60314	MIM611366														
60343	MIM300492														
6035	MIM180440														
60358	MIM614012														
60359	MIM614011														
6036	MIM131410														
6037	MIM131398														
6038	MIM601030														
60385	MIM608253														
60386	MIM606521	MIM607196	MIM613710												
6039	MIM601981														
604	MIM109565														
60401	MIM300276														
6041	MIM176807	MIM180435	MIM601518												
60412	MIM608185														
6043	MIM180647														
60436	MIM607294														
6044	MIM180646														
6045	MIM608985														
60454	MIM605543														
6046	MIM601540														
60468	MIM605394														
6047	MIM602850														
6048	MIM602677														
60481	MIM611805														
60482	MIM608761														
60485	MIM607203														
60488	MIM611995														
60489	MIM607113														
6049	MIM133239	MIM604242													
60490	MIM609854														
60491	MIM605778														
60493	MIM614272														
60495	MIM236730														
60496	MIM607756														
60498	MIM161950														
605	MIM601406														
6050	MIM173320														
60500	MIM605365														
60502	MIM605388														
60506	MIM300278	MIM310500													
6051	MIM602675														
6052	MIM180450														
60526	MIM613570														
60528	MIM176807	MIM605367	MIM614731												
60529	MIM605420	MIM609597	MIM613451												
6053	MIM180451														
6054	MIM180452														
6055	MIM180453														
6056	MIM180454														
60561	MIM610089														
6059	MIM601213														
60598	MIM607368														
606	MIM601889														
6060	MIM180680														
60626	MIM609146														
6066	MIM180690														
606719	MIM610212														
60672	MIM608772														
60674	MIM608280														
60675	MIM146110	MIM607002	MIM610628												
60677	MIM612681														
60678	MIM607695														
60680	MIM612680														
60681	MIM607063	MIM610698	MIM610968												
60682	MIM611372														
60684	MIM614138														
60685	MIM607455														
607	MIM602597														
6079	MIM600455														
608	MIM109545														
6080	MIM180645														
6081	MIM603239														
6082	MIM604012														
6083	MIM603635														
6084	MIM601821														
6085	MIM601822														
6086	MIM601823														
6090	MIM601824														
6091	MIM602430														
6092	MIM602431	MIM610878													
6093	MIM601702														
6094	MIM180721	MIM268000													
6095	MIM600825														
6096	MIM601972														
6097	MIM602943														
6098	MIM165020														
610	MIM602781														
6100	MIM180104	MIM607331													
6101	MIM145750	MIM180100	MIM603937												
6102	MIM300757	MIM312600													
6103	MIM300029	MIM300455	MIM300834	MIM304020	MIM312610										
6104	MIM312612														
611	MIM190900	MIM613522													
6114	MIM602594														
6115	MIM300424														
6116	MIM300155														
6117	MIM179835														
6118	MIM179836														
6119	MIM179837														
6120	MIM180480														
6121	MIM180069	MIM204100	MIM613794												
6122	MIM604163														
6124	MIM180479														
6125	MIM603634	MIM612561													
6128	MIM603703														
6129	MIM604166														
613	MIM151410	MIM608232	MIM613065												
6130	MIM185640														
6132	MIM604177														
6133	MIM603686														
6134	MIM300847	MIM312173													
6135	MIM604175	MIM612562													
6136	MIM180475														
6137	MIM113703														
6138	MIM604174														
6139	MIM603661														
6141	MIM604179														
6142	MIM604178														
6143	MIM180466														
6144	MIM603636														
6146	MIM180474														
6147	MIM602326														
6150	MIM600789														
6152	MIM604180														
6154	MIM603704														
6155	MIM607526														
6156	MIM180467														
6157	MIM603637														
6158	MIM603638														
6159	MIM601832														
616	MIM113660														
6165	MIM180468	MIM612528													
6166	MIM180469														
6167	MIM604181														
6168	MIM613314														
6169	MIM604182														
617	MIM124000	MIM256000	MIM262000	MIM603358	MIM603647										
6170	MIM601904														
6171	MIM613315														
6175	MIM180510														
6176	MIM180520														
618	MIM606089														
6181	MIM180530														
6182	MIM602375														
6183	MIM603021														
6184	MIM180470														
6185	MIM180490														
6187	MIM603624														
6188	MIM600454														
6189	MIM180478														
6191	MIM312760														
619189	MIM614550														
6192	MIM470000														
6193	MIM603630														
619373	MIM611940														
619379	MIM609727														
619394	MIM609541														
619397	MIM609253														
619398	MIM609255														
619399	MIM608096														
6194	MIM180460														
619402	MIM609299														
619404	MIM609376														
619405	MIM609400														
619406	MIM609408														
619407	MIM609432														
619408	MIM609454														
619409	MIM609456														
619410	MIM609469														
619411	MIM609470														
619468	MIM609578														
619469	MIM400042														
619471	MIM609573														
619475	MIM609566														
619477	MIM609197														
619478	MIM608988														
619479	MIM608982														
619480	MIM608970														
619483	MIM608553														
619488	MIM608543														
619493	MIM607853														
619496	MIM607731														
6195	MIM601684														
619501	MIM607464														
619503	MIM606035														
619509	MIM300421														
619510	MIM300158														
619511	MIM255160														
619536	MIM193007														
619537	MIM192200														
619538	MIM166760														
619539	MIM151001														
619540	MIM148600														
6196	MIM601685														
6197	MIM300075	MIM300844	MIM303600												
6198	MIM608938														
6199	MIM608939														
6201	MIM603658	MIM612563													
6202	MIM600357														
6203	MIM603631														
6204	MIM603632	MIM613308													
6205	MIM180471														
6206	MIM603660														
6207	MIM180476														
6208	MIM130620	MIM153550													
6209	MIM180535														
6210	MIM603674														
6217	MIM603675														
6218	MIM180472	MIM612527													
622	MIM603063														
6222	MIM180473														
6223	MIM603474														
6224	MIM603682														
6225	MIM180463														
6226	MIM180464														
6227	MIM180477														
6228	MIM603683														
6229	MIM602412	MIM610629													
623	MIM600337														
6230	MIM180465														
6231	MIM603701	MIM613309													
6232	MIM603702														
6233	MIM191343														
6234	MIM603685														
6235	MIM603633														
6236	MIM179503														
6237	MIM165090														
6238	MIM601418														
6239	MIM602209														
624	MIM113503														
6240	MIM180410														
6241	MIM180390														
6242	MIM602288														
6247	MIM300839	MIM312700													
6248	MIM601966														
6249	MIM179838														
6251	MIM179555														
6252	MIM600865														
6253	MIM603183	MIM604805													
6256	MIM180245														
6257	MIM180246														
6258	MIM180247														
6259	MIM600524														
626	MIM600430														
6261	MIM117000	MIM145600	MIM180901	MIM255320											
6262	MIM180902	MIM600996	MIM604772												
6263	MIM180903														
627	MIM113505	MIM164230	MIM209880	MIM606788	MIM607499	MIM610269									
6271	MIM176940														
6272	MIM602458	MIM613589													
6273	MIM176993														
6274	MIM176992														
6275	MIM114210														
6276	MIM176991														
6277	MIM114110														
6278	MIM600353														
6279	MIM123885														
628	MIM109180														
6280	MIM123886														
6281	MIM114085														
6282	MIM603114														
6283	MIM603112														
6284	MIM601989														
6285	MIM176990														
6286	MIM600614														
6288	MIM104750														
6289	MIM104751														
629	MIM138470	MIM235400	MIM603075	MIM612924											
6291	MIM104752														
6293	MIM603443														
6294	MIM602895														
6295	MIM181031	MIM258100	MIM613758												
6296	MIM145505														
6297	MIM602219														
6298	MIM154280														
6299	MIM107480	MIM602218													
6300	MIM602399														
6301	MIM607529														
6302	MIM181035														
63027	MIM611697														
6303	MIM308800	MIM313020													
63035	MIM300688														
63036	MIM609443														
6304	MIM602075														
6305	MIM603560														
6307	MIM607545														
6309	MIM602286	MIM607330													
631	MIM603307	MIM611391													
6310	MIM164400	MIM601556													
6311	MIM183090	MIM601517													
6314	MIM164500	MIM607640													
6315	MIM603680	MIM608768													
6317	MIM600517														
6318	MIM600518														
6319	MIM604031														
632	MIM112260														
6320	MIM604713														
6322	MIM300227														
6323	MIM182389	MIM604403	MIM607208	MIM609634											
6324	MIM600235	MIM604233	MIM612838												
6326	MIM182390	MIM607745	MIM613721												
6327	MIM601327														
6328	MIM182391														
6329	MIM168300	MIM170500	MIM603967	MIM608390	MIM613345	MIM614198									
633	MIM301870														
6330	MIM608256	MIM611819													
6331	MIM113900	MIM272120	MIM600163	MIM601144	MIM601154	MIM603829	MIM603830	MIM608567	MIM614022						
6332	MIM182392														
6334	MIM600702	MIM614306	MIM614558												
6335	MIM133020	MIM167400	MIM243000	MIM603415	MIM604403	MIM607208	MIM613863								
6336	MIM604427														
6337	MIM264350	MIM600228	MIM613021												
6338	MIM177200	MIM211400	MIM264350	MIM600760											
6339	MIM601328														
634	MIM109770														
6340	MIM177200	MIM264350	MIM600761	MIM613071											
6341	MIM603644														
6342	MIM184755	MIM613724													
6343	MIM182099														
6344	MIM182098														
6345	MIM604992														
6346	MIM182281														
6347	MIM158105	MIM182940	MIM607948	MIM609423											
6348	MIM182283	MIM609423													
6349	MIM601395	MIM609423													
635	MIM602888														
6351	MIM182284														
6352	MIM187011														
6354	MIM158106														
6355	MIM602283														
6356	MIM600807	MIM601156	MIM609423												
6357	MIM601391														
6358	MIM601392														
6359	MIM601393														
636	MIM602204														
6360	MIM601394														
6361	MIM601520														
6362	MIM603757														
6363	MIM602227														
6364	MIM601960														
6365	MIM600511														
6366	MIM602737														
6367	MIM602957														
6368	MIM602494														
6369	MIM602495														
637	MIM601997														
6370	MIM602565														
6372	MIM138965														
6373	MIM604852														
6374	MIM600324														
6375	MIM600250														
6376	MIM601880														
6377	MIM181510														
6378	MIM603342														
638	MIM603392														
6382	MIM186355														
63826	MIM606477														
63827	MIM600347														
6383	MIM142460														
6385	MIM600017														
6386	MIM602217														
63869	MIM605364														
6387	MIM600835	MIM609423													
63870	MIM604316														
63875	MIM611830														
63876	MIM613066														
6388	MIM602934														
6389	MIM252011	MIM256000	MIM600857	MIM613642	MIM614165										
63891	MIM614472														
63892	MIM611800														
63894	MIM613401	MIM613404													
63895	MIM613629														
639	MIM603423														
6390	MIM115310	MIM171300	MIM185470	MIM606764	MIM606864	MIM612359									
63904	MIM300678														
63908	MIM611270														
6391	MIM602413	MIM605373	MIM606764	MIM606864											
63910	MIM612107														
63915	MIM607289														
63916	MIM606421														
6392	MIM114900	MIM168000	MIM171300	MIM602690	MIM606864	MIM612359									
63922	MIM613201														
63924	MIM612120														
63925	MIM610827														
63929	MIM613159	MIM613553													
63931	MIM611978														
63934	MIM611024														
63941	MIM612478														
63944	MIM605419														
63946	MIM614806														
63947	MIM300878														
63948	MIM614805														
6395	MIM165110														
63950	MIM614804														
63951	MIM614803														
6396	MIM600152														
63967	MIM605434														
6397	MIM601504														
63970	MIM605426														
63971	MIM605433														
63973	MIM606624														
63974	MIM611513														
63976	MIM605557														
63978	MIM611781														
6398	MIM602602														
63982	MIM610110														
6399	MIM300202	MIM313400													
640	MIM191305	MIM613375													
6400	MIM602329														
64002	MIM605443														
64005	MIM613445														
64006	MIM605626														
6401	MIM131210	MIM145500	MIM161950												
6402	MIM153240	MIM161950													
6403	MIM147050	MIM173610													
6404	MIM600738														
6405	MIM601124														
6406	MIM182140														
64061	MIM300564														
64063	MIM609343														
64064	MIM610289														
64065	MIM609301														
64067	MIM609430														
64069	MIM603165														
6407	MIM182141														
64072	MIM601067	MIM601386	MIM605516												
64078	MIM608269														
64080	MIM611132														
64081	MIM612189														
64083	MIM612207														
64084	MIM611323														
64087	MIM210210	MIM609014													
64089	MIM614903														
64090	MIM608237														
64091	MIM605823														
64092	MIM607978														
64093	MIM206920	MIM608488													
64094	MIM125400	MIM607223													
64097	MIM612141														
64098	MIM608122														
641	MIM210900	MIM604610													
64100	MIM607443														
64101	MIM610486														
64102	MIM300459														
64105	MIM611502														
64106	MIM607448														
64108	MIM609350														
64109	MIM300357	MIM400023													
64110	MIM609267														
64112	MIM609485														
64114	MIM610364														
64116	MIM608732														
64121	MIM608267														
64122	MIM608425														
64127	MIM186580	MIM266600	MIM605956	MIM607507	MIM609464										
64130	MIM612331														
64131	MIM264800	MIM608124													
64132	MIM264800	MIM608125													
641339	MIM300573	MIM300851													
64135	MIM606951														
64137	MIM607784														
641371	MIM614313														
641372	MIM614267														
641373	MIM609618														
6414	MIM601484														
641433	MIM609913														
64145	MIM609511														
64147	MIM607910														
6415	MIM603235														
64150	MIM608523														
64151	MIM606280														
641589	MIM614006														
641590	MIM614007														
6416	MIM601335														
641638	MIM612215														
641648	MIM612216														
641654	MIM611641														
64167	MIM609497														
64170	MIM212050	MIM607212													
64174	MIM609925														
64175	MIM610339	MIM610915													
6418	MIM600960														
64180	MIM609926														
64184	MIM611582														
6419	MIM609834														
641977	MIM611563														
642	MIM104300	MIM602403													
6420	MIM111800														
64207	MIM611720														
64208	MIM605824														
6421	MIM605199														
64210	MIM614777														
64211	MIM605992														
64215	MIM611207														
64216	MIM607055														
64218	MIM607292	MIM610282	MIM610283												
64219	MIM300420														
6422	MIM604156														
64220	MIM601186	MIM610745													
64221	MIM607313	MIM608630													
64222	MIM607555														
64223	MIM612190														
64225	MIM609368														
642273	MIM611395														
6423	MIM604157														
64231	MIM606548														
64232	MIM606499														
64236	MIM609722														
64239	MIM605463														
6424	MIM606570														
64240	MIM210250	MIM605459													
64241	MIM210250	MIM605460	MIM611465												
6425	MIM604158														
6426	MIM600812														
642623	MIM613696														
6427	MIM600813														
6428	MIM603364														
64282	MIM605540														
64283	MIM612790														
64284	MIM602206														
64285	MIM614403														
64288	MIM610794														
6429	MIM601940														
642946	MIM610864														
643	MIM601613														
6430	MIM600914														
6431	MIM601944														
643160	MIM118943														
64318	MIM610769														
64319	MIM608601														
6432	MIM600572														
64321	MIM610928	MIM613674													
64324	MIM117550	MIM130650	MIM277590	MIM601626	MIM606681										
64326	MIM608067														
64327	MIM174500	MIM186200	MIM200500	MIM605522											
64328	MIM611449														
6433	MIM601945														
643311	MIM300790														
64332	MIM608004														
64333	MIM610576														
643394	MIM613511														
6434	MIM602719														
643414	MIM613922														
643418	MIM613924	MIM613943													
64342	MIM609359														
64343	MIM609916														
64344	MIM609976														
64359	MIM612895														
643680	MIM608401														
64374	MIM248800	MIM608005													
64375	MIM606239														
64376	MIM606238														
64377	MIM610190														
643832	MIM300737														
643834	MIM169710														
643836	MIM610281														
643847	MIM169720														
64386	MIM608482														
643866	MIM612978														
64388	MIM608832														
6439	MIM178640	MIM265120													
64393	MIM606452														
64398	MIM606958														
64399	MIM606178														
644	MIM109750	MIM614156													
6440	MIM178500	MIM178620	MIM610913												
64400	MIM608483														
64405	MIM609920														
64407	MIM607192														
644096	MIM252011	MIM612848													
6441	MIM178635														
64411	MIM606647														
64412	MIM613842														
644139	MIM612068														
644150	MIM612432														
644165	MIM113640														
644168	MIM606701														
64419	MIM160150	MIM611089													
6442	MIM600119	MIM608099													
64421	MIM602450	MIM603554	MIM605988												
64422	MIM609606														
64423	MIM610982	MIM613237	MIM614455												
64426	MIM608250														
64428	MIM611118														
6443	MIM600900	MIM604286													
644314	MIM156355														
64432	MIM611987														
64434	MIM611269														
6444	MIM212110	MIM601287	MIM601411	MIM606685											
644444	MIM611030														
64446	MIM605483	MIM612444													
6445	MIM253700	MIM608896													
644524	MIM607808														
6446	MIM602958														
6447	MIM173120														
64478	MIM608397														
6448	MIM252900	MIM605270													
644890	MIM614174														
6449	MIM603419														
644943	MIM614713														
64499	MIM191081														
645	MIM600941														
6450	MIM602230														
645037	MIM300726														
645051	MIM300734														
64506	MIM607342														
645073	MIM300731														
6451	MIM300190														
64518	MIM612683														
645191	MIM609792														
6452	MIM118400	MIM602104													
6453	MIM602442														
6455	MIM601626	MIM601768													
6456	MIM604465														
645651	MIM613050														
6457	MIM603362														
645740	MIM600720														
64577	MIM606467														
64581	MIM606264	MIM613108	MIM614079												
64582	MIM607970														
645832	MIM610975														
64585	MIM120502														
645864	MIM300763														
645879	MIM613048														
64588	MIM218400														
64589	MIM300290														
64598	MIM609125														
64599	MIM612064														
646	MIM601930														
64601	MIM608550														
6461	MIM600314														
6462	MIM182205														
6463	MIM313350														
6464	MIM600560														
64641	MIM609934														
64644	MIM605544														
64648	MIM300670														
64651	MIM606458														
6466	MIM600739														
64663	MIM300330														
646658	MIM609999														
6468	MIM608071														
64682	MIM608473														
64689	MIM606867														
6469	MIM142945	MIM147250	MIM269160	MIM600725	MIM611638										
64693	MIM608856														
64695	MIM605480														
646960	MIM613517	MIM613858													
64699	MIM601072	MIM605316	MIM605511												
6470	MIM182144														
64710	MIM611912														
647135	MIM614703														
64714	MIM608012														
6472	MIM138450														
6473	MIM127300	MIM249700	MIM300582	MIM312865	MIM400020										
647309	MIM614448														
6474	MIM602504														
64743	MIM300512														
64746	MIM606809														
64750	MIM605532														
64753	MIM611902														
64754	MIM608783														
64756	MIM608917														
64757	MIM614126														
64759	MIM606825														
6476	MIM222900	MIM609845													
64761	MIM612481														
64764	MIM608834														
64766	MIM611889														
64769	MIM611001														
6477	MIM602212														
64771	MIM612217														
64772	MIM611898														
64778	MIM611909														
6478	MIM602213														
64780	MIM607129														
64781	MIM610307														
64782	MIM610177														
64783	MIM606077														
64784	MIM608986														
64785	MIM610610														
64786	MIM612662														
64788	MIM246650	MIM611761													
64798	MIM612974														
64799	MIM612523														
648	MIM164831														
6480	MIM109675														
64801	MIM611647														
64802	MIM608553	MIM608700													
64805	MIM600515	MIM609821													
64806	MIM605658														
64816	MIM606534														
6482	MIM607187														
6483	MIM607188														
64834	MIM611813														
64837	MIM611729														
64838	MIM611905														
64839	MIM609083														
6484	MIM104240														
64840	MIM300651	MIM305600													
64843	MIM609481														
64844	MIM613334														
64847	MIM613939														
64849	MIM606411														
64850	MIM614682														
64851	MIM605526														
64852	MIM610641														
64853	MIM612375														
64854	MIM612849														
64855	MIM614045														
64856	MIM611901														
64857	MIM611893														
64858	MIM609683														
64859	MIM612103														
64864	MIM612660														
64866	MIM611735														
6487	MIM606494	MIM611090													
64881	MIM614449														
6489	MIM601123														
649	MIM112264	MIM614856													
6490	MIM155550														
64900	MIM605520														
64901	MIM606141														
64902	MIM612471														
6491	MIM181590	MIM612703													
64919	MIM606558														
6492	MIM601665	MIM603128													
64921	MIM611686														
64924	MIM607819														
64928	MIM611827														
6493	MIM600892														
6494	MIM602180														
64946	MIM605607														
64949	MIM611988														
6495	MIM601205	MIM605192	MIM608389												
64951	MIM611986														
6496	MIM157170	MIM269160	MIM603714												
64960	MIM611979														
64963	MIM611977														
64965	MIM611975														
64968	MIM611973														
64969	MIM611972														
6497	MIM164780	MIM182212													
64975	MIM611846														
64976	MIM605089														
64978	MIM611844														
64979	MIM611842														
6498	MIM165340														
64981	MIM611840														
64983	MIM611839														
6499	MIM600478	MIM614602													
650	MIM112261	MIM112600	MIM235200												
6500	MIM601434														
65003	MIM611826														
65005	MIM611824														
65008	MIM611821														
65009	MIM614463														
65010	MIM610068														
65014	MIM605582														
65018	MIM605909	MIM608309													
6502	MIM601436														
6503	MIM601099														
6504	MIM603492														
6505	MIM133550	MIM222730													
65055	MIM609139	MIM610250	MIM614751												
65056	MIM608412														
65057	MIM609377														
65059	MIM609035														
6506	MIM600300														
65062	MIM614423	MIM614424													
65065	MIM609816														
6507	MIM600111	MIM612656													
65076	MIM605552														
65077	MIM605572														
65078	MIM181500	MIM605566													
6508	MIM106195														
65080	MIM611849														
65082	MIM610034														
65083	MIM611532														
6509	MIM600229														
651	MIM112263														
6510	MIM109190														
65108	MIM602940														
65109	MIM300298	MIM300676													
6511	MIM600637														
65110	MIM605530														
6512	MIM604471														
65123	MIM611347														
65125	MIM145260	MIM201300	MIM605232	MIM614492											
6513	MIM138140	MIM606777	MIM612126	MIM614847											
6514	MIM138160	MIM227810													
6515	MIM138170														
6517	MIM125853	MIM138190													
6518	MIM138230														
6519	MIM104614	MIM220100													
652	MIM112262	MIM600625	MIM607932												
6520	MIM158070														
6521	MIM109270	MIM110500	MIM112010	MIM112050	MIM179800	MIM601550	MIM601551	MIM611162	MIM611590	MIM612653					
65211	MIM134600														
65217	MIM601067	MIM602083	MIM605514	MIM609533											
6522	MIM109280														
65220	MIM611616														
6523	MIM182380	MIM606824													
6524	MIM182381	MIM233100													
65244	MIM611667														
65245	MIM605606														
6525	MIM602127														
65250	MIM213300	MIM614571	MIM614615												
65251	MIM611903														
65258	MIM611900														
6526	MIM600444														
65264	MIM611362														
65266	MIM145260	MIM601844	MIM614491												
65267	MIM300358														
65268	MIM606249														
6528	MIM274400	MIM601843													
6529	MIM137165														
652963	MIM603738														
653	MIM112265														
6530	MIM163970	MIM604715													
653048	MIM300744														
653067	MIM300745														
6531	MIM125480	MIM126455	MIM143465	MIM188890	MIM613135										
653129	MIM610630														
653145	MIM602396														
653149	MIM613996														
6532	MIM164230	MIM182138	MIM607834												
653219	MIM300742														
653220	MIM300743														
653247	MIM168810														
653282	MIM300786														
6533	MIM186854														
653308	MIM610987														
653361	MIM233700	MIM608512													
6534	MIM606205														
653464	MIM614704														
653489	MIM612706														
653492	MIM176399														
6535	MIM300036	MIM300352													
653509	MIM178500	MIM178630													
653519	MIM612821														
6536	MIM601019														
653659	MIM611365														
653784	MIM613449														
6538	MIM607952														
653820	MIM614711														
6539	MIM603080														
654	MIM112266														
6541	MIM104615														
6542	MIM601872														
654231	MIM164795														
6543	MIM601901														
654341	MIM610810														
6545	MIM603752														
654502	MIM611622														
6546	MIM182305														
6547	MIM607991														
6548	MIM107310														
6549	MIM600530														
655	MIM112267														
6550	MIM182307														
6553	MIM600477														
6554	MIM182396														
6555	MIM601295	MIM613291													
6556	MIM600266	MIM607948	MIM610446												
6557	MIM600839	MIM601678													
6558	MIM600840														
6559	MIM263800	MIM600968													
656	MIM602284														
6560	MIM604119														
6561	MIM606193														
6563	MIM111000	MIM613868													
6564	MIM600544														
6565	MIM602339														
6566	MIM245340	MIM600682	MIM610021												
6567	MIM300095	MIM300523													
6568	MIM182308														
6569	MIM182309	MIM612286	MIM613388												
657	MIM174900	MIM601299	MIM610069												
6570	MIM193002														
6571	MIM193001														
6572	MIM600336														
6573	MIM600424														
6574	MIM137570														
6575	MIM158378	MIM213600	MIM614540												
6576	MIM190315														
6578	MIM601460	MIM614441													
6579	MIM602883														
658	MIM112600	MIM603248	MIM609441												
6580	MIM602607														
6581	MIM604842														
6582	MIM602608														
6583	MIM180300	MIM604190													
6584	MIM212140	MIM603377													
6585	MIM603742														
6586	MIM603745														
6588	MIM602203														
659	MIM178600	MIM265450	MIM600799												
6590	MIM107285														
6591	MIM172800	MIM602150	MIM608890												
6594	MIM300012														
6595	MIM600014	MIM601358													
6596	MIM603257														
6597	MIM603254	MIM613325	MIM614609												
65975	MIM607670														
65977	MIM607774														
65979	MIM608726														
6598	MIM601607	MIM609322	MIM614608												
65981	MIM610375														
65985	MIM614364														
6599	MIM601732														
65993	MIM611994														
65997	MIM612404														
660	MIM300101														
66002	MIM611485														
66004	MIM606110														
66008	MIM607334														
6601	MIM601734														
6602	MIM601735														
6603	MIM601736														
66035	MIM610367														
66036	MIM606260														
66037	MIM606165														
6604	MIM601737														
6605	MIM603111														
6606	MIM253400	MIM253550	MIM271150	MIM600354											
6607	MIM253400	MIM601627													
6608	MIM601500														
6609	MIM257200	MIM607608	MIM607616												
661	MIM187280														
6610	MIM603498														
6611	MIM300105	MIM309583													
6612	MIM602231														
6613	MIM603042														
6614	MIM600751														
6615	MIM604238														
6616	MIM600322														
6617	MIM600591														
6618	MIM605076														
6619	MIM602348														
662	MIM603291														
6620	MIM127750	MIM602569													
6621	MIM602777														
6622	MIM127750	MIM163890	MIM168601	MIM605543											
6623	MIM602998														
6624	MIM602689														
6625	MIM180740														
6626	MIM182285														
6627	MIM603521														
6628	MIM182282														
6629	MIM603520														
663	MIM603292														
6631	MIM603522														
6632	MIM601063														
6633	MIM601061														
6634	MIM601062														
6635	MIM128260														
6636	MIM603541														
6637	MIM603542														
6638	MIM105830	MIM176270	MIM182279	MIM209850											
664	MIM603293														
6640	MIM601017	MIM612955													
6641	MIM600026														
6642	MIM601272														
6643	MIM605929														
6645	MIM600027														
6646	MIM102642														
664615	MIM610960														
6647	MIM105400	MIM147450													
664728	MIM609915														
664780	MIM609995														
6648	MIM147460	MIM612634													
6649	MIM185490														
665	MIM605368														
6650	MIM603267														
6651	MIM182465														
6652	MIM182500														
6653	MIM104300	MIM602005													
6654	MIM135300	MIM182530	MIM610733												
6655	MIM601247														
6656	MIM602148														
6657	MIM184429	MIM206900													
6658	MIM300123	MIM312000	MIM313430												
6659	MIM184430														
666	MIM605404														
6660	MIM604975														
6662	MIM114290	MIM608160													
6663	MIM602229	MIM609136	MIM611584	MIM613266											
6664	MIM600898														
6665	MIM601297														
6666	MIM601947														
6667	MIM189906														
6668	MIM601801														
667	MIM113810	MIM614653													
6670	MIM601804														
6671	MIM600540														
6672	MIM604585														
6674	MIM603395														
6675	MIM602862														
6676	MIM603038														
6677	MIM600930														
6678	MIM182120														
668	MIM110100	MIM605597	MIM608996												
6683	MIM182601	MIM604277													
6685	MIM600146														
6687	MIM602783	MIM607259													
6688	MIM165170														
6689	MIM606802														
669	MIM222800	MIM613896													
6690	MIM167790	MIM167800	MIM608189												
6691	MIM605753														
6692	MIM605123														
6693	MIM182160														
6694	MIM602637														
6695	MIM602264														
6696	MIM166490														
6697	MIM182125	MIM612716													
6698	MIM182265														
6699	MIM182266														
670	MIM603156														
6700	MIM182267														
6701	MIM182268														
6702	MIM182269														
6707	MIM182271														
6708	MIM130600	MIM182860	MIM266140	MIM270970											
6709	MIM182810	MIM612164	MIM613477												
671	MIM109195														
6710	MIM182870														
6711	MIM182790														
6712	MIM600224	MIM604985													
6713	MIM602019														
6714	MIM190090														
6715	MIM184753														
6716	MIM264600	MIM607306													
6717	MIM182520														
6718	MIM235555	MIM604741													
672	MIM113705	MIM604370	MIM614320												
6720	MIM184756														
6721	MIM600481														
6722	MIM600589														
6723	MIM182891														
6726	MIM600707														
6727	MIM600708														
6728	MIM182175														
6729	MIM604857														
673	MIM115150	MIM164757	MIM211980	MIM613706	MIM613707										
6730	MIM604858														
6731	MIM602122	MIM614675													
6732	MIM601939														
6733	MIM602980														
6734	MIM182180														
6736	MIM278850	MIM400044	MIM400045	MIM480000											
6737	MIM109092														
6738	MIM600063														
6739	MIM182090														
6741	MIM109090														
6742	MIM600439														
6744	MIM118990														
6745	MIM600868														
6746	MIM600867														
6747	MIM606213														
6748	MIM300090														
6749	MIM604328														
675	MIM114480	MIM155255	MIM176807	MIM194070	MIM600185	MIM605724	MIM612555	MIM613029	MIM613347						
6750	MIM182450														
6751	MIM182451														
6752	MIM182452														
6753	MIM182453														
6754	MIM182454														
6755	MIM102200	MIM182455													
6756	MIM312820														
6757	MIM300192														
6758	MIM300327														
6759	MIM300326														
676	MIM602144														
6760	MIM600192														
6761	MIM185440														
6762	MIM191181														
6764	MIM140750														
6765	MIM167000														
6767	MIM606796														
6768	MIM606797	MIM610765													
6769	MIM602317														
677	MIM601064														
6770	MIM201710	MIM600617													
6772	MIM209950	MIM600555	MIM613796	MIM614162											
6773	MIM600556														
6774	MIM102582	MIM147060													
6775	MIM180300	MIM600558	MIM612253												
6776	MIM601511														
677662	MIM300557														
677663	MIM609985														
6777	MIM245590	MIM604260													
677764	MIM300613														
677765	MIM611329														
677778	MIM612675														
677796	MIM611335														
677799	MIM300662														
6778	MIM601512														
677800	MIM611330														
677810	MIM614626														
677826	MIM611333														
677841	MIM611331														
677847	MIM611334														
6779	MIM184470														
678	MIM612053														
6780	MIM601716														
6781	MIM601185														
6782	MIM601100														
6783	MIM600043														
6785	MIM600110	MIM605512	MIM614457												
6786	MIM605921	MIM612783													
6787	MIM601959														
6788	MIM605030														
6789	MIM604965	MIM614868													
6790	MIM114500	MIM603072													
6792	MIM105830	MIM300203	MIM300672	MIM312750											
6793	MIM603919														
6794	MIM175200	MIM273300	MIM602216												
6795	MIM243060	MIM603495													
6799	MIM601292														
680	MIM300107														
6801	MIM614765														
6804	MIM186590														
6809	MIM600876														
6810	MIM186591														
6811	MIM603189														
6812	MIM602926	MIM612164	MIM613477												
6813	MIM601717	MIM613101													
6814	MIM608339														
6817	MIM171150														
6818	MIM600641														
6819	MIM602385														
682	MIM109480	MIM111380													
6820	MIM604125														
6821	MIM272300	MIM606887													
6822	MIM125263														
6827	MIM603555														
6829	MIM602102														
683	MIM600387														
6830	MIM601333														
6832	MIM605122														
6833	MIM125853	MIM240800	MIM256450	MIM600509	MIM606176	MIM610374									
6834	MIM185620	MIM256000													
6835	MIM185630														
6836	MIM185660														
6837	MIM185641														
6838	MIM185642														
6839	MIM300254														
684	MIM600534														
6840	MIM604126														
6843	MIM185880														
6844	MIM185881														
6845	MIM300053														
6846	MIM604828														
6847	MIM602162														
685	MIM600345														
6850	MIM600085														
6853	MIM300491	MIM313440													
6854	MIM181500	MIM600755													
6855	MIM300802	MIM313475													
6857	MIM185605														
686	MIM253260	MIM609019													
6860	MIM600103														
6861	MIM600782														
6862	MIM182940	MIM601397													
6863	MIM162320														
6865	MIM162321														
6866	MIM146110	MIM162330	MIM614839												
6867	MIM605301														
6868	MIM603639	MIM614328													
6869	MIM162323														
687	MIM602902														
6870	MIM146110	MIM162332	MIM614840												
6871	MIM602276														
6872	MIM313650	MIM314250													
6873	MIM604912														
6874	MIM601796														
6875	MIM601689														
6876	MIM600818														
6877	MIM601787														
6878	MIM602955														
6879	MIM600573														
688	MIM602903														
6880	MIM600822														
6881	MIM600475														
6882	MIM600772														
6883	MIM600773														
6884	MIM600774														
6885	MIM602614														
6886	MIM187040														
6887	MIM186855														
6888	MIM602063	MIM606003													
689	MIM602542														
6890	MIM170260	MIM604571													
6891	MIM170261	MIM604571													
6892	MIM601962	MIM604571													
6893	MIM106700														
6894	MIM605052														
6895	MIM605053														
6897	MIM187790														
6898	MIM276600	MIM613018													
6899	MIM188400	MIM192430	MIM217095	MIM602054											
690	MIM602543														
6900	MIM190197														
6901	MIM212110	MIM250950	MIM300394	MIM302060											
6902	MIM610058														
6903	MIM602971														
6904	MIM604649														
6905	MIM241410	MIM244460	MIM604934												
6906	MIM314200														
6907	MIM300196														
6908	MIM168600	MIM600075	MIM607136												
6909	MIM600747														
6910	MIM142900	MIM601620													
6911	MIM602427														
6913	MIM260660	MIM604127													
6915	MIM188070	MIM614009													
6916	MIM231095	MIM274180	MIM614158												
6917	MIM601425														
6919	MIM604784														
6920	MIM604128														
692088	MIM613264														
692094	MIM612191														
6921	MIM600788														
692215	MIM613649														
692219	MIM610248														
692220	MIM610143														
692222	MIM610708														
6923	MIM600787														
6924	MIM600786														
6925	MIM105830	MIM602272	MIM610954												
6926	MIM181450	MIM601621													
6927	MIM125853	MIM142330	MIM142410	MIM144700	MIM222100	MIM600496	MIM612520								
6928	MIM125853	MIM137920	MIM144700	MIM189907											
6929	MIM147141														
693120	MIM613486														
693123	MIM613132														
693155	MIM614538														
693195	MIM612330														
6932	MIM189908														
693201	MIM614489														
6934	MIM125853	MIM602228													
6935	MIM189909	MIM609141	MIM613270												
6936	MIM189901														
6938	MIM600480														
6939	MIM601010														
694	MIM109580														
6940	MIM602444														
6941	MIM600912														
6942	MIM603107														
6943	MIM603306														
6944	MIM600607														
6945	MIM602976														
6946	MIM186860														
6947	MIM189905														
6948	MIM275350	MIM613441													
6949	MIM154500	MIM606847													
695	MIM300300	MIM300755	MIM307200												
6950	MIM186980														
6953	MIM187020														
6954	MIM186982														
6955	MIM186880														
6957	MIM186930														
696	MIM601610														
6964	MIM186810														
6965	MIM186970														
6975	MIM602653														
6988	MIM600690														
699	MIM602452														
6990	MIM300302														
6991	MIM186977														
6992	MIM606670														
6993	MIM601554														
6994	MIM309150														
6996	MIM601423														
6997	MIM187395														
6999	MIM191070														
70	MIM102540	MIM212110	MIM612098	MIM612794	MIM613424										
7001	MIM600538														
7003	MIM108985	MIM189967													
7004	MIM601714														
7005	MIM603170														
7006	MIM600583														
7007	MIM601543	MIM602574	MIM603629												
7008	MIM188595														
7009	MIM600748														
701	MIM114500	MIM176430	MIM257300	MIM602860											
7010	MIM600195	MIM600221													
7011	MIM601686														
7012	MIM127550	MIM178500	MIM602322	MIM609135	MIM614743										
7013	MIM600951														
7014	MIM602027														
7015	MIM127550	MIM178500	MIM187270	MIM601626	MIM609135	MIM613989	MIM614742								
7016	MIM601782														
7018	MIM190000	MIM209300													
7019	MIM600438														
7020	MIM107580	MIM113620													
7021	MIM169100	MIM601601													
7022	MIM601602														
7023	MIM600743														
7024	MIM189889														
7025	MIM132890														
7026	MIM107773														
7027	MIM189902														
7029	MIM602160														
7030	MIM300854	MIM314310	MIM605074												
7031	MIM113710														
7032	MIM182590														
7033	MIM600633														
7035	MIM152310														
7036	MIM604250	MIM604720													
7037	MIM190010														
7038	MIM188450	MIM274700	MIM608175												
7039	MIM190170														
7040	MIM131300	MIM190180	MIM219700												
7041	MIM602353														
7042	MIM190220	MIM614816													
7043	MIM107970	MIM190230													
7044	MIM601877														
7045	MIM121820	MIM121900	MIM122200	MIM601692	MIM602082	MIM607541	MIM608470	MIM608471							
7046	MIM132800	MIM190181	MIM608967	MIM609192											
7047	MIM600585														
7048	MIM133239	MIM190182	MIM610168	MIM610380	MIM614331										
7049	MIM600742														
705	MIM603871														
7050	MIM142946	MIM602630													
7051	MIM190195	MIM242100	MIM242300												
7052	MIM190196														
7053	MIM600238														
7054	MIM191290	MIM605407													
7055	MIM313850														
7056	MIM188040	MIM235400	MIM608446	MIM612926	MIM614486										
7057	MIM188060														
7058	MIM188061	MIM603932													
7059	MIM188062														
706	MIM109610														
7060	MIM600715														
7062	MIM190370														
7063	MIM274230														
7064	MIM601117														
7066	MIM187950	MIM600044													
7067	MIM190120	MIM614450													
7068	MIM145650	MIM188570	MIM190160	MIM274300											
7069	MIM601926														
7070	MIM188230														
7071	MIM601878														
7072	MIM603518														
7073	MIM603413														
7074	MIM600687														
7075	MIM600222														
7076	MIM305370														
7077	MIM188825														
7078	MIM136900	MIM188826													
7079	MIM601915														
708	MIM601269														
7080	MIM118700	MIM600635	MIM610978												
7082	MIM601009														
7083	MIM188300														
7084	MIM188250	MIM609560													
7085	MIM314300														
7086	MIM606781														
7087	MIM601852														
7088	MIM600189														
7089	MIM601041														
7090	MIM600190														
7091	MIM605132														
7092	MIM606742	MIM613087													
7093	MIM606743														
7094	MIM186745														
7095	MIM602173														
7096	MIM601194	MIM613223													
7097	MIM114500	MIM246300	MIM603028												
7098	MIM603029	MIM613002													
7099	MIM114500	MIM603030	MIM611488												
71	MIM102560	MIM604717	MIM614583												
710	MIM106100	MIM120790	MIM606860												
7100	MIM601744	MIM603031	MIM608556												
7101	MIM603849														
7102	MIM300096	MIM300210													
7103	MIM600769														
7104	MIM606567														
7105	MIM300191														
7106	MIM602644														
7107	MIM604658														
7108	MIM603414														
7109	MIM602103														
7110	MIM601126														
7111	MIM190930														
7112	MIM188380	MIM212110	MIM613740												
7113	MIM602060														
7114	MIM300159														
712	MIM120550	MIM613652													
7122	MIM602101														
7123	MIM187520														
7124	MIM157300	MIM191160	MIM600807	MIM611162											
7125	MIM191039														
7126	MIM191161														
7127	MIM603300														
7128	MIM191163														
713	MIM120570	MIM613652													
7130	MIM600410														
7132	MIM142680	MIM191190	MIM614810												
7133	MIM191191														
7134	MIM191040	MIM611879	MIM613243												
7135	MIM191042														
7136	MIM191043	MIM601680													
7137	MIM115210	MIM191044	MIM611880	MIM613286	MIM613690										
7138	MIM191041	MIM605355													
7139	MIM115195	MIM191045	MIM212110	MIM601494	MIM612422										
714	MIM120575	MIM613652													
7140	MIM600692	MIM601680													
7141	MIM190231														
7142	MIM190232														
7143	MIM601995														
7145	MIM600076														
7148	MIM130020	MIM600985	MIM606408												
7149	MIM148500														
715	MIM216950	MIM613785													
7150	MIM126420														
7153	MIM126430														
7154	MIM601431														
7155	MIM126431														
7156	MIM601243														
7157	MIM114480	MIM114500	MIM114550	MIM151623	MIM191170	MIM202300	MIM259500	MIM260350	MIM260500	MIM607107	MIM614740				
7158	MIM605230														
7159	MIM602143														
716	MIM120580	MIM613783													
7161	MIM601990														
7162	MIM190920														
7163	MIM604068														
7164	MIM604069														
7165	MIM603747														
7166	MIM191060														
7167	MIM190450														
7168	MIM115196	MIM191010	MIM212110	MIM611878											
7169	MIM108120	MIM190990	MIM601680	MIM609285											
717	MIM217000	MIM603075	MIM613927												
7170	MIM191030	MIM255310	MIM609284												
7171	MIM600317														
7172	MIM187680	MIM610460													
7173	MIM274500	MIM606765													
7174	MIM190470														
7175	MIM189940														
7177	MIM191080														
7178	MIM600763														
7179	MIM604336														
718	MIM120700	MIM235400	MIM611378	MIM612925	MIM613779										
7180	MIM187430														
7181	MIM601529														
7182	MIM601426														
7184	MIM191175														
7185	MIM601711														
7186	MIM601895														
7187	MIM601896														
7188	MIM602356														
7189	MIM602355														
719	MIM605246														
7193	MIM180640														
7195	MIM189911														
7196	MIM610407														
72	MIM102545														
720	MIM120810	MIM152700	MIM614374	MIM614380											
7200	MIM275120	MIM613879													
7201	MIM188545														
7203	MIM600114														
7204	MIM601893														
7205	MIM602933														
7206	MIM189918														
7207	MIM189932														
7208	MIM189920														
721	MIM120820	MIM614379													
7210	MIM180621														
7212	MIM180620														
7214	MIM189880														
7216	MIM300132														
7217	MIM189930														
7218	MIM189931														
7219	MIM189912														
722	MIM120830														
7220	MIM602343														
7222	MIM602345														
7223	MIM603651														
7224	MIM300334														
7225	MIM603652	MIM603965													
7226	MIM603749														
7227	MIM190350	MIM190351	MIM604386												
7228	MIM189919														
7229	MIM189923														
7230	MIM610406														
7232	MIM601432														
7234	MIM165060														
7236	MIM189913														
7237	MIM189933														
7239	MIM189921														
7240	MIM612995														
724029	MIM613556														
724031	MIM613716														
724058	MIM610213														
724066	MIM608768	MIM613289													
724074	MIM400043														
724107	MIM611252														
724110	MIM300750														
7247	MIM600575														
7248	MIM191100	MIM605284	MIM606690	MIM607341											
7249	MIM191092	MIM191100	MIM606690												
725	MIM120831														
7251	MIM114480	MIM601387													
7252	MIM188540	MIM275100													
7253	MIM603372	MIM603373	MIM609152												
7257	MIM602964														
7258	MIM480100														
7259	MIM604714	MIM608800													
726	MIM602537														
7260	MIM608998														
7261	MIM608999														
7262	MIM602131														
7263	MIM180370														
7264	MIM137020														
7265	MIM601963														
7266	MIM601964														
7267	MIM602259														
7268	MIM606753														
727	MIM120900	MIM609536													
7270	MIM600777														
7271	MIM147830														
7272	MIM604092														
7273	MIM188840	MIM212110	MIM600334	MIM603689	MIM604145	MIM608807	MIM611705	MIM613765							
7274	MIM277460	MIM600415													
7275	MIM601197														
7276	MIM105210	MIM115430	MIM145680	MIM176300											
727699	MIM610259														
7277	MIM191110														
727714	MIM302600														
727715	MIM301790														
727716	MIM301840														
727719	MIM609270														
7278	MIM602528														
727851	MIM602752														
727897	MIM178500	MIM600770													
727936	MIM613322														
728	MIM113995														
728036	MIM300789														
728042	MIM300788														
728045	MIM188035														
728049	MIM300787														
728062	MIM300785														
728072	MIM300784														
728075	MIM300783														
728082	MIM300782														
728090	MIM300781														
728096	MIM300780														
728226	MIM612340														
728239	MIM300702														
728255	MIM608821														
728269	MIM300764														
728294	MIM600721	MIM609186													
7283	MIM191135														
7284	MIM602389	MIM610678													
728430	MIM613054														
728441	MIM137181														
7286	MIM600087														
728622	MIM601435														
728642	MIM116951														
728655	MIM612210														
728695	MIM300669														
7287	MIM600132	MIM602280	MIM613843												
728712	MIM300493														
728753	MIM613053														
7288	MIM602309														
728833	MIM614712														
728841	MIM613998														
7289	MIM604730														
728911	MIM300793														
728936	MIM614005														
729	MIM217050	MIM612446													
7290	MIM600237														
7291	MIM101400	MIM123100	MIM180750	MIM601622											
7292	MIM603594	MIM608446													
729230	MIM601267														
729238	MIM178500	MIM178642													
7293	MIM600315														
729330	MIM601658														
729359	MIM613247														
729396	MIM300733														
7294	MIM600058														
729408	MIM300735														
729422	MIM300727														
729431	MIM300729														
729442	MIM300732														
729447	MIM300720														
7295	MIM187700														
729533	MIM614710														
729540	MIM612709														
729582	MIM608262														
7296	MIM601112														
7297	MIM176941	MIM611521													
7298	MIM188350														
729857	MIM612705														
729873	MIM607741														
729877	MIM610811														
7299	MIM103470	MIM203100	MIM601800	MIM606933	MIM606952										
729920	MIM614631	MIM614643													
729993	MIM613346														
730	MIM217070	MIM610102													
7300	MIM191270														
7301	MIM600341														
730262	MIM608608														
7303	MIM181600														
7305	MIM221770	MIM604142													
7306	MIM115501	MIM203290	MIM612271												
7307	MIM191317														
731	MIM120950	MIM613790													
7310	MIM601079														
7311	MIM191321														
7314	MIM119540	MIM191339													
7316	MIM191340														
7317	MIM301830	MIM314370													
7318	MIM191325														
7319	MIM300860	MIM312180													
732	MIM120960	MIM613789													
7320	MIM179095														
7321	MIM602961														
7322	MIM602962														
7323	MIM602963														
7324	MIM602916														
7325	MIM602163														
7326	MIM601569														
7327	MIM603124														
7328	MIM601082														
7329	MIM601661														
733	MIM120930														
7332	MIM603721														
7334	MIM603679														
7335	MIM602995														
7336	MIM603001														
7337	MIM105830	MIM601623													
734	MIM604598														
7341	MIM601912	MIM613705													
7342	MIM609784														
7343	MIM600673														
7345	MIM191342	MIM613643													
7347	MIM603090														
7348	MIM602380														
7349	MIM600945														
735	MIM120940	MIM613825													
7350	MIM113730	MIM601665													
7351	MIM601693	MIM607447													
7352	MIM601665	MIM602044													
7353	MIM601754														
7355	MIM314375														
7356	MIM192020	MIM600807													
7357	MIM602874														
7358	MIM603370														
7359	MIM191750														
7360	MIM191760														
7363	MIM600067														
7364	MIM600068														
7365	MIM600070														
7366	MIM600069														
7367	MIM601903														
7368	MIM601291														
7369	MIM162000	MIM191845	MIM603860	MIM609886											
7371	MIM609329														
7372	MIM258900	MIM613891													
7373	MIM120324														
7374	MIM191525	MIM608106													
7375	MIM603486														
7376	MIM600380														
7378	MIM191730														
7379	MIM611558														
7380	MIM191830	MIM611559													
7381	MIM124000	MIM191330													
7384	MIM191328														
7385	MIM191329														
7386	MIM191327														
7388	MIM613844														
7389	MIM176100	MIM613521													
7390	MIM263700	MIM606938													
7391	MIM191523	MIM602491													
7392	MIM600390														
7393	MIM276900														
7396	MIM602097														
7398	MIM603478														
7399	MIM276901	MIM608400	MIM613809												
740	MIM606866														
7401	MIM268000	MIM276902	MIM606397	MIM614180											
7402	MIM128240														
7403	MIM300128	MIM300867													
7404	MIM400009														
7405	MIM602493														
7407	MIM192150														
7408	MIM601703														
7409	MIM164875														
741	MIM604575														
7410	MIM600428														
7411	MIM300133														
7412	MIM192225														
7414	MIM193065	MIM212110	MIM611407	MIM613255											
7415	MIM167320	MIM601023	MIM613954												
7416	MIM604492														
7417	MIM193245														
7418	MIM610030														
7419	MIM610029														
7420	MIM125260														
7421	MIM166710	MIM277440	MIM601769												
7422	MIM192240	MIM603933													
7423	MIM601398														
7424	MIM601528														
7425	MIM602186														
7428	MIM144700	MIM171300	MIM193300	MIM263400	MIM608537										
7429	MIM193040														
7430	MIM123900														
7431	MIM193060														
7432	MIM192320														
7433	MIM192321														
7434	MIM601970														
7435	MIM164755														
7436	MIM192977	MIM224050													
7438	MIM153840														
7439	MIM153700	MIM193220	MIM607854	MIM608161	MIM611809	MIM613194									
744	MIM600911														
7441	MIM605141														
7442	MIM602076														
7443	MIM213000	MIM602168	MIM607596												
7444	MIM602169														
7445	MIM193235														
7446	MIM606215														
7447	MIM600817														
7448	MIM193190														
745	MIM608329														
7450	MIM193400	MIM277480	MIM613160	MIM613554											
7453	MIM191050														
7454	MIM300299	MIM300392	MIM301000	MIM313900											
7455	MIM602372														
7456	MIM602357	MIM614493													
7458	MIM603431														
7461	MIM603432														
7462	MIM605719														
7464	MIM602159														
7465	MIM193525														
7466	MIM125853	MIM222300	MIM600965	MIM606201	MIM614296										
7467	MIM194190														
7468	MIM194190	MIM602952													
7469	MIM606026														
747	MIM614015														
7471	MIM164820														
7472	MIM147870														
7473	MIM165330	MIM273395													
7474	MIM164975	MIM180700													
7475	MIM604663														
7476	MIM228930	MIM276820	MIM601570												
7477	MIM601967														
7478	MIM606360														
7479	MIM601396														
7480	MIM225300	MIM601906													
7481	MIM603699														
7482	MIM601968														
7483	MIM602863														
7484	MIM602864														
7485	MIM602915														
7486	MIM277700	MIM604611													
7488	MIM600193														
7489	MIM311510														
7490	MIM106210	MIM136680	MIM156240	MIM194070	MIM194072	MIM194080	MIM256370	MIM607102	MIM608978						
7491	MIM194071														
7492	MIM309585														
7493	MIM314580														
7494	MIM194355	MIM612371													
7497	MIM300074														
7498	MIM278300	MIM607633													
7499	MIM300879														
750	MIM605179														
7501	MIM314705	MIM489500													
7503	MIM300087	MIM314670													
7504	MIM300842	MIM314850													
7506	MIM314900														
7507	MIM278700	MIM611153													
7508	MIM278720	MIM613208													
7511	MIM602443														
7512	MIM300145														
7514	MIM602559														
7515	MIM194360														
7516	MIM600375														
751609	MIM610419														
7517	MIM114480	MIM600675	MIM613972												
751798	MIM300614														
7518	MIM194363														
752	MIM604656														
7520	MIM194364														
752014	MIM611113														
7523	MIM309050														
7525	MIM164880														
7528	MIM600013														
7529	MIM601289														
753	MIM606571														
7531	MIM605066														
7532	MIM605356														
7533	MIM113508														
7534	MIM601288														
7535	MIM176947														
7536	MIM601516														
7538	MIM190700														
7539	MIM602951														
754	MIM603784														
7541	MIM602126														
7543	MIM314980														
7544	MIM490000														
7545	MIM600470														
7546	MIM603073	MIM609637													
7547	MIM300265	MIM306955	MIM314390												
7549	MIM194500														
755	MIM603191														
7551	MIM194510														
7552	MIM300803	MIM314990													
7553	MIM194531														
7554	MIM194532														
7555	MIM116955	MIM602668													
7556	MIM194538														
7559	MIM194536														
7561	MIM194556														
7564	MIM601262														
7566	MIM194524														
7567	MIM194525														
7568	MIM194557														
7569	MIM314993														
7570	MIM194529														
7571	MIM194527														
7572	MIM194534														
7574	MIM194537														
7577	MIM194535														
7579	MIM611315														
758	MIM602112														
7580	MIM194539														
7581	MIM194521														
7582	MIM194522														
7584	MIM194533														
7586	MIM601260														
7589	MIM601261														
759	MIM114800														
7592	MIM300848	MIM314995													
7593	MIM194550														
7594	MIM603972														
7596	MIM194554														
7597	MIM194541														
760	MIM259730	MIM611492													
761	MIM114750														
762	MIM114760	MIM600852													
7620	MIM194543														
7621	MIM194544														
7624	MIM194547														
7625	MIM194548														
7626	MIM314997														
7627	MIM601473														
7629	MIM194549														
763	MIM114761														
7633	MIM194552														
7634	MIM194553														
7639	MIM603899														
7643	MIM603973														
7644	MIM603971														
765	MIM114780														
7652	MIM603981														
766	MIM114770														
767	MIM114815	MIM613227													
7675	MIM194628														
767558	MIM611050														
767561	MIM613650														
767577	MIM613651														
7678	MIM194631														
767846	MIM608609														
768	MIM603179														
768096	MIM610556														
768097	MIM610557														
7681	MIM176270	MIM603856													
768206	MIM610598	MIM610599													
768211	MIM611212														
7690	MIM604073														
7691	MIM604074														
7692	MIM604075														
7693	MIM604076														
7694	MIM604077														
7695	MIM604078														
7696	MIM604079														
7697	MIM604080														
7699	MIM604082														
770	MIM604644														
7700	MIM194648														
7701	MIM604083														
7702	MIM603433														
7703	MIM600346														
7704	MIM176797	MIM612447													
7705	MIM601505														
7706	MIM600453														
7707	MIM400042	MIM601897													
7709	MIM604084														
771	MIM143860	MIM603263													
7710	MIM604085														
7711	MIM604086														
7712	MIM300024														
7716	MIM606747														
7718	MIM600834														
772	MIM215500														
7726	MIM600830														
7727	MIM603900														
7728	MIM601139														
773	MIM108500	MIM141500	MIM183086	MIM601011											
7730	MIM601276														
7732	MIM601237														
7733	MIM606740														
7738	MIM602277														
7739	MIM300381														
774	MIM601012														
7743	MIM603132														
7745	MIM602240														
7746	MIM602246														
7748	MIM602187														
775	MIM114205	MIM601005	MIM611875												
7750	MIM602221														
7752	MIM603231														
7753	MIM603430														
7754	MIM603282														
7755	MIM603436														
7756	MIM603428														
7757	MIM603977														
776	MIM114206	MIM614896													
7760	MIM608387														
7761	MIM605015														
7762	MIM605016														
7763	MIM604761														
7764	MIM602967														
7767	MIM194555														
777	MIM601013														
7776	MIM604760														
777642	MIM300605														
777643	MIM610535														
777645	MIM611274														
777778	MIM258500														
7779	MIM609521														
778	MIM300071	MIM300110	MIM300476	MIM300600											
7780	MIM609617														
7781	MIM602878														
7782	MIM602095														
7783	MIM182888														
7784	MIM182889														
7786	MIM600447														
7789	MIM300235														
779	MIM114208	MIM170400	MIM188580	MIM601887											
7791	MIM602002														
7792	MIM115665														
7795	MIM601201														
7798	MIM601422														
7799	MIM601196														
780	MIM600408														
7802	MIM602135														
7803	MIM601585														
7804	MIM602600	MIM608446													
7805	MIM601476														
7808	MIM601676														
780851	MIM180710														
780895	MIM126900														
780896	MIM142700														
780897	MIM145250														
780898	MIM203650														
780899	MIM222400														
7809	MIM602522	MIM606412													
780900	MIM300581														
780901	MIM300589														
780903	MIM601101														
780904	MIM601224														
780905	MIM606554														
780906	MIM607134														
780908	MIM609402														
780909	MIM609403														
780910	MIM609572														
780911	MIM609625														
780912	MIM609636														
780913	MIM609750														
780914	MIM609815														
780915	MIM609893														
780916	MIM609955														
780917	MIM609981														
780919	MIM610071														
780920	MIM610099														
780921	MIM610170														
780922	MIM610234														
780923	MIM610260														
780925	MIM610185														
781	MIM114204	MIM611777													
7812	MIM191510														
7813	MIM602942														
7818	MIM602074														
782	MIM114207														
7824	MIM157560														
7827	MIM600995	MIM604766													
783	MIM600003	MIM611876													
7830	MIM145260														
7832	MIM601597														
7833	MIM601744														
7834	MIM602759														
7837	MIM605158														
7839	MIM601694														
784	MIM601958														
7840	MIM203800	MIM606844													
7841	MIM601336	MIM606056													
7842	MIM146970														
7844	MIM602507														
7846	MIM602529	MIM611603													
7849	MIM167415	MIM218700													
785	MIM601949	MIM607682	MIM613855												
7850	MIM147811														
7851	MIM602022														
7852	MIM162643	MIM193670													
7855	MIM601723														
7857	MIM118930														
786	MIM114209														
7862	MIM602410														
7864	MIM182280														
7866	MIM602725														
7867	MIM602130														
7869	MIM601281														
7870	MIM601994														
7871	MIM602701														
7873	MIM601916														
7874	MIM602519														
7879	MIM600882	MIM602298													
788	MIM212138	MIM613698													
7880	MIM601471														
7881	MIM601141														
7884	MIM602422														
7885	MIM600593														
7889	MIM601454														
7892	MIM134720														
7895	MIM151450														
7896	MIM187320														
78987	MIM606217	MIM607170													
78988	MIM611997														
78989	MIM265050	MIM612502													
78990	MIM608338														
78999	MIM612810														
790	MIM114010														
79001	MIM122700	MIM607473	MIM608547												
79003	MIM609178														
79004	MIM614142														
79005	MIM608095														
79006	MIM610998														
79009	MIM610373														
79017	MIM137170														
79019	MIM610152														
79023	MIM609264														
79026	MIM103390														
7903	MIM602547														
79031	MIM611678														
79033	MIM609917														
79035	MIM612104														
79038	MIM613504														
79039	MIM611665														
79041	MIM611235														
79042	MIM213000	MIM608754	MIM612390												
79048	MIM607693	MIM609698													
7905	MIM125265														
79050	MIM612819														
79051	MIM400004														
79052	MIM605642														
79053	MIM608103	MIM608104													
79054	MIM606678														
79056	MIM611690														
79057	MIM300685														
79058	MIM606236	MIM606243													
79065	MIM612204														
79068	MIM610966	MIM612938													
79070	MIM611613														
79071	MIM611546														
79075	MIM613203														
7908	MIM131400														
79080	MIM611293														
79083	MIM606526	MIM609227													
79084	MIM611734														
79085	MIM608746														
79087	MIM607143	MIM607144													
7909	MIM602089														
79090	MIM610396														
79092	MIM173200	MIM602723	MIM607211												
79094	MIM614587														
790952	MIM611473														
790966	MIM612996														
79098	MIM611680														
7910	MIM248310														
79101	MIM612823														
79102	MIM606130														
79104	MIM613648														
791085	MIM610443														
791086	MIM610634														
791087	MIM610655														
79109	MIM610558														
7911	MIM181460														
791114	MIM176270	MIM611215													
791115	MIM611217														
791121	MIM119100														
791122	MIM149000														
791123	MIM610685														
791228	MIM613096														
791229	MIM602499														
791254	MIM130080														
791255	MIM183840														
7913	MIM125264														
79132	MIM608588														
79133	MIM252010	MIM612360													
79135	MIM300753														
79136	MIM610437														
79139	MIM608813														
79140	MIM209900	MIM610162													
79142	MIM612910														
79143	MIM606048														
79145	MIM611238														
79147	MIM236670	MIM606596	MIM606612	MIM607155	MIM613153										
79148	MIM608417														
7915	MIM271980	MIM610045													
79152	MIM611026	MIM612319													
79155	MIM610669														
79158	MIM252500	MIM252600	MIM607840												
7916	MIM142580														
7917	MIM142590														
79171	MIM613232														
79172	MIM611504														
79174	MIM607171														
79176	MIM610287														
79178	MIM611612														
79179	MIM605635														
7918	MIM142610														
79184	MIM300617														
79187	MIM609828														
79188	MIM604400	MIM612048													
7919	MIM142560														
79190	MIM606196														
79191	MIM612985														
79192	MIM606197														
7920	MIM142620														
7921	MIM600642														
7922	MIM601416														
7923	MIM601417														
7925	MIM147080														
7926	MIM147090														
7927	MIM146820														
7928	MIM146850														
793	MIM114050														
7932	MIM600578														
7933	MIM602475														
7936	MIM154040														
79365	MIM606200	MIM612975													
79366	MIM300385														
79368	MIM606509														
79369	MIM605864														
7937	MIM179450														
79370	MIM606126														
7938	MIM153380														
7939	MIM150270														
794	MIM114051														
7940	MIM109170														
79400	MIM606572														
7941	MIM147050	MIM600807	MIM601690	MIM614278											
79412	MIM609899														
79414	MIM612809														
7942	MIM600744														
7944	MIM122550														
79441	MIM613430														
79442	MIM607180														
79443	MIM607182	MIM610019													
79444	MIM605737														
79447	MIM612033														
7945	MIM143400														
79465	MIM605699														
7948	MIM600790														
795	MIM302020														
7951	MIM109780														
7952	MIM601410														
7954	MIM142470														
7955	MIM602532														
7956	MIM602154														
7957	MIM254780	MIM607566													
79570	MIM612871														
79571	MIM607418														
79572	MIM610232														
79576	MIM300766														
79577	MIM145000	MIM145001	MIM607393	MIM608266											
79581	MIM607882	MIM614707													
79582	MIM612173														
79585	MIM611668														
79586	MIM610405														
79587	MIM612800														
79589	MIM300439														
7959	MIM137010														
79590	MIM611836														
79594	MIM612037														
79595	MIM609697														
796	MIM114130														
7960	MIM158050														
79600	MIM609863	MIM614173													
79602	MIM607946														
79608	MIM610509														
79611	MIM614356														
7962	MIM600089														
79621	MIM610181	MIM610326													
79623	MIM608225														
79626	MIM612112														
79628	MIM601596	MIM608206	MIM613353												
7963	MIM187330														
79633	MIM612411														
79641	MIM226750	MIM614574													
79642	MIM610010														
79643	MIM610901														
79644	MIM611715	MIM612379	MIM612713												
79646	MIM606161														
79648	MIM251200	MIM607117													
7965	MIM600859														
79650	MIM604173	MIM613276													
79651	MIM148500	MIM614404													
79652	MIM611002														
79657	MIM611477														
79658	MIM609746														
79659	MIM263510	MIM263520	MIM603297	MIM613091											
79660	MIM610541														
79661	MIM608844														
79663	MIM608263														
79664	MIM610835														
79665	MIM607570														
79669	MIM611956														
79671	MIM611947														
79672	MIM611683														
79674	MIM609594														
79677	MIM609387														
79679	MIM608162														
79682	MIM611511														
79685	MIM610398														
79689	MIM611098														
79690	MIM608235														
79692	MIM610847														
79693	MIM612276														
79694	MIM612327														
79695	MIM608812	MIM610290													
79697	MIM611919														
797	MIM114160														
79705	MIM610986														
7971	MIM141400														
79712	MIM610165														
79713	MIM614143														
79717	MIM609853														
79718	MIM608628														
79720	MIM610037														
79723	MIM606503														
79725	MIM612537														
79727	MIM611043														
79728	MIM114480	MIM610355	MIM610832	MIM613348											
79731	MIM612803														
79733	MIM612047														
79738	MIM209900	MIM610148													
7974	MIM145290														
79747	MIM614630														
79748	MIM609548														
7975	MIM600197														
79751	MIM609302	MIM609304													
79753	MIM608241	MIM614501													
79755	MIM610226	MIM610227													
7976	MIM606143														
79760	MIM607419														
79763	MIM612928														
79767	MIM606422														
7977	MIM154276														
79776	MIM178300	MIM606940													
7978	MIM602318														
79783	MIM231690	MIM609187													
79784	MIM600652	MIM608568	MIM614369												
79789	MIM611121														
7979	MIM183600														
79791	MIM609102														
79796	MIM606941	MIM608776													
7980	MIM600033														
79800	MIM607586														
79801	MIM611027														
79803	MIM607522	MIM614075													
79805	MIM610471														
79809	MIM213300	MIM612014	MIM613819	MIM613820											
79812	MIM608925														
79813	MIM607001	MIM610253													
79816	MIM612399														
7982	MIM600833														
79820	MIM611169														
79822	MIM610592														
79823	MIM609559														
79827	MIM611693														
79828	MIM609525														
79831	MIM611917														
79833	MIM607006														
79834	MIM614248														
7984	MIM600888														
79840	MIM611290	MIM611291													
79848	MIM611654														
79849	MIM607146														
79850	MIM611627														
79858	MIM609779														
7986	MIM600510														
79865	MIM609715														
79866	MIM610510														
79867	MIM213300	MIM613846	MIM613885												
79868	MIM300776														
79870	MIM606602														
79871	MIM611476														
79872	MIM606872														
79874	MIM611869														
79875	MIM614476														
79876	MIM610552														
7988	MIM602386														
79882	MIM613279														
79884	MIM610070														
79885	MIM607226														
79888	MIM610472														
79890	MIM610223														
79892	MIM610909														
79893	MIM612275														
79895	MIM609123														
79896	MIM611260														
79897	MIM612524														
79899	MIM611728														
799	MIM114131	MIM166710													
79901	MIM605745														
79902	MIM170285														
79903	MIM614246														
7991	MIM601385	MIM611093													
79915	MIM609534														
79923	MIM607937														
79924	MIM608682														
79925	MIM610172														
79929	MIM610593														
7993	MIM602155														
79930	MIM611435														
79931	MIM608019														
79932	MIM613535														
79937	MIM610517														
7994	MIM601408														
79944	MIM236792	MIM609584													
79947	MIM608172	MIM613861													
79948	MIM610391														
79953	MIM614311														
79955	MIM276901	MIM605472	MIM612971												
79956	MIM611156														
79957	MIM614579														
79958	MIM613634														
79960	MIM610514														
79966	MIM608370														
79971	MIM611514														
79977	MIM608576	MIM608641													
79980	MIM609175														
79983	MIM300603	MIM300604													
79987	MIM611691														
79991	MIM613128														
79993	MIM614451														
800	MIM114213														
8000	MIM602470														
80004	MIM612960														
8001	MIM600421														
80010	MIM610404														
80013	MIM611649														
80018	MIM612755														
80020	MIM613777														
80023	MIM610666														
80024	MIM609841														
80025	MIM234200	MIM606157	MIM607236												
80028	MIM609084														
80031	MIM609295														
80036	MIM608961														
80055	MIM611655														
80059	MIM610870														
80063	MIM613645														
80067	MIM241080	MIM612515													
80070	MIM611681														
8009	MIM247640														
80095	MIM613905														
80097	MIM613450														
801	MIM114180														
8011	MIM155900														
80114	MIM601331	MIM614295													
80117	MIM614439														
80119	MIM610953														
80124	MIM611745														
80128	MIM600986														
8013	MIM600542	MIM612237													
80131	MIM612891														
80142	MIM608152														
80143	MIM611656														
80144	MIM219000	MIM607830													
80145	MIM611965														
80146	MIM609749														
80149	MIM610562														
80150	MIM609212														
80152	MIM611510														
80153	MIM609842														
80155	MIM608000														
80168	MIM610270														
80169	MIM612199	MIM613129													
80173	MIM608040														
80174	MIM611661														
80176	MIM611657														
80184	MIM209900	MIM610142	MIM610188	MIM610189	MIM611134	MIM611755									
80185	MIM614426														
8019	MIM601541														
80196	MIM608299														
80198	MIM606591														
80199	MIM182940	MIM610622													
80204	MIM607871														
80206	MIM609691														
80207	MIM165300	MIM258501	MIM606580												
80208	MIM256840	MIM604360	MIM610844												
8021	MIM114350	MIM601626													
80213	MIM610014														
80216	MIM607347														
80218	MIM610834														
8022	MIM221750	MIM600577													
80221	MIM610465														
80222	MIM612805														
80223	MIM608737														
80224	MIM252010	MIM613621													
80228	MIM610929														
8023	MIM187290														
80230	MIM610327														
80233	MIM611301														
80235	MIM611671														
80237	MIM609885														
8024	MIM600964														
80243	MIM612139														
80254	MIM614724	MIM614728													
80258	MIM300817														
8026	MIM601362														
80263	MIM609318														
80267	MIM610214														
8027	MIM601899														
80270	MIM607764	MIM607765													
80271	MIM606476	MIM611775													
80273	MIM606173														
80274	MIM611746														
80279	MIM608202														
8028	MIM601626	MIM602409													
8029	MIM261100	MIM602997													
8030	MIM188550	MIM601985													
80303	MIM611617														
80306	MIM610311														
80308	MIM610595														
80309	MIM611646														
8031	MIM188550	MIM601984													
80310	MIM609673														
80312	MIM607790														
80314	MIM610999														
80315	MIM610607														
80317	MIM612791														
80318	MIM611356														
80319	MIM611645														
80320	MIM608613														
80321	MIM614310														
80324	MIM600462	MIM608109													
80325	MIM608308														
80326	MIM150400	MIM224750	MIM257980	MIM606268											
80328	MIM605698														
80329	MIM605697														
80331	MIM162350	MIM611203													
80332	MIM607114														
80333	MIM608182														
80335	MIM611059														
80339	MIM609567														
8034	MIM139080														
80341	MIM614108														
80342	MIM608255														
80343	MIM614289														
80344	MIM613317														
80346	MIM609349														
80347	MIM609855														
80349	MIM609540														
80350	MIM611682														
80351	MIM607128														
80352	MIM607524														
8036	MIM602775	MIM607721													
8038	MIM602714														
80380	MIM605723														
80381	MIM605715														
8039	MIM176770														
8041	MIM186710														
8045	MIM143023														
8048	MIM212110	MIM600824	MIM607482	MIM612124											
805	MIM114182														
8050	MIM245349	MIM608769													
8056	MIM263400														
8060	MIM135610														
8061	MIM136515														
8065	MIM601741														
8066	MIM105580														
8068	MIM600048														
80700	MIM611946														
80704	MIM606152	MIM607483													
80705	MIM607166														
80709	MIM605729														
80712	MIM300154														
80714	MIM608127														
80724	MIM611181														
80725	MIM610786														
80727	MIM608919														
8073	MIM601584														
80736	MIM606107														
80737	MIM609693														
80739	MIM606520														
8074	MIM193100	MIM605380													
80740	MIM610435														
80741	MIM610434														
80745	MIM611751														
80746	MIM213000	MIM608753	MIM612389												
8075	MIM168710														
80755	MIM613212														
80759	MIM611688														
8076	MIM601103														
80760	MIM609783														
80761	MIM611887														
80762	MIM612050														
80764	MIM609518														
80765	MIM607050														
80767	MIM605711														
80768	MIM605726														
80770	MIM605728														
80771	MIM605738														
80776	MIM611951	MIM614175													
80777	MIM611964														
80778	MIM194526														
8078	MIM601447														
80781	MIM120328	MIM267750													
80789	MIM611349														
8079	MIM601401														
80790	MIM610112														
808	MIM114183														
8080	MIM112410														
8081	MIM602096														
80818	MIM611703														
8082	MIM601599														
80821	MIM614603														
80824	MIM607175														
8083	MIM107920														
80830	MIM607256														
80831	MIM607255														
80832	MIM181500	MIM607254													
80833	MIM607253														
80834	MIM606226														
80835	MIM606225														
8084	MIM600231														
8085	MIM147920	MIM602113													
80854	MIM606594														
80856	MIM610236														
8086	MIM231550	MIM605378													
80864	MIM609897														
8087	MIM600819														
80870	MIM127600														
80871	MIM605746														
8089	MIM602116														
80896	MIM611412														
8090	MIM181430														
8091	MIM150699	MIM600698													
8092	MIM601527	MIM613456													
8093	MIM273300														
8094	MIM600175														
80975	MIM606751														
8099	MIM602198														
81	MIM603278	MIM604638													
810	MIM114184														
8100	MIM600595														
8101	MIM109543														
8102	MIM194370														
81025	MIM611923														
81027	MIM612901	MIM613112													
81029	MIM606361														
8103	MIM602085														
81030	MIM606750														
81031	MIM208050	MIM606145													
81033	MIM608168														
81034	MIM610815														
81035	MIM607621														
81037	MIM612585														
8104	MIM156600														
8105	MIM114450	MIM211410													
8106	MIM164300	MIM602279													
811	MIM109091														
8110	MIM601672														
8111	MIM601404														
8113	MIM251600														
8114	MIM270100														
8115	MIM186960														
8118	MIM151020														
8120	MIM602166														
8123	MIM600162														
8125	MIM600832														
8126	MIM602685														
8128	MIM602546														
81285	MIM611268														
8129	MIM141750														
813	MIM603420														
8130	MIM156850														
8131	MIM600928														
8132	MIM600273														
8136	MIM194090														
8137	MIM602639														
8139	MIM256850	MIM605379													
814	MIM114080														
8140	MIM600182														
8142	MIM113721														
8144	MIM605809														
8148	MIM601574	MIM612237													
81488	MIM606485														
81490	MIM612793														
81491	MIM606915														
81492	MIM607548														
81493	MIM611750														
81494	MIM235400	MIM608593	MIM614809												
815	MIM114078														
81501	MIM605933														
81502	MIM607106														
8151	MIM601363														
8153	MIM601555														
81532	MIM611969														
81533	MIM611803														
81537	MIM612826														
81539	MIM608490														
81542	MIM610527														
81544	MIM609632														
81545	MIM608533														
81550	MIM614392														
81552	MIM611915														
81555	MIM611483														
81557	MIM300765														
81559	MIM607868														
8156	MIM221820														
81562	MIM609552														
81565	MIM607538														
81572	MIM610789														
81575	MIM612456														
81578	MIM610002														
81579	MIM611652														
816	MIM607707														
81603	MIM606125														
81605	MIM612693														
81606	MIM611763														
81607	MIM609607	MIM613573													
81608	MIM607686														
81609	MIM611541														
8161	MIM600272														
81611	MIM609611														
81614	MIM608146														
81616	MIM614363														
81617	MIM612175														
81618	MIM609554														
81620	MIM605525	MIM613804													
81621	MIM609208														
81622	MIM608204	MIM610551													
81624	MIM609129	MIM614567													
81627	MIM611673														
81628	MIM611914														
81629	MIM607660														
8163	MIM602197														
81631	MIM609604														
8165	MIM602449														
81669	MIM613482														
81671	MIM611753														
81689	MIM611006														
81693	MIM261100	MIM605799													
817	MIM607708														
8170	MIM601611														
81704	MIM243700	MIM611432	MIM614113												
81706	MIM613242														
8173	MIM212200														
8174	MIM102670														
8175	MIM600796														
8177	MIM164953														
8178	MIM600284														
81786	MIM609315														
81788	MIM608131														
81790	MIM608984	MIM614649													
81792	MIM606184														
81793	MIM606270														
81794	MIM277600	MIM608990													
81796	MIM613543														
818	MIM602123														
8181	MIM601764														
81831	MIM607974														
81832	MIM607973														
81833	MIM612739														
81839	MIM182940	MIM600145	MIM610132												
8184	MIM604559														
81846	MIM604563	MIM607697													
81847	MIM612137														
81848	MIM607984														
81849	MIM610134														
81850	MIM608820														
81851	MIM608819														
81857	MIM605589	MIM610197													
81858	MIM611885														
81861	MIM609888														
81863	MIM605749														
81864	MIM605750														
81865	MIM605751														
81866	MIM605779														
8187	MIM601069														
81875	MIM611930														
81876	MIM612565														
8188	MIM162040														
8189	MIM602388														
81890	MIM609615														
81892	MIM610211														
81894	MIM609767														
819	MIM601118														
8190	MIM601340														
8192	MIM601119														
81929	MIM609263														
8193	MIM601670														
81930	MIM611271														
81931	MIM603975														
8195	MIM209900	MIM236700	MIM604896												
8197	MIM121700														
820	MIM600474														
8200	MIM112600	MIM113100	MIM185800	MIM200700	MIM201250	MIM228900	MIM601146	MIM610017	MIM612400						
8201	MIM601308														
8202	MIM601937														
8204	MIM602490														
8205	MIM159595														
8208	MIM601245														
8209	MIM601659														
821	MIM114217														
8212	MIM109660														
8213	MIM109670														
8214	MIM192430	MIM601279													
8215	MIM601225														
8216	MIM600574														
8217	MIM147230														
8218	MIM601273														
822	MIM153615														
8220	MIM192430	MIM601755													
8221	MIM145410														
8224	MIM602705														
8225	MIM300124														
8226	MIM306480														
8227	MIM312095	MIM465000													
8228	MIM300102														
823	MIM114220														
8231	MIM304730														
8233	MIM300028														
8237	MIM300050														
8239	MIM300072														
824	MIM114230														
8241	MIM300080	MIM311900													
8242	MIM300534	MIM314690													
8243	MIM122470	MIM300040	MIM300590												
8245	MIM300136														
8246	MIM309545														
8248	MIM300010														
8249	MIM300125														
825	MIM114240	MIM253600													
8255	MIM301845														
8258	MIM309555														
8259	MIM300076														
826	MIM114170														
8260	MIM300013	MIM300855													
8263	MIM305423														
8266	MIM312070														
8268	MIM300048														
8269	MIM300059														
827	MIM300146														
8270	MIM300060														
8273	MIM312090														
8277	MIM300044														
828	MIM114212														
8284	MIM415000	MIM426000													
8287	MIM400005	MIM415000													
8288	MIM131399	MIM261500													
8289	MIM603024	MIM614607													
829	MIM601580														
8290	MIM602820														
8291	MIM253601	MIM254130	MIM603009	MIM606768											
8292	MIM603033	MIM603034													
8293	MIM603011														
8294	MIM602833														
8295	MIM603015														
830	MIM601571														
8301	MIM601626	MIM603025													
8302	MIM602893														
8303	MIM603032														
8309	MIM601641														
831	MIM114090														
8310	MIM603402														
8312	MIM114550	MIM603816	MIM607864												
8313	MIM114500	MIM604025	MIM608615												
8314	MIM603089	MIM614327													
8315	MIM604986														
8317	MIM603311														
8318	MIM603465														
832	MIM601572														
8320	MIM604615														
8321	MIM603408														
8322	MIM133780	MIM604579													
8323	MIM603409	MIM614157													
8324	MIM603410														
8325	MIM606146														
83259	MIM400022														
8326	MIM601766														
8328	MIM604383														
8329	MIM602787														
833	MIM123859														
8330	MIM602788														
8331	MIM602791														
8332	MIM602793														
8334	MIM602794														
8335	MIM602795														
8336	MIM602796														
8337	MIM142720														
8338	MIM602797														
8339	MIM602798														
83394	MIM600977	MIM608921													
834	MIM147678														
8340	MIM602800														
83401	MIM611815														
8341	MIM602801														
83416	MIM605877														
83417	MIM605876														
8342	MIM602802														
8343	MIM602804														
83439	MIM604652														
8344	MIM602805														
83440	MIM611861														
83447	MIM610796														
8345	MIM602806														
83452	MIM605950														
8346	MIM602807														
83461	MIM607749														
83463	MIM609450														
83464	MIM607630														
8347	MIM602847														
83473	MIM614697														
83475	MIM611262														
83478	MIM610586														
8348	MIM602808														
83481	MIM607553														
83482	MIM605858														
83483	MIM607647														
8349	MIM601831														
835	MIM600639														
8350	MIM602810														
8351	MIM602811														
8352	MIM602812														
8353	MIM602813														
83539	MIM610191														
8354	MIM602814														
83540	MIM611772														
83541	MIM611393														
83544	MIM610062	MIM614017													
83546	MIM609553														
83547	MIM607848														
83548	MIM606975														
83549	MIM609328														
8355	MIM602815														
83550	MIM300393														
83551	MIM606927														
83552	MIM606227	MIM609549	MIM611040												
8356	MIM602817														
8357	MIM602818														
8358	MIM602819														
8359	MIM602822														
83590	MIM614792														
83591	MIM612531														
83593	MIM607020														
83594	MIM609232														
83595	MIM612202														
83596	MIM610837														
83597	MIM607181														
836	MIM600636														
8360	MIM602823														
83604	MIM300698														
83605	MIM603284	MIM607929													
8361	MIM602824														
8362	MIM602825														
8363	MIM602826														
83636	MIM614297	MIM614298													
83637	MIM611196														
83639	MIM612665														
8364	MIM602827														
83640	MIM614547														
83642	MIM607917														
83648	MIM610085														
8365	MIM602828														
83657	MIM607168														
83658	MIM607167														
83659	MIM609002														
8366	MIM602829														
83660	MIM607349														
83661	MIM606549														
83666	MIM612065														
83667	MIM607767														
8367	MIM602830														
8368	MIM602831														
8369	MIM602832														
83692	MIM300846														
83695	MIM614085														
83696	MIM611966	MIM613192													
83697	MIM610207														
83698	MIM607176														
837	MIM602664														
8370	MIM142750														
83700	MIM606871	MIM613730													
83706	MIM607901	MIM612840													
83707	MIM610470														
83715	MIM606351	MIM609006													
83716	MIM612434														
83719	MIM609724														
8372	MIM604038														
83729	MIM612031														
83733	MIM609303														
83734	MIM610800														
83737	MIM606409	MIM613385													
83740	MIM300445														
83741	MIM610161														
83743	MIM610597														
83746	MIM611865														
83756	MIM605865														
83758	MIM611866														
83787	MIM611864														
8379	MIM176807	MIM602686													
83795	MIM607369														
838	MIM602665														
8382	MIM603575														
83844	MIM300309														
83849	MIM608081														
83851	MIM610950														
83852	MIM607865														
83853	MIM611756														
83854	MIM609336														
83855	MIM606139														
83856	MIM609829														
83858	MIM612317														
83860	MIM606576														
83863	MIM400038														
83871	MIM610917														
83872	MIM603075	MIM608548													
83873	MIM606916														
83874	MIM610020														
83875	MIM611740														
83876	MIM608080														
83877	MIM610081														
83878	MIM611810														
83879	MIM609937														
83881	MIM609852														
83884	MIM608157														
83886	MIM608018														
83888	MIM607713														
83890	MIM608039														
83892	MIM613421														
83893	MIM102530	MIM609856													
83895	MIM608822														
839	MIM601532														
83903	MIM609240														
83930	MIM611759														
83931	MIM609437														
83933	MIM608544														
83937	MIM610559														
83938	MIM614537														
83939	MIM609234														
8394	MIM603275														
83941	MIM610080														
83942	MIM610709														
83943	MIM605977														
8395	MIM602745														
83953	MIM605484														
83959	MIM217400	MIM217700	MIM610206	MIM613268											
8396	MIM603261														
8398	MIM256600	MIM603604	MIM610217	MIM612953											
83982	MIM611319														
83983	MIM610712														
83985	MIM612583														
83987	MIM614145	MIM614205													
83988	MIM606722														
8399	MIM603603														
83990	MIM114480	MIM605882	MIM609054												
83992	MIM609772														
83998	MIM609846														
83999	MIM609898														
840	MIM601761														
8400	MIM603013														
84000	MIM610050														
8401	MIM603176														
8402	MIM604165														
8403	MIM604747														
84033	MIM608616														
84034	MIM608928														
8404	MIM606041														
8405	MIM602650														
84056	MIM614764														
84057	MIM611422														
84059	MIM602851	MIM604352	MIM605472												
8406	MIM300187														
84061	MIM300715	MIM300716	MIM300853												
84062	MIM181500	MIM607145	MIM614076												
84063	MIM607762														
84068	MIM611459														
8407	MIM604634														
84072	MIM609824														
84073	MIM609835														
84075	MIM611779														
8408	MIM603168														
84084	MIM612909														
84085	MIM609101														
8409	MIM300234														
841	MIM114480	MIM114550	MIM211980	MIM601763	MIM607271										
84100	MIM209900	MIM268000	MIM608845	MIM613575											
84101	MIM610993														
84102	MIM610802														
84105	MIM609836														
84106	MIM606466														
84107	MIM608948														
84108	MIM607816														
84109	MIM606925														
8411	MIM605070														
8412	MIM604704														
84126	MIM606605														
84129	MIM614288														
84133	MIM612062														
84140	MIM606068	MIM613596													
84142	MIM611143														
84146	MIM614159	MIM614167													
84148	MIM609912														
84152	MIM604399														
84153	MIM610329	MIM610330													
84159	MIM608538														
8416	MIM603319														
84162	MIM611565														
84163	MIM608899														
84164	MIM614216														
84166	MIM613537														
84168	MIM602089	MIM606410													
8417	MIM603217														
84171	MIM607318														
84172	MIM602000														
84174	MIM606577														
84176	MIM608580														
8418	MIM603209														
84189	MIM609681														
8419	MIM603212	MIM604219	MIM611597												
842	MIM602234														
8420	MIM603238														
84206	MIM611008														
84218	MIM610809														
8422	MIM300148														
84220	MIM612708														
84221	MIM612412														
84223	MIM612477														
84224	MIM612992														
84225	MIM614312														
84230	MIM612889														
84231	MIM606692														
84232	MIM610210														
84233	MIM612988	MIM612989													
84239	MIM609556														
8424	MIM603312														
84246	MIM612382														
8425	MIM604710	MIM613177													
84251	MIM611540														
84254	MIM611411														
84258	MIM600327														
84260	MIM612654														
84261	MIM609074														
84266	MIM613305														
84267	MIM611342														
8427	MIM603397														
84271	MIM611520														
84273	MIM614919														
84275	MIM610816														
84276	MIM611516														
8428	MIM604984														
84282	MIM611358	MIM614192													
84289	MIM608525														
84295	MIM300414	MIM301900													
84296	MIM610611														
84299	MIM611802														
843	MIM137215	MIM601762	MIM603909	MIM605027											
84300	MIM614461														
84307	MIM609601														
8431	MIM601665	MIM604630													
84311	MIM611850														
84313	MIM610907														
84315	MIM611464														
84317	MIM613734														
84321	MIM606929														
84324	MIM610049														
84328	MIM610458														
84329	MIM611227														
8433	MIM604130														
84335	MIM610221														
8434	MIM605227														
84340	MIM606544														
84342	MIM606979	MIM611182													
84343	MIM606118	MIM614072													
8435	MIM601311														
8436	MIM606728														
84364	MIM606908														
84365	MIM611970														
84366	MIM609819														
8437	MIM604118														
84376	MIM607825														
8438	MIM114480	MIM603615	MIM605027												
8439	MIM603043														
844	MIM114250														
8440	MIM604930														
84417	MIM611752														
84419	MIM608409														
8443	MIM222765	MIM602744													
84432	MIM606233														
84433	MIM607210														
84434	MIM300331														
84435	MIM612302														
8444	MIM603497														
84440	MIM611999														
84441	MIM607537														
84444	MIM607375														
84445	MIM610454														
84446	MIM609235														
84447	MIM608046														
84448	MIM612544														
84449	MIM611811														
8445	MIM603496														
84451	MIM614793														
84458	MIM607698														
8446	MIM603092														
84464	MIM613278	MIM613951													
84465	MIM612454														
84466	MIM612453	MIM614399													
84467	MIM608529														
8447	MIM604568														
8448	MIM604567														
8449	MIM603405														
84498	MIM612266														
845	MIM114251	MIM604772	MIM611938												
8450	MIM300304	MIM300354													
84501	MIM609217														
84504	MIM605955														
8451	MIM603137														
84513	MIM610626														
84514	MIM608587														
84515	MIM608187														
84516	MIM612962														
84517	MIM608534														
84518	MIM611764														
84519	MIM608352														
8452	MIM603136	MIM614496													
84525	MIM607275														
84528	MIM300447														
8453	MIM603135														
84530	MIM613103														
84532	MIM614355														
84539	MIM606111														
8454	MIM603134														
84545	MIM611848														
84548	MIM300031														
8455	MIM603130														
84552	MIM608976														
84557	MIM601242														
84559	MIM400035														
8456	MIM600838	MIM601705													
84560	MIM606206														
84561	MIM611316														
84565	MIM214900														
84570	MIM610004														
84572	MIM252605	MIM607838													
8458	MIM604718														
8459	MIM603126														
846	MIM145980	MIM146200	MIM239200	MIM601199	MIM612899										
8460	MIM603125														
84612	MIM608975														
84618	MIM610525														
8462	MIM603301	MIM610508													
84620	MIM608472														
84623	MIM607761	MIM612581													
84624	MIM609991														
84627	MIM229200	MIM612078													
8463	MIM601729														
84631	MIM300561														
84632	MIM612420														
84634	MIM146110	MIM176400	MIM604161	MIM614837											
8464	MIM602947														
84647	MIM611653														
84648	MIM612616														
84649	MIM606983														
84656	MIM610660														
84658	MIM606101														
84659	MIM612484														
8466	MIM602011														
84660	MIM613481														
84661	MIM612032														
84662	MIM608539	MIM611498													
84665	MIM608517														
84666	MIM605645														
84667	MIM608059	MIM613686													
84668	MIM610531	MIM610532													
84669	MIM607740														
8467	MIM603375														
84672	MIM400039														
84674	MIM609986														
84675	MIM606469														
84676	MIM606131														
84677	MIM613396														
84678	MIM609078														
84679	MIM300368														
8468	MIM604839														
84680	MIM608405														
84681	MIM609997														
84684	MIM614027														
84687	MIM603325														
84693	MIM251120	MIM608419													
84694	MIM611924														
84695	MIM607163														
84696	MIM612195														
84698	MIM607724														
84699	MIM611998														
847	MIM115500	MIM614097													
84700	MIM607295														
84701	MIM607976	MIM612714													
84705	MIM608536														
84706	MIM138210														
84707	MIM300691														
84708	MIM609732														
8471	MIM603510														
84720	MIM614730	MIM614749													
84722	MIM613126														
84725	MIM608639														
84727	MIM611658														
8473	MIM300255														
84733	MIM602770	MIM613080													
84735	MIM609064														
84749	MIM612492														
84759	MIM610231														
8476	MIM603412														
84766	MIM614178														
8477	MIM604620														
84787	MIM613198														
8479	MIM603365														
8480	MIM603343														
84803	MIM610958														
8481	MIM300170	MIM300209	MIM300804	MIM311200											
84812	MIM605939														
84816	MIM610502														
84818	MIM610925														
8482	MIM607961	MIM614745													
84823	MIM150341	MIM608709													
84824	MIM606891														
8483	MIM603489	MIM603932													
84830	MIM614348														
84838	MIM613911														
84839	MIM610362	MIM610381	MIM613757												
8484	MIM603692														
84858	MIM613902														
84864	MIM612049														
84866	MIM613934														
84867	MIM176879														
84868	MIM606652														
8487	MIM602595														
84870	MIM610574														
84873	MIM612307														
84875	MIM609564														
84876	MIM610277	MIM612782													
84879	MIM614397														
84883	MIM605159														
84888	MIM608238														
84889	MIM300443														
84890	MIM611392														
84892	MIM614828	MIM614830													
84893	MIM607222														
84894	MIM609791														
84896	MIM614452														
84897	MIM610614														
84898	MIM606827														
8490	MIM145500	MIM603276													
84901	MIM614525														
8491	MIM604921														
84911	MIM609516														
84912	MIM610923														
84916	MIM604901	MIM607456													
84919	MIM613257														
8492	MIM249500	MIM606709													
84920	MIM603313	MIM613688													
84922	MIM609133														
84925	MIM144700	MIM602773													
84929	MIM613357														
8493	MIM114480	MIM605100													
84930	MIM188000	MIM608221													
84932	MIM607466														
84937	MIM612060														
84938	MIM611339														
84941	MIM608349														
84944	MIM611368														
84947	MIM614725	MIM614739													
8495	MIM603142														
84951	MIM608385														
84952	MIM607856														
84953	MIM612355														
84955	MIM606109														
84957	MIM611211														
84958	MIM608042														
84959	MIM609201														
8496	MIM603141														
84961	MIM609086														
84962	MIM609066														
84964	MIM613304														
84969	MIM611163														
8497	MIM603145														
84971	MIM611340														
84976	MIM607502														
8498	MIM603327														
84986	MIM611587														
84987	MIM220110	MIM614478													
84988	MIM609172														
8499	MIM603143														
84991	MIM606935														
84992	MIM610662														
84993	MIM609748														
8500	MIM611054														
85004	MIM612664														
85007	MIM614683														
8501	MIM603733														
8502	MIM604276														
85021	MIM614825														
85027	MIM608324														
8503	MIM606076														
8504	MIM214100	MIM603164	MIM614882												
8505	MIM603501														
8506	MIM602346														
8507	MIM605173														
8508	MIM603249														
8509	MIM603268														
8510	MIM603321														
8511	MIM603320														
8513	MIM601980														
8514	MIM601142														
8515	MIM604042														
8516	MIM604063														
8517	MIM300248	MIM300291	MIM300301	MIM300584	MIM300636	MIM300640	MIM308300								
8518	MIM223900	MIM308300	MIM603722												
8519	MIM604456														
8520	MIM603053														
8521	MIM603715														
8522	MIM603127														
8525	MIM601441														
8526	MIM601440														
8527	MIM601826														
8528	MIM124450														
8529	MIM604426														
8530	MIM603253														
85300	MIM601238	MIM608179													
85301	MIM608461														
8531	MIM603437														
85313	MIM607609														
85314	MIM606601														
85315	MIM607780														
8532	MIM603105														
85320	MIM117800	MIM607040													
85329	MIM606096														
8533	MIM604665														
8534	MIM603797														
8535	MIM603079														
85358	MIM606230	MIM606232	MIM613950												
85359	MIM609459														
8536	MIM604998														
85363	MIM608487														
85365	MIM607905	MIM607906													
85366	MIM192600	MIM606566													
8537	MIM602968														
85376	MIM612699														
85378	MIM251270	MIM610053													
8538	MIM604823														
8539	MIM609774														
85397	MIM607189														
8540	MIM600121	MIM603051													
85403	MIM608315														
85406	MIM606092														
85407	MIM607851														
85409	MIM607852														
8541	MIM603144														
85413	MIM608276														
85414	MIM605097														
85417	MIM300456														
8542	MIM603743	MIM612551													
8543	MIM603129														
85437	MIM610750														
85439	MIM608467														
8544	MIM603329														
85441	MIM611265														
85443	MIM613167														
85445	MIM610518														
8545	MIM603363														
85453	MIM614721														
85455	MIM607503														
85456	MIM607104														
85458	MIM610493														
8546	MIM603401	MIM608233													
85461	MIM611397														
85464	MIM606779														
85465	MIM607915														
8547	MIM604973	MIM613860													
85474	MIM607164														
85476	MIM606639	MIM609060													
85477	MIM613416														
85478	MIM611088														
85479	MIM613945														
8548	MIM608692														
85480	MIM607003														
8549	MIM606667														
85495	MIM608513														
8550	MIM606723														
85502	MIM271250														
85503	MIM300345														
85504	MIM605913														
85505	MIM605967														
85507	MIM606012														
85509	MIM607963														
8551	MIM300165														
8552	MIM300164														
8553	MIM604256														
8554	MIM603566														
8555	MIM603505														
8556	MIM603504														
85569	MIM611178														
8557	MIM212110	MIM601954	MIM604488	MIM607487											
8558	MIM603464														
8559	MIM604993														
856	MIM600676														
8562	MIM604550														
8563	MIM612733														
8564	MIM603538														
8565	MIM603623	MIM608323													
8566	MIM179020														
8567	MIM603584														
8568	MIM610653														
8569	MIM606724														
857	MIM601047	MIM612526													
8570	MIM603445														
8572	MIM166710	MIM603422													
8573	MIM213000	MIM300172	MIM300422	MIM300749											
8574	MIM603418														
8575	MIM603424	MIM612067													
8576	MIM604719														
8577	MIM603421														
8578	MIM607873														
858	MIM601048														
8581	MIM606204														
85865	MIM610920														
859	MIM123320	MIM192600	MIM601253	MIM606072	MIM607801	MIM611818	MIM614321								
8590	MIM608495														
86	MIM604958														
860	MIM119600	MIM600211													
8600	MIM259710	MIM602642													
8601	MIM607193														
8602	MIM611526														
8604	MIM603667	MIM612949													
8605	MIM603602														
8607	MIM603449														
8609	MIM604865														
861	MIM151385	MIM601399	MIM601626												
8611	MIM607124														
8612	MIM607126														
8613	MIM607125														
8614	MIM603665														
8615	MIM603344														
8618	MIM604667														
862	MIM133435														
8620	MIM604643														
8621	MIM603309														
8622	MIM603390	MIM609161	MIM614190												
8623	MIM300162	MIM400011													
8624	MIM605296														
8625	MIM209920	MIM603200													
8626	MIM103285	MIM106260	MIM129400	MIM603273	MIM603543	MIM604292	MIM605289								
8629	MIM603210														
863	MIM603870														
8630	MIM606623														
8631	MIM604969														
8632	MIM610063														
8633	MIM603610														
8634	MIM611286														
8635	MIM612944	MIM612951													
8636	MIM610882														
8637	MIM603483														
8638	MIM603281														
8639	MIM603735														
864	MIM600210														
8641	MIM603058														
8642	MIM603057														
8643	MIM155255	MIM603673	MIM605462												
8644	MIM603966														
8645	MIM603493														
8646	MIM603475														
8647	MIM308600	MIM601847	MIM603201	MIM605479											
8648	MIM602691														
8649	MIM603296														
865	MIM121360	MIM601626													
8650	MIM603728														
8651	MIM603597														
8653	MIM400010	MIM415000													
8654	MIM603310														
8655	MIM601562														
8658	MIM603303														
8659	MIM239510	MIM606811													
866	MIM122500	MIM611489													
8660	MIM125853	MIM600797													
8661	MIM602039														
86614	MIM400029	MIM415000													
8662	MIM603917														
8663	MIM603916														
8664	MIM603915														
8665	MIM603914														
8666	MIM603913														
8667	MIM603912														
8668	MIM603911														
8669	MIM603910														
867	MIM165360	MIM613563													
8671	MIM603345	MIM604278													
8672	MIM603929														
8673	MIM603177														
8674	MIM606909														
8675	MIM603233	MIM603666													
8676	MIM603552	MIM605014													
8677	MIM603765														
8678	MIM604378														
868	MIM604491														
8682	MIM603434														
8683	MIM601943														
8685	MIM604870														
8687	MIM604542														
8688	MIM604541														
8689	MIM604540														
869	MIM600432														
8690	MIM603211														
8691	MIM603266														
8692	MIM603551														
8693	MIM603565														
8694	MIM604900														
8697	MIM603462														
8698	MIM603751														
87	MIM102575														
8701	MIM603339	MIM611884													
8702	MIM604015														
8703	MIM604014														
8704	MIM604013														
8705	MIM603095														
8706	MIM111400	MIM603094													
8707	MIM603018														
8708	MIM603093														
871	MIM600943	MIM610504	MIM613848												
8710	MIM603357														
8711	MIM608076														
8712	MIM300288														
8714	MIM604323														
8715	MIM603577														
8717	MIM603500														
87178	MIM610316														
8718	MIM603366														
8720	MIM603355														
8721	MIM605107														
8722	MIM603539														
8723	MIM605931														
8724	MIM605930														
8725	MIM603494														
8726	MIM605984														
8727	MIM604785														
8728	MIM603640														
8729	MIM603698														
873	MIM114830														
8731	MIM603514														
8732	MIM603512														
8733	MIM603048														
8735	MIM603487														
8736	MIM603508														
8737	MIM603453														
8738	MIM603454	MIM614499													
8739	MIM603447														
874	MIM603608														
8740	MIM604520														
8741	MIM604472														
8742	MIM602695														
8743	MIM603598														
8744	MIM606182														
8745	MIM603710														
8747	MIM603713														
8748	MIM603712														
875	MIM236200	MIM613381													
8751	MIM605548														
8754	MIM602713	MIM612775													
8756	MIM607310														
8760	MIM603549														
8761	MIM603407														
8763	MIM603356														
8764	MIM602746														
8766	MIM605570														
8767	MIM603455														
8771	MIM603361														
8772	MIM602457	MIM613759													
8773	MIM602534														
8774	MIM603216														
8775	MIM603215														
8776	MIM300171														
87769	MIM613378														
8777	MIM603785														
8778	MIM604200														
878	MIM115660														
8780	MIM603579														
8781	MIM604239														
8782	MIM603221														
8784	MIM603905														
8785	MIM603897														
8786	MIM603895														
8787	MIM604067	MIM608415													
8788	MIM176290														
8789	MIM603027														
8790	MIM603609														
8792	MIM174810	MIM602080	MIM603499	MIM612301											
8793	MIM603614														
8794	MIM603613														
8795	MIM275355	MIM603612													
8796	MIM604112														
8797	MIM603611														
8798	MIM609181														
8799	MIM603867														
88	MIM102573	MIM212110	MIM612158												
8800	MIM603866														
8801	MIM603922														
8802	MIM245400	MIM611224													
8803	MIM603921	MIM612073													
8805	MIM188550	MIM603406													
8806	MIM603206														
8807	MIM604509														
8808	MIM604512														
8809	MIM604494														
881	MIM603960														
8811	MIM603691														
8812	MIM603544														
8813	MIM603503	MIM608799													
8814	MIM603441														
8815	MIM603811	MIM614008													
8816	MIM603812														
8817	MIM603726														
8818	MIM603564														
8819	MIM603378														
882	MIM600668														
8820	MIM182230	MIM601802													
8821	MIM607494														
8822	MIM603725														
8823	MIM300827														
8824	MIM605278														
8825	MIM603380														
8826	MIM603379														
8828	MIM602070														
8829	MIM602069														
883	MIM600547														
8830	MIM168860														
8831	MIM603384	MIM612621													
8832	MIM604513														
8833	MIM600358	MIM601626													
8835	MIM605117														
8836	MIM601509														
8837	MIM603599														
8838	MIM208230	MIM603400													
8839	MIM603399														
8840	MIM603398														
8841	MIM605166														
8842	MIM603786	MIM604365	MIM608051	MIM612095	MIM612657										
8843	MIM606039														
8844	MIM601132														
8846	MIM605345														
8847	MIM605766														
8848	MIM607715														
885	MIM118440														
8850	MIM602303														
8851	MIM603460														
8852	MIM300185														
8853	MIM603817														
8854	MIM603687														
8856	MIM603065														
8858	MIM176895	MIM614024													
8859	MIM604977														
886	MIM118444														
8861	MIM603451														
8862	MIM235400	MIM300297													
8863	MIM603427														
8864	MIM603426	MIM604348													
8867	MIM604297														
8869	MIM604402	MIM609056													
887	MIM118445														
8870	MIM602996														
8871	MIM609410														
8874	MIM605477														
88745	MIM613475														
8875	MIM603571														
8876	MIM603570														
8877	MIM603730														
8878	MIM601530	MIM602080													
8879	MIM603729														
8880	MIM603444														
8881	MIM603461														
8882	MIM603901														
8883	MIM603385														
8884	MIM604024														
8886	MIM606355														
8887	MIM605326														
8888	MIM603294														
889	MIM604214														
8890	MIM603896	MIM606687													
8891	MIM603896	MIM606273													
8892	MIM603896	MIM606454													
8893	MIM603896	MIM603945													
8894	MIM603908														
8895	MIM604207														
8896	MIM603477														
8897	MIM603558														
8898	MIM601382	MIM603557													
8899	MIM602338														
89	MIM102574														
890	MIM123835														
8900	MIM604036														
8904	MIM604205														
8905	MIM300629	MIM300630													
8906	MIM603534														
8907	MIM603535														
8908	MIM300198														
8909	MIM606720														
891	MIM123836														
8910	MIM159900	MIM604149													
8911	MIM608230														
8912	MIM607904	MIM611942													
8913	MIM604065														
8914	MIM603887														
8915	MIM114500	MIM137245	MIM156240	MIM273300	MIM603517	MIM613024									
8916	MIM605200														
892	MIM123838														
8924	MIM176270	MIM227220	MIM605837												
8925	MIM605109														
8927	MIM604020														
8928	MIM236100	MIM603621													
8929	MIM209880	MIM603851	MIM613013												
8930	MIM603574														
8932	MIM603547														
8933	MIM300213														
8934	MIM603949														
8935	MIM605215														
8936	MIM605035														
8938	MIM604009														
8939	MIM603536														
894	MIM123833														
8940	MIM603582														
8941	MIM603764														
8942	MIM605197														
8943	MIM607246														
8944	MIM603568														
8945	MIM603482														
896	MIM123834														
8968	MIM602816														
8971	MIM602785														
8972	MIM154360														
8973	MIM606888														
8974	MIM600608														
8975	MIM603591														
8976	MIM605056														
89765	MIM609314														
89766	MIM613859														
89780	MIM606359														
89781	MIM606682	MIM614073													
89782	MIM609380														
89790	MIM606091														
89792	MIM608234														
89795	MIM611629														
89796	MIM611628														
89797	MIM607026														
898	MIM123837														
89822	MIM607370														
89832	MIM609756														
89845	MIM219700	MIM612509													
8985	MIM603066	MIM612394													
89857	MIM614214														
89858	MIM606094														
8986	MIM603606														
89866	MIM612855														
89869	MIM608075														
8987	MIM607406														
89872	MIM606578														
89874	MIM607571														
89876	MIM609910														
8988	MIM604624	MIM613376													
89884	MIM262700	MIM602146													
89885	MIM300450														
89886	MIM608589														
89887	MIM610671														
8989	MIM604775														
89891	MIM613363														
899	MIM600227														
8991	MIM604188														
89910	MIM608047														
8992	MIM603931														
8993	MIM604963														
8994	MIM604543														
89941	MIM613889														
8995	MIM603898														
89958	MIM612057														
8996	MIM605235														
8997	MIM604605	MIM608901													
8999	MIM603442														
9	MIM108345														
90	MIM102576	MIM135100													
900	MIM601578														
90007	MIM606700														
9001	MIM600947														
90019	MIM607719														
9002	MIM602779														
90025	MIM612495														
90070	MIM607360														
901	MIM603203														
90102	MIM610298														
9013	MIM604905														
90134	MIM608169														
9014	MIM604904														
9015	MIM604903														
9016	MIM300242														
90161	MIM300545														
90167	MIM300628	MIM310700													
90187	MIM608929														
9019	MIM604376														
90196	MIM612979														
902	MIM601953														
9020	MIM604655														
9021	MIM604176														
9022	MIM606533														
90226	MIM605902														
9023	MIM604551														
9024	MIM609236														
90249	MIM607869														
9025	MIM611685														
9026	MIM605613														
9027	MIM606716														
9028	MIM603264														
90293	MIM300655														
9030	MIM603279														
9031	MIM605681														
90316	MIM300411														
9032	MIM604657														
90326	MIM612532														
9033	MIM604532														
90338	MIM600398														
9034	MIM608379														
90353	MIM612694														
90362	MIM611394														
9037	MIM609297														
9038	MIM607405														
90381	MIM613298														
9039	MIM603172														
90390	MIM610237														
904	MIM143055														
9040	MIM603173														
90410	MIM614394														
90411	MIM607788	MIM613625													
90417	MIM614718														
90427	MIM606266														
9043	MIM605430														
9044	MIM605191														
90441	MIM608694														
90459	MIM608739														
9046	MIM604997														
9047	MIM604514														
9048	MIM603886														
90480	MIM605162														
9049	MIM102200	MIM219090	MIM600634	MIM605555											
905	MIM603862														
9051	MIM604416	MIM606347													
9052	MIM604138														
90523	MIM614106														
90527	MIM612771														
9053	MIM604108														
9054	MIM603485														
9055	MIM603484														
90550	MIM614197														
9056	MIM222700	MIM603593													
9057	MIM605641														
9058	MIM604148														
9060	MIM603005	MIM612847													
9061	MIM603262														
90627	MIM609866														
9063	MIM603567														
90637	MIM610699														
90639	MIM610429														
9064	MIM604468														
90655	MIM400025														
9066	MIM604146														
90665	MIM400033														
90668	MIM614716														
90678	MIM610933	MIM614436													
9068	MIM603874														
9069	MIM611232														
907	MIM302200														
9070	MIM604782														
9073	MIM611231														
9075	MIM300520														
9076	MIM603718	MIM607626													
9077	MIM605193														
90780	MIM606903														
9079	MIM603450														
908	MIM104613														
90809	MIM609865														
9081	MIM400019	MIM415000													
9082	MIM400015	MIM415000													
9083	MIM400013	MIM415000													
9084	MIM400012	MIM415000													
9085	MIM400016	MIM415000													
9086	MIM400014														
90864	MIM611659														
90865	MIM608678														
9087	MIM400017														
9088	MIM602474														
909	MIM188370														
9091	MIM605754														
9092	MIM605941														
9093	MIM608382														
90933	MIM610530														
9094	MIM604011														
9095	MIM201400	MIM604614													
90952	MIM614281														
9096	MIM604613														
9097	MIM607274														
9098	MIM604334														
9099	MIM604725														
91	MIM601300														
910	MIM188360														
9100	MIM609818														
9101	MIM603158														
9103	MIM188030	MIM612169													
91039	MIM608258														
9104	MIM300212														
91056	MIM614367														
91057	MIM612324														
9107	MIM603561														
91074	MIM610856														
9108	MIM603562														
911	MIM188340														
9110	MIM603559														
91107	MIM611041														
9111	MIM603525														
9112	MIM603526														
9113	MIM603473														
91137	MIM610826														
9114	MIM607028														
91147	MIM209900	MIM216360	MIM607361	MIM609884	MIM610688	MIM613550									
91151	MIM612969														
9117	MIM604028														
91179	MIM600920	MIM613619													
9118	MIM605338														
9119	MIM609025	MIM612318													
912	MIM188410														
9120	MIM603880														
9121	MIM603879														
9122	MIM603878														
91227	MIM612339														
9123	MIM603877														
9124	MIM605900														
9125	MIM612054														
91252	MIM608735	MIM612350													
9126	MIM606062	MIM610759													
9127	MIM608077														
9128	MIM607795														
9129	MIM601414	MIM607301													
913	MIM188411														
9130	MIM300453														
91304	MIM611011														
9131	MIM300169	MIM300816													
91319	MIM610305														
9132	MIM600101	MIM603537													
9133	MIM602755														
9134	MIM603775														
9135	MIM603616														
9138	MIM601855														
9139	MIM603672														
914	MIM186990														
9140	MIM609608														
9141	MIM604583														
9142	MIM300565														
9143	MIM603927														
9144	MIM603926														
91442	MIM610884														
9145	MIM603925														
9146	MIM604375														
91461	MIM614150														
91464	MIM612019														
9147	MIM608378														
9148	MIM603804														
9149	MIM604556														
915	MIM186790	MIM608971													
9150	MIM604168	MIM604927													
9151	MIM600740														
9152	MIM149400	MIM604159	MIM614618												
91522	MIM610043														
9153	MIM606208														
9154	MIM606207														
91543	MIM607810														
91544	MIM609151														
9156	MIM606063														
91574	MIM613541	MIM613559													
9158	MIM608296														
91582	MIM610225														
91584	MIM604280														
9159	MIM604872														
916	MIM186830	MIM608971													
91608	MIM612128														
91612	MIM608577														
91614	MIM612294														
9162	MIM604072														
91624	MIM212110	MIM613121	MIM613122	MIM613876											
9163	MIM601626	MIM602439													
91647	MIM604273	MIM608918													
91653	MIM608708														
9166	MIM605772														
91662	MIM609648	MIM611762													
91663	MIM609959														
9167	MIM605771														
9168	MIM188399														
91683	MIM606436														
91687	MIM611503														
9169	MIM603668														
917	MIM186740														
9170	MIM605110														
91703	MIM614413														
9172	MIM603509														
9173	MIM601203														
9175	MIM604915														
91752	MIM612282														
91754	MIM609798														
91768	MIM609194														
9177	MIM604654														
91782	MIM611130														
9179	MIM602296	MIM612936													
9180	MIM105250	MIM601743													
91801	MIM613306														
91807	MIM612147														
9181	MIM607560														
9182	MIM610383														
9183	MIM603954														
9184	MIM603719														
9185	MIM300317														
91851	MIM300350														
9186	MIM603511														
91862	MIM614094														
91869	MIM611908	MIM612015													
9187	MIM603617	MIM613830													
9188	MIM606357														
9189	MIM300178														
919	MIM186780	MIM610163													
9191	MIM606841														
9193	MIM601162														
91937	MIM610096														
9194	MIM603654														
91942	MIM252010	MIM256000	MIM609653												
91949	MIM606978	MIM608779													
9196	MIM604111														
9197	MIM603690	MIM612539	MIM614482												
91975	MIM612429														
91977	MIM610735														
92	MIM102581														
920	MIM186940	MIM613949													
9200	MIM610467														
92002	MIM300707	MIM300708													
9201	MIM604742														
9202	MIM613568														
9203	MIM300061														
9204	MIM613567														
9208	MIM603256														
92086	MIM612338														
9209	MIM614043														
921	MIM153340														
9210	MIM300247	MIM300510													
92105	MIM611348														
9211	MIM600512	MIM604619													
9212	MIM604970														
92126	MIM611125														
92129	MIM300575														
9213	MIM605237														
9214	MIM606015														
92140	MIM610323														
9215	MIM236670	MIM603590	MIM608840	MIM613154											
9217	MIM182980	MIM605704	MIM608627												
9218	MIM605703														
92181	MIM610174														
9219	MIM603947														
922	MIM602592														
9220	MIM609517														
9221	MIM602394														
92211	MIM609502	MIM613660													
9223	MIM602625														
92241	MIM610579														
92259	MIM611996														
9227	MIM268000	MIM604863	MIM613341												
9228	MIM605438														
92283	MIM608640														
9229	MIM605445														
92291	MIM610228														
92292	MIM614761														
923	MIM186720														
9230	MIM604198														
92304	MIM606500														
9231	MIM604090														
92312	MIM611007														
9232	MIM604147														
92335	MIM608626	MIM611087													
92344	MIM231070	MIM607983													
9235	MIM606001														
92359	MIM609737														
9236	MIM611326														
92369	MIM611660														
9238	MIM611325														
92399	MIM604602														
924	MIM186820														
9240	MIM604010														
9241	MIM184460	MIM185800	MIM186500	MIM186570	MIM602991	MIM611377									
9242	MIM603628														
92421	MIM610899														
9244	MIM272430	MIM601378	MIM604237												
9245	MIM606836														
9246	MIM603890														
9247	MIM146200	MIM603716													
9248	MIM300207														
92482	MIM613605														
9249	MIM612830														
925	MIM186910	MIM608957													
9252	MIM603607														
92521	MIM608793														
9253	MIM604018														
9254	MIM607082														
9255	MIM260600	MIM603605													
9256	MIM610764														
92565	MIM611640														
92579	MIM611045	MIM612541													
9258	MIM605352														
92597	MIM609282														
926	MIM186730														
9260	MIM605903														
92609	MIM607381														
9261	MIM602006														
92610	MIM609028														
9262	MIM604727														
9263	MIM604726														
9265	MIM605081														
9266	MIM602488														
9267	MIM182115														
92675	MIM610996														
9270	MIM607153														
9271	MIM605571														
92715	MIM613210														
92736	MIM607827														
92737	MIM607299														
9274	MIM605847														
92745	MIM300649														
9275	MIM605846														
9276	MIM606990														
9277	MIM611440														
9278	MIM611439														
92797	MIM614539														
928	MIM143030														
9282	MIM300182														
92822	MIM608460														
9284	MIM606406														
92840	MIM609346														
92856	MIM612981														
9287	MIM604849														
9289	MIM604110	MIM606854													
929	MIM158120														
9290	MIM604107														
92906	MIM611208														
92912	MIM612501														
9293	MIM604106														
92935	MIM609728														
9294	MIM605111														
92949	MIM609198														
9295	MIM602010														
9296	MIM607160														
92960	MIM607583														
9297	MIM603228														
92979	MIM613336														
9298	MIM603230														
9299	MIM603229														
93	MIM602730	MIM613751													
930	MIM107265	MIM240500	MIM613493												
9300	MIM603227														
9301	MIM603226														
9302	MIM603225														
9303	MIM603224														
93034	MIM610526														
93035	MIM607843														
9304	MIM603223														
9306	MIM605118														
9308	MIM604534														
931	MIM112210	MIM613495													
9310	MIM604749														
93100	MIM611552														
93107	MIM607603														
9311	MIM611741														
9312	MIM607738														
93129	MIM610930														
9313	MIM604629	MIM612529													
9314	MIM602253														
9315	MIM607332														
9317	MIM604446														
9318	MIM604508														
93183	MIM610273	MIM610293													
93185	MIM606644														
9319	MIM604507														
932	MIM606498														
9320	MIM604506														
9321	MIM200600	MIM604505													
93210	MIM611801														
9322	MIM604504														
9324	MIM604502														
9325	MIM604501														
9326	MIM604500														
93273	MIM610480														
9328	MIM604890														
9329	MIM604892														
933	MIM107266														
9330	MIM604888														
9331	MIM604017														
9332	MIM605545														
93323	MIM613434														
9333	MIM603805	MIM609796													
9334	MIM604016														
9337	MIM603731														
9338	MIM300237														
9340	MIM603659														
9341	MIM603657														
9342	MIM604202	MIM609528													
93426	MIM611486														
9343	MIM603892	MIM610536													
9344	MIM613199														
9348	MIM603950														
9349	MIM603662														
93492	MIM606791														
9350	MIM603777														
9351	MIM606553														
9352	MIM603049														
9353	MIM603746														
9354	MIM603753														
9355	MIM603759														
9356	MIM607582														
9358	MIM604234														
93589	MIM608171	MIM610478													
9360	MIM606093														
9361	MIM605490														
93611	MIM609111														
9362	MIM605688														
93624	MIM608790														
9363	MIM300333														
9364	MIM612994														
93643	MIM612658														
93649	MIM606127														
9365	MIM604824														
93650	MIM606362														
93659	MIM608825														
93661	MIM608722														
93663	MIM613351														
93664	MIM609978														
9367	MIM300284														
9368	MIM604990	MIM612287													
9369	MIM600567														
9370	MIM605441	MIM612556													
9371	MIM603754														
9372	MIM603755														
9373	MIM603873														
9374	MIM603298														
9375	MIM604678														
9376	MIM607581														
9377	MIM603773														
9378	MIM600565	MIM614325	MIM614332												
9379	MIM600566														
9380	MIM260000	MIM604296													
9381	MIM601071	MIM603681													
9382	MIM606973	MIM611209													
9383	MIM300181														
9388	MIM603684														
9389	MIM604048														
939	MIM186711														
9390	MIM604047														
9391	MIM604333														
9392	MIM606237														
9394	MIM604846	MIM614880													
93953	MIM300369														
93956	MIM606049														
9397	MIM603801														
93978	MIM613579														
93979	MIM609561														
9398	MIM604516														
93983	MIM607671														
93985	MIM300406														
93986	MIM602081	MIM605317													
9399	MIM608326														
93991	MIM300454														
93999	MIM605727														
94	MIM187300	MIM600376	MIM601284												
940	MIM186760														
9400	MIM603781														
94003	MIM606263														
94005	MIM610271														
94008	MIM607458														
94009	MIM607979														
9401	MIM218600	MIM266280	MIM268400	MIM603780											
94014	MIM609649														
94015	MIM608855														
94017	MIM606171														
9402	MIM604518														
94025	MIM606154														
94027	MIM608826														
9403	MIM606254														
94031	MIM608785														
94032	MIM608721														
94033	MIM608847														
94039	MIM603983														
9404	MIM605390														
9406	MIM604347														
9407	MIM605369														
94086	MIM608344														
9409	MIM601539	MIM603360	MIM614876	MIM614877											
941	MIM112203														
9410	MIM607797														
94101	MIM610073														
94103	MIM610075														
9411	MIM610496														
94115	MIM608827														
9412	MIM603800														
94121	MIM300723														
9413	MIM607710														
94134	MIM610577														
94137	MIM608581	MIM613587													
9414	MIM607709	MIM607748													
94142	MIM608224														
9415	MIM606149														
9416	MIM612172														
94160	MIM607041														
9419	MIM604594														
942	MIM601020														
9420	MIM270800	MIM603711	MIM613812												
9421	MIM602406														
9422	MIM604668														
9423	MIM601614														
94233	MIM606665														
94234	MIM612788														
9424	MIM603939														
94240	MIM607441														
94241	MIM606185														
9425	MIM603778														
9426	MIM400018	MIM415000													
9427	MIM605896														
94274	MIM608153														
9429	MIM138900	MIM603756	MIM614490												
943	MIM153243														
94313	MIM606053														
94337	MIM606082														
9435	MIM603798														
9436	MIM604531														
9437	MIM604530														
9439	MIM605042	MIM614249													
944	MIM603875														
9440	MIM603810	MIM613668													
9441	MIM605043														
9442	MIM605044														
9443	MIM605045														
9444	MIM609590														
9445	MIM117300	MIM176500	MIM603904												
9446	MIM605482														
9447	MIM604578														
9448	MIM604666														
945	MIM159590														
9450	MIM605241														
9451	MIM226980	MIM604032													
9452	MIM300222														
9453	MIM606982														
9454	MIM604800														
9455	MIM604799														
9456	MIM604798														
9457	MIM605126														
9459	MIM300267	MIM300436													
946	MIM604405														
9462	MIM606136														
9463	MIM605926														
9464	MIM602407														
9465	MIM604693														
9466	MIM605350														
9467	MIM605612														
9468	MIM604926														
9469	MIM245600	MIM603799													
947	MIM142230														
9470	MIM605895														
9472	MIM604691														
9474	MIM604261														
9475	MIM604002														
9476	MIM605631														
9477	MIM612915														
9478	MIM605563														
9479	MIM125853	MIM604641													
948	MIM173510	MIM608404	MIM610938	MIM611162											
9480	MIM604894														
9481	MIM613725														
9482	MIM604203														
9486	MIM606376														
9487	MIM280000	MIM605947													
9488	MIM604122														
949	MIM601040	MIM610762													
9493	MIM605064														
9495	MIM604688														
9496	MIM147891	MIM601719													
9497	MIM603353														
9498	MIM605024														
9499	MIM159000	MIM182920	MIM604103	MIM609200											
95	MIM104620	MIM609924													
950	MIM254900	MIM602257													
9500	MIM300224														
9501	MIM604881														
9502	MIM300416														
9503	MIM300289														
9506	MIM300287														
9507	MIM603876														
9508	MIM605011														
9509	MIM225410	MIM604539													
951	MIM151523														
9510	MIM605174														
9512	MIM603131														
9513	MIM605339														
9514	MIM602300														
9515	MIM609381														
9516	MIM601098	MIM603795													
9517	MIM605713	MIM613640													
9518	MIM605312														
9519	MIM605521														
952	MIM107270														
9520	MIM606793														
9521	MIM609206														
9522	MIM606911														
9524	MIM610057	MIM614020													
9525	MIM609983														
9526	MIM604041	MIM609180													
9527	MIM604026														
9529	MIM603885														
953	MIM601752														
9530	MIM603884														
9531	MIM212110	MIM603883	MIM612954	MIM613881											
9532	MIM603882														
9533	MIM248390	MIM610060													
9534	MIM604768														
9535	MIM604104														
9536	MIM605172														
9538	MIM605170														
954	MIM602012														
9540	MIM605171														
9541	MIM605228														
9542	MIM603818														
9543	MIM604184														
9545	MIM604350														
9546	MIM604262														
9547	MIM604186														
955	MIM603160														
9550	MIM607296														
9552	MIM610056														
9553	MIM610059														
9554	MIM604029														
9555	MIM610054														
9556	MIM604573														
9557	MIM613039														
9559	MIM605506														
956	MIM603161														
9560	MIM603782														
9562	MIM188470	MIM605391													
9563	MIM138090	MIM604931													
9564	MIM602941														
9566	MIM300147														
9567	MIM602245														
9568	MIM188890	MIM607340													
95681	MIM213300	MIM610523	MIM614464												
9569	MIM604318														
957	MIM603162														
9570	MIM604027	MIM614018													
9572	MIM602408														
9573	MIM606522	MIM613702	MIM613703	MIM613704											
9575	MIM601851														
9576	MIM605730														
9577	MIM610497														
9578	MIM614062														
958	MIM109535	MIM606843													
9580	MIM604748														
9581	MIM609557														
9582	MIM607110														
9583	MIM607577														
9584	MIM604739														
9585	MIM605498														
9588	MIM602316														
9589	MIM605442														
959	MIM300386	MIM308230													
9590	MIM604698														
9595	MIM604448														
960	MIM107269	MIM609027													
9600	MIM608794														
9603	MIM604135														
9604	MIM605675														
9607	MIM601665	MIM602606													
9609	MIM605662														
961	MIM601028														
9610	MIM605965														
9611	MIM600849														
9612	MIM600848														
9615	MIM139260														
9616	MIM603863														
9617	MIM604601														
9618	MIM602464														
9619	MIM603076														
962	MIM109530														
9620	MIM604523														
9622	MIM204700	MIM603767													
9623	MIM603769														
9625	MIM605276														
9626	MIM605128														
9627	MIM168600	MIM603779													
9628	MIM603894														
9629	MIM604337														
963	MIM151525														
9630	MIM604397														
9631	MIM606694														
9632	MIM607185														
9633	MIM604374														
9635	MIM604003														
9636	MIM147571														
9637	MIM604826														
9638	MIM604825														
9639	MIM608136	MIM608236													
9640	MIM606937	MIM613624													
9641	MIM605048														
9643	MIM300409														
9645	MIM608881														
96459	MIM610594														
9646	MIM609366														
9648	MIM612711														
9649	MIM614444														
965	MIM153420														
9651	MIM612836														
9652	MIM222470	MIM614589													
9653	MIM604844														
9655	MIM607094														
9656	MIM607593														
9657	MIM609237	MIM609254													
9659	MIM608117														
966	MIM107271	MIM612300													
9662	MIM611423	MIM614673													
9663	MIM605519	MIM609628													
9665	MIM614593														
9666	MIM608672														
9667	MIM608066														
9669	MIM606086														
967	MIM155740														
9670	MIM610411														
9672	MIM186357	MIM601665													
9673	MIM610824														
9675	MIM614425														
96764	MIM606461														
9677	MIM610979														
968	MIM153634														
9681	MIM614191														
9682	MIM609764														
9685	MIM607265														
9687	MIM611736														
9688	MIM614351														
969	MIM107273														
9690	MIM614454														
9692	MIM609947														
9693	MIM609530														
9694	MIM607722														
9695	MIM607673														
9697	MIM608485														
9698	MIM607204														
9699	MIM606630														
97	MIM600875														
970	MIM602840														
9700	MIM604143														
9701	MIM610877														
9702	MIM607951	MIM614114													
9703	MIM610664														
9706	MIM608650														
9708	MIM606295														
9709	MIM608070														
971	MIM107272														
9711	MIM613516														
9712	MIM605405														
9716	MIM610548														
9718	MIM610145														
9719	MIM231050	MIM612277													
972	MIM142790														
9721	MIM611240														
9722	MIM605551														
9723	MIM214800	MIM608166													
9724	MIM608969														
9727	MIM608738														
973	MIM112205	MIM613501													
9732	MIM607679														
9733	MIM175900	MIM611684													
9734	MIM606543														
9735	MIM607363														
9737	MIM300417														
9738	MIM609544														
9739	MIM611052														
974	MIM147245	MIM612692													
9742	MIM266920	MIM614620													
9743	MIM608541														
9744	MIM607763														
9746	MIM611324														
9749	MIM608724														
975	MIM186845	MIM613496													
9750	MIM611410														
9751	MIM604942														
9752	MIM606315														
9753	MIM603978														
9754	MIM300689														
9755	MIM608476														
9757	MIM606834														
9758	MIM300838														
9759	MIM600430	MIM605314													
976	MIM601211														
9760	MIM606863														
9761	MIM613802														
9762	MIM610484														
9764	MIM611675														
9765	MIM608880														
9767	MIM300618														
9768	MIM610696														
977	MIM179620	MIM602243	MIM609057												
9770	MIM609492														
9771	MIM609527														
9774	MIM612588														
9775	MIM608546														
978	MIM123920														
9780	MIM611184														
9782	MIM164015	MIM606070													
9783	MIM611600														
9784	MIM605963														
9785	MIM605584														
9786	MIM610178														
9788	MIM608486														
9790	MIM611448														
9791	MIM612792														
9793	MIM611142														
9794	MIM605424														
9796	MIM608511														
98	MIM102595														
9801	MIM611832														
9802	MIM607431														
9804	MIM601848														
9806	MIM607988														
9807	MIM606991														
981	MIM105600														
9810	MIM607700														
9811	MIM613178														
9814	MIM612765														
9815	MIM608564														
9817	MIM606016														
9818	MIM607615														
982	MIM602082														
9820	MIM273750	MIM609577													
9821	MIM114480	MIM606837													
9823	MIM300363														
9824	MIM610589														
9825	MIM607662														
9826	MIM605708														
9829	MIM608375														
983	MIM116940														
9830	MIM606556														
9832	MIM611197														
9833	MIM607025														
9836	MIM611246														
9837	MIM610608														
9839	MIM235730	MIM605802													
984	MIM176873														
9841	MIM614064	MIM614069													
9842	MIM611466	MIM611497													
9843	MIM300167														
9844	MIM606420														
9846	MIM606203														
9852	MIM607911														
9853	MIM611053														
9856	MIM600202	MIM609269													
9858	MIM614056														
9859	MIM613023														
9860	MIM608869														
9862	MIM607000														
9863	MIM606382	MIM612164	MIM613477												
9865	MIM613356														
9866	MIM612000														
9868	MIM606081														
9869	MIM604396														
987	MIM606453	MIM614700													
9871	MIM607186														
9874	MIM608438														
9875	MIM608865														
9877	MIM613513														
9878	MIM614032														
988	MIM602868														
9882	MIM612465														
9885	MIM606731														
9886	MIM607351														
9887	MIM610964														
9889	MIM612552														
989	MIM603151														
9890	MIM607813														
9891	MIM608130														
9892	MIM607923														
9894	MIM611140														
9896	MIM609390	MIM611228	MIM612577												
9897	MIM603563	MIM610657													
9899	MIM185861														
990	MIM602627	MIM613805													
9900	MIM185860														
9901	MIM606525														
9902	MIM612264														
9905	MIM611418														
9907	MIM613647	MIM613653													
991	MIM603618														
9910	MIM609238														
9913	MIM612762														
9914	MIM613082														
9915	MIM606036														
9917	MIM611063														
9919	MIM612854														
9922	MIM610166														
9923	MIM612106														
9926	MIM610473														
9927	MIM601152	MIM608507	MIM609260												
9928	MIM611279														
993	MIM116947														
9931	MIM606699														
9933	MIM609960														
9934	MIM610116														
9935	MIM166300	MIM608968													
9936	MIM612246														
9937	MIM609682														
9938	MIM610587														
9939	MIM274000	MIM605313													
994	MIM116949														
9940	MIM133239	MIM211980	MIM604050												
9941	MIM604051														
9942	MIM604049														
9943	MIM604046														
9945	MIM603865														
9946	MIM603920														
9947	MIM300223														
9948	MIM604734														
9949	MIM300195														
995	MIM157680														
9950	MIM188550	MIM606918													
9951	MIM604059														
9953	MIM604058														
9955	MIM604057														
9956	MIM604056														
9957	MIM603244														
9958	MIM604731														
9959	MIM603091														
996	MIM116946														
9960	MIM604728														
9961	MIM605088														
9962	MIM603791														
9963	MIM603790														
9965	MIM603891														
9966	MIM604052														
9967	MIM603809														
9968	MIM300188	MIM305450	MIM309520												
9969	MIM603808														
997	MIM116948														
9970	MIM603881														
9971	MIM603826														
9972	MIM603948														
9973	MIM603864														
9975	MIM602304														
9976	MIM603242														
9978	MIM603814														
998	MIM116952														
9980	MIM604803														
9982	MIM607737														
9984	MIM606930														
9985	MIM608193														
9986	MIM605385														
9987	MIM607137														
9988	MIM608491														
9989	MIM604908														
999	MIM114480	MIM137215	MIM167000	MIM176807	MIM192090	MIM608089									
9990	MIM218000	MIM604878													
9991	MIM607527														
9992	MIM603796	MIM611493	MIM613693												
9993	MIM192430	MIM600594													
9994	MIM606880														
9997	MIM604272	MIM604377													
